roi_policy,perturbation_type,perturbation_level,jaccard,delta_abs_error_um,dataset,fov_id,delta_mae_um
center_top1,blur,0.8,1.0,0.8119746446609497,bma,/home/dineth/focus_measure/datasets/New folder/bma pbf tfa/bma_imgs/pos002_2/pos002_2_page_8.png,0.8119746446609497
center_top1,blur,1.2,1.0,1.0884565114974976,bma,/home/dineth/focus_measure/datasets/New folder/bma pbf tfa/bma_imgs/pos002_2/pos002_2_page_8.png,1.0884565114974976
center_top1,noise,0.01,1.0,0.17470026016235352,bma,/home/dineth/focus_measure/datasets/New folder/bma pbf tfa/bma_imgs/pos002_2/pos002_2_page_8.png,0.17470026016235352
center_top1,noise,0.02,1.0,0.12534546852111816,bma,/home/dineth/focus_measure/datasets/New folder/bma pbf tfa/bma_imgs/pos002_2/pos002_2_page_8.png,0.12534546852111816
center_top1,brightness,0.05,1.0,0.23710060119628906,bma,/home/dineth/focus_measure/datasets/New folder/bma pbf tfa/bma_imgs/pos002_2/pos002_2_page_8.png,0.23710060119628906
center_top1,brightness,-0.05,1.0,0.251284122467041,bma,/home/dineth/focus_measure/datasets/New folder/bma pbf tfa/bma_imgs/pos002_2/pos002_2_page_8.png,0.251284122467041
center_top1,contrast,0.9,1.0,0.25140905380249023,bma,/home/dineth/focus_measure/datasets/New folder/bma pbf tfa/bma_imgs/pos002_2/pos002_2_page_8.png,0.25140905380249023
center_top1,contrast,1.1,1.0,0.24434757232666016,bma,/home/dineth/focus_measure/datasets/New folder/bma pbf tfa/bma_imgs/pos002_2/pos002_2_page_8.png,0.24434757232666016
random_k@k=1,blur,0.8,1.0,0.35263609886169434,bma,/home/dineth/focus_measure/datasets/New folder/bma pbf tfa/bma_imgs/pos002_2/pos002_2_page_8.png,0.35263609886169434
random_k@k=1,blur,1.2,1.0,3.560296058654785,bma,/home/dineth/focus_measure/datasets/New folder/bma pbf tfa/bma_imgs/pos002_2/pos002_2_page_8.png,3.560296058654785
random_k@k=1,noise,0.01,1.0,-0.26057207584381104,bma,/home/dineth/focus_measure/datasets/New folder/bma pbf tfa/bma_imgs/pos002_2/pos002_2_page_8.png,-0.26057207584381104
random_k@k=1,noise,0.02,1.0,-0.6970213651657104,bma,/home/dineth/focus_measure/datasets/New folder/bma pbf tfa/bma_imgs/pos002_2/pos002_2_page_8.png,-0.6970213651657104
random_k@k=1,brightness,0.05,1.0,0.1065375804901123,bma,/home/dineth/focus_measure/datasets/New folder/bma pbf tfa/bma_imgs/pos002_2/pos002_2_page_8.png,0.1065375804901123
random_k@k=1,brightness,-0.05,1.0,0.10681354999542236,bma,/home/dineth/focus_measure/datasets/New folder/bma pbf tfa/bma_imgs/pos002_2/pos002_2_page_8.png,0.10681354999542236
random_k@k=1,contrast,0.9,1.0,0.10667729377746582,bma,/home/dineth/focus_measure/datasets/New folder/bma pbf tfa/bma_imgs/pos002_2/pos002_2_page_8.png,0.10667729377746582
random_k@k=1,contrast,1.1,1.0,0.10659801959991455,bma,/home/dineth/focus_measure/datasets/New folder/bma pbf tfa/bma_imgs/pos002_2/pos002_2_page_8.png,0.10659801959991455
random_k@k=3,blur,0.8,1.0,0.6830031871795654,bma,/home/dineth/focus_measure/datasets/New folder/bma pbf tfa/bma_imgs/pos002_2/pos002_2_page_8.png,0.6830031871795654
random_k@k=3,blur,1.2,1.0,3.7395901679992676,bma,/home/dineth/focus_measure/datasets/New folder/bma pbf tfa/bma_imgs/pos002_2/pos002_2_page_8.png,3.7395901679992676
random_k@k=3,noise,0.01,1.0,-0.45684289932250977,bma,/home/dineth/focus_measure/datasets/New folder/bma pbf tfa/bma_imgs/pos002_2/pos002_2_page_8.png,-0.45684289932250977
random_k@k=3,noise,0.02,1.0,0.4684135913848877,bma,/home/dineth/focus_measure/datasets/New folder/bma pbf tfa/bma_imgs/pos002_2/pos002_2_page_8.png,0.4684135913848877
random_k@k=3,brightness,0.05,1.0,0.05356788635253906,bma,/home/dineth/focus_measure/datasets/New folder/bma pbf tfa/bma_imgs/pos002_2/pos002_2_page_8.png,0.05356788635253906
random_k@k=3,brightness,-0.05,1.0,0.05358266830444336,bma,/home/dineth/focus_measure/datasets/New folder/bma pbf tfa/bma_imgs/pos002_2/pos002_2_page_8.png,0.05358266830444336
random_k@k=3,contrast,0.9,1.0,0.05338788032531738,bma,/home/dineth/focus_measure/datasets/New folder/bma pbf tfa/bma_imgs/pos002_2/pos002_2_page_8.png,0.05338788032531738
random_k@k=3,contrast,1.1,1.0,0.05349111557006836,bma,/home/dineth/focus_measure/datasets/New folder/bma pbf tfa/bma_imgs/pos002_2/pos002_2_page_8.png,0.05349111557006836
random_k@k=5,blur,0.8,1.0,1.080477237701416,bma,/home/dineth/focus_measure/datasets/New folder/bma pbf tfa/bma_imgs/pos002_2/pos002_2_page_8.png,1.080477237701416
random_k@k=5,blur,1.2,1.0,0.950084924697876,bma,/home/dineth/focus_measure/datasets/New folder/bma pbf tfa/bma_imgs/pos002_2/pos002_2_page_8.png,0.950084924697876
random_k@k=5,noise,0.01,1.0,0.11444497108459473,bma,/home/dineth/focus_measure/datasets/New folder/bma pbf tfa/bma_imgs/pos002_2/pos002_2_page_8.png,0.11444497108459473
random_k@k=5,noise,0.02,1.0,-0.3584747314453125,bma,/home/dineth/focus_measure/datasets/New folder/bma pbf tfa/bma_imgs/pos002_2/pos002_2_page_8.png,-0.3584747314453125
random_k@k=5,brightness,0.05,1.0,0.45113515853881836,bma,/home/dineth/focus_measure/datasets/New folder/bma pbf tfa/bma_imgs/pos002_2/pos002_2_page_8.png,0.45113515853881836
random_k@k=5,brightness,-0.05,1.0,0.4510209560394287,bma,/home/dineth/focus_measure/datasets/New folder/bma pbf tfa/bma_imgs/pos002_2/pos002_2_page_8.png,0.4510209560394287
random_k@k=5,contrast,0.9,1.0,0.4511604309082031,bma,/home/dineth/focus_measure/datasets/New folder/bma pbf tfa/bma_imgs/pos002_2/pos002_2_page_8.png,0.4511604309082031
random_k@k=5,contrast,1.1,1.0,0.4509906768798828,bma,/home/dineth/focus_measure/datasets/New folder/bma pbf tfa/bma_imgs/pos002_2/pos002_2_page_8.png,0.4509906768798828
random_k@k=7,blur,0.8,1.0,1.0878746509552002,bma,/home/dineth/focus_measure/datasets/New folder/bma pbf tfa/bma_imgs/pos002_2/pos002_2_page_8.png,1.0878746509552002
random_k@k=7,blur,1.2,1.0,4.092058420181274,bma,/home/dineth/focus_measure/datasets/New folder/bma pbf tfa/bma_imgs/pos002_2/pos002_2_page_8.png,4.092058420181274
random_k@k=7,noise,0.01,1.0,0.14440560340881348,bma,/home/dineth/focus_measure/datasets/New folder/bma pbf tfa/bma_imgs/pos002_2/pos002_2_page_8.png,0.14440560340881348
random_k@k=7,noise,0.02,1.0,-0.32851409912109375,bma,/home/dineth/focus_measure/datasets/New folder/bma pbf tfa/bma_imgs/pos002_2/pos002_2_page_8.png,-0.32851409912109375
random_k@k=7,brightness,0.05,1.0,0.4810957908630371,bma,/home/dineth/focus_measure/datasets/New folder/bma pbf tfa/bma_imgs/pos002_2/pos002_2_page_8.png,0.4810957908630371
random_k@k=7,brightness,-0.05,1.0,0.48098158836364746,bma,/home/dineth/focus_measure/datasets/New folder/bma pbf tfa/bma_imgs/pos002_2/pos002_2_page_8.png,0.48098158836364746
random_k@k=7,contrast,0.9,1.0,0.4811210632324219,bma,/home/dineth/focus_measure/datasets/New folder/bma pbf tfa/bma_imgs/pos002_2/pos002_2_page_8.png,0.4811210632324219
random_k@k=7,contrast,1.1,1.0,0.48095130920410156,bma,/home/dineth/focus_measure/datasets/New folder/bma pbf tfa/bma_imgs/pos002_2/pos002_2_page_8.png,0.48095130920410156
focus_only_topk@k=1,blur,0.8,1.0,4.09207546710968,bma,/home/dineth/focus_measure/datasets/New folder/bma pbf tfa/bma_imgs/pos002_2/pos002_2_page_8.png,4.09207546710968
focus_only_topk@k=1,blur,1.2,1.0,0.5323301553726196,bma,/home/dineth/focus_measure/datasets/New folder/bma pbf tfa/bma_imgs/pos002_2/pos002_2_page_8.png,0.5323301553726196
focus_only_topk@k=1,noise,0.01,0.0,-0.28595900535583496,bma,/home/dineth/focus_measure/datasets/New folder/bma pbf tfa/bma_imgs/pos002_2/pos002_2_page_8.png,-0.28595900535583496
focus_only_topk@k=1,noise,0.02,0.0,0.4021139144897461,bma,/home/dineth/focus_measure/datasets/New folder/bma pbf tfa/bma_imgs/pos002_2/pos002_2_page_8.png,0.4021139144897461
focus_only_topk@k=1,brightness,0.05,1.0,0.23027396202087402,bma,/home/dineth/focus_measure/datasets/New folder/bma pbf tfa/bma_imgs/pos002_2/pos002_2_page_8.png,0.23027396202087402
focus_only_topk@k=1,brightness,-0.05,1.0,0.23035168647766113,bma,/home/dineth/focus_measure/datasets/New folder/bma pbf tfa/bma_imgs/pos002_2/pos002_2_page_8.png,0.23035168647766113
focus_only_topk@k=1,contrast,0.9,1.0,0.2304079532623291,bma,/home/dineth/focus_measure/datasets/New folder/bma pbf tfa/bma_imgs/pos002_2/pos002_2_page_8.png,0.2304079532623291
focus_only_topk@k=1,contrast,1.1,1.0,0.23029327392578125,bma,/home/dineth/focus_measure/datasets/New folder/bma pbf tfa/bma_imgs/pos002_2/pos002_2_page_8.png,0.23029327392578125
focus_only_topk@k=3,blur,0.8,0.5,3.566832423210144,bma,/home/dineth/focus_measure/datasets/New folder/bma pbf tfa/bma_imgs/pos002_2/pos002_2_page_8.png,3.566832423210144
focus_only_topk@k=3,blur,1.2,0.5,0.8436110019683838,bma,/home/dineth/focus_measure/datasets/New folder/bma pbf tfa/bma_imgs/pos002_2/pos002_2_page_8.png,0.8436110019683838
focus_only_topk@k=3,noise,0.01,1.0,-0.19907069206237793,bma,/home/dineth/focus_measure/datasets/New folder/bma pbf tfa/bma_imgs/pos002_2/pos002_2_page_8.png,-0.19907069206237793
focus_only_topk@k=3,noise,0.02,1.0,-0.6716299057006836,bma,/home/dineth/focus_measure/datasets/New folder/bma pbf tfa/bma_imgs/pos002_2/pos002_2_page_8.png,-0.6716299057006836
focus_only_topk@k=3,brightness,0.05,0.5,0.6775113344192505,bma,/home/dineth/focus_measure/datasets/New folder/bma pbf tfa/bma_imgs/pos002_2/pos002_2_page_8.png,0.6775113344192505
focus_only_topk@k=3,brightness,-0.05,1.0,0.18885517120361328,bma,/home/dineth/focus_measure/datasets/New folder/bma pbf tfa/bma_imgs/pos002_2/pos002_2_page_8.png,0.18885517120361328
focus_only_topk@k=3,contrast,0.9,0.5,0.6773390769958496,bma,/home/dineth/focus_measure/datasets/New folder/bma pbf tfa/bma_imgs/pos002_2/pos002_2_page_8.png,0.6773390769958496
focus_only_topk@k=3,contrast,1.1,1.0,0.18871426582336426,bma,/home/dineth/focus_measure/datasets/New folder/bma pbf tfa/bma_imgs/pos002_2/pos002_2_page_8.png,0.18871426582336426
focus_only_topk@k=5,blur,0.8,0.6666666666666666,3.9348723888397217,bma,/home/dineth/focus_measure/datasets/New folder/bma pbf tfa/bma_imgs/pos002_2/pos002_2_page_8.png,3.9348723888397217
focus_only_topk@k=5,blur,1.2,0.6666666666666666,0.8434807062149048,bma,/home/dineth/focus_measure/datasets/New folder/bma pbf tfa/bma_imgs/pos002_2/pos002_2_page_8.png,0.8434807062149048
focus_only_topk@k=5,noise,0.01,1.0,-0.19847965240478516,bma,/home/dineth/focus_measure/datasets/New folder/bma pbf tfa/bma_imgs/pos002_2/pos002_2_page_8.png,-0.19847965240478516
focus_only_topk@k=5,noise,0.02,0.6666666666666666,-0.6713993549346924,bma,/home/dineth/focus_measure/datasets/New folder/bma pbf tfa/bma_imgs/pos002_2/pos002_2_page_8.png,-0.6713993549346924
focus_only_topk@k=5,brightness,0.05,0.6666666666666666,0.18186688423156738,bma,/home/dineth/focus_measure/datasets/New folder/bma pbf tfa/bma_imgs/pos002_2/pos002_2_page_8.png,0.18186688423156738
focus_only_topk@k=5,brightness,-0.05,1.0,0.18935370445251465,bma,/home/dineth/focus_measure/datasets/New folder/bma pbf tfa/bma_imgs/pos002_2/pos002_2_page_8.png,0.18935370445251465
focus_only_topk@k=5,contrast,0.9,0.6666666666666666,0.18177318572998047,bma,/home/dineth/focus_measure/datasets/New folder/bma pbf tfa/bma_imgs/pos002_2/pos002_2_page_8.png,0.18177318572998047
focus_only_topk@k=5,contrast,1.1,1.0,0.1891477108001709,bma,/home/dineth/focus_measure/datasets/New folder/bma pbf tfa/bma_imgs/pos002_2/pos002_2_page_8.png,0.1891477108001709
focus_only_topk@k=7,blur,0.8,0.5555555555555556,0.37861740589141846,bma,/home/dineth/focus_measure/datasets/New folder/bma pbf tfa/bma_imgs/pos002_2/pos002_2_page_8.png,0.37861740589141846
focus_only_topk@k=7,blur,1.2,0.5555555555555556,0.47452449798583984,bma,/home/dineth/focus_measure/datasets/New folder/bma pbf tfa/bma_imgs/pos002_2/pos002_2_page_8.png,0.47452449798583984
focus_only_topk@k=7,noise,0.01,1.0,-0.08973193168640137,bma,/home/dineth/focus_measure/datasets/New folder/bma pbf tfa/bma_imgs/pos002_2/pos002_2_page_8.png,-0.08973193168640137
focus_only_topk@k=7,noise,0.02,0.5555555555555556,-0.18810391426086426,bma,/home/dineth/focus_measure/datasets/New folder/bma pbf tfa/bma_imgs/pos002_2/pos002_2_page_8.png,-0.18810391426086426
focus_only_topk@k=7,brightness,0.05,0.75,0.6004350185394287,bma,/home/dineth/focus_measure/datasets/New folder/bma pbf tfa/bma_imgs/pos002_2/pos002_2_page_8.png,0.6004350185394287
focus_only_topk@k=7,brightness,-0.05,1.0,0.18935370445251465,bma,/home/dineth/focus_measure/datasets/New folder/bma pbf tfa/bma_imgs/pos002_2/pos002_2_page_8.png,0.18935370445251465
focus_only_topk@k=7,contrast,0.9,0.75,0.6005812883377075,bma,/home/dineth/focus_measure/datasets/New folder/bma pbf tfa/bma_imgs/pos002_2/pos002_2_page_8.png,0.6005812883377075
focus_only_topk@k=7,contrast,1.1,1.0,0.1891477108001709,bma,/home/dineth/focus_measure/datasets/New folder/bma pbf tfa/bma_imgs/pos002_2/pos002_2_page_8.png,0.1891477108001709
occupancy_only_topk@k=1,blur,0.8,1.0,0.8168795108795166,bma,/home/dineth/focus_measure/datasets/New folder/bma pbf tfa/bma_imgs/pos002_2/pos002_2_page_8.png,0.8168795108795166
occupancy_only_topk@k=1,blur,1.2,1.0,,bma,/home/dineth/focus_measure/datasets/New folder/bma pbf tfa/bma_imgs/pos002_2/pos002_2_page_8.png,
occupancy_only_topk@k=1,noise,0.01,1.0,-0.057045936584472656,bma,/home/dineth/focus_measure/datasets/New folder/bma pbf tfa/bma_imgs/pos002_2/pos002_2_page_8.png,-0.057045936584472656
occupancy_only_topk@k=1,noise,0.02,1.0,0.7640104293823242,bma,/home/dineth/focus_measure/datasets/New folder/bma pbf tfa/bma_imgs/pos002_2/pos002_2_page_8.png,0.7640104293823242
occupancy_only_topk@k=1,brightness,0.05,1.0,0.3237953186035156,bma,/home/dineth/focus_measure/datasets/New folder/bma pbf tfa/bma_imgs/pos002_2/pos002_2_page_8.png,0.3237953186035156
occupancy_only_topk@k=1,brightness,-0.05,1.0,0.3236234188079834,bma,/home/dineth/focus_measure/datasets/New folder/bma pbf tfa/bma_imgs/pos002_2/pos002_2_page_8.png,0.3236234188079834
occupancy_only_topk@k=1,contrast,0.9,1.0,0.32364213466644287,bma,/home/dineth/focus_measure/datasets/New folder/bma pbf tfa/bma_imgs/pos002_2/pos002_2_page_8.png,0.32364213466644287
occupancy_only_topk@k=1,contrast,1.1,1.0,0.323469877243042,bma,/home/dineth/focus_measure/datasets/New folder/bma pbf tfa/bma_imgs/pos002_2/pos002_2_page_8.png,0.323469877243042
occupancy_only_topk@k=3,blur,0.8,1.0,0.7528400421142578,bma,/home/dineth/focus_measure/datasets/New folder/bma pbf tfa/bma_imgs/pos002_2/pos002_2_page_8.png,0.7528400421142578
occupancy_only_topk@k=3,blur,1.2,1.0,4.297340512275696,bma,/home/dineth/focus_measure/datasets/New folder/bma pbf tfa/bma_imgs/pos002_2/pos002_2_page_8.png,4.297340512275696
occupancy_only_topk@k=3,noise,0.01,1.0,0.13510942459106445,bma,/home/dineth/focus_measure/datasets/New folder/bma pbf tfa/bma_imgs/pos002_2/pos002_2_page_8.png,0.13510942459106445
occupancy_only_topk@k=3,noise,0.02,1.0,0.9087398052215576,bma,/home/dineth/focus_measure/datasets/New folder/bma pbf tfa/bma_imgs/pos002_2/pos002_2_page_8.png,0.9087398052215576
occupancy_only_topk@k=3,brightness,0.05,1.0,0.3672068119049072,bma,/home/dineth/focus_measure/datasets/New folder/bma pbf tfa/bma_imgs/pos002_2/pos002_2_page_8.png,0.3672068119049072
occupancy_only_topk@k=3,brightness,-0.05,0.5,0.3674280643463135,bma,/home/dineth/focus_measure/datasets/New folder/bma pbf tfa/bma_imgs/pos002_2/pos002_2_page_8.png,0.3674280643463135
occupancy_only_topk@k=3,contrast,0.9,1.0,0.36725831031799316,bma,/home/dineth/focus_measure/datasets/New folder/bma pbf tfa/bma_imgs/pos002_2/pos002_2_page_8.png,0.36725831031799316
occupancy_only_topk@k=3,contrast,1.1,1.0,0.3674647808074951,bma,/home/dineth/focus_measure/datasets/New folder/bma pbf tfa/bma_imgs/pos002_2/pos002_2_page_8.png,0.3674647808074951
occupancy_only_topk@k=5,blur,0.8,1.0,0.4084799289703369,bma,/home/dineth/focus_measure/datasets/New folder/bma pbf tfa/bma_imgs/pos002_2/pos002_2_page_8.png,0.4084799289703369
occupancy_only_topk@k=5,blur,1.2,1.0,4.305809259414673,bma,/home/dineth/focus_measure/datasets/New folder/bma pbf tfa/bma_imgs/pos002_2/pos002_2_page_8.png,4.305809259414673
occupancy_only_topk@k=5,noise,0.01,1.0,0.07569694519042969,bma,/home/dineth/focus_measure/datasets/New folder/bma pbf tfa/bma_imgs/pos002_2/pos002_2_page_8.png,0.07569694519042969
occupancy_only_topk@k=5,noise,0.02,1.0,0.7607316970825195,bma,/home/dineth/focus_measure/datasets/New folder/bma pbf tfa/bma_imgs/pos002_2/pos002_2_page_8.png,0.7607316970825195
occupancy_only_topk@k=5,brightness,0.05,0.42857142857142855,0.37598443031311035,bma,/home/dineth/focus_measure/datasets/New folder/bma pbf tfa/bma_imgs/pos002_2/pos002_2_page_8.png,0.37598443031311035
occupancy_only_topk@k=5,brightness,-0.05,0.42857142857142855,0.375957727432251,bma,/home/dineth/focus_measure/datasets/New folder/bma pbf tfa/bma_imgs/pos002_2/pos002_2_page_8.png,0.375957727432251
occupancy_only_topk@k=5,contrast,0.9,0.6666666666666666,0.06759381294250488,bma,/home/dineth/focus_measure/datasets/New folder/bma pbf tfa/bma_imgs/pos002_2/pos002_2_page_8.png,0.06759381294250488
occupancy_only_topk@k=5,contrast,1.1,0.6666666666666666,0.02936697006225586,bma,/home/dineth/focus_measure/datasets/New folder/bma pbf tfa/bma_imgs/pos002_2/pos002_2_page_8.png,0.02936697006225586
occupancy_only_topk@k=7,blur,0.8,1.0,0.4960818290710449,bma,/home/dineth/focus_measure/datasets/New folder/bma pbf tfa/bma_imgs/pos002_2/pos002_2_page_8.png,0.4960818290710449
occupancy_only_topk@k=7,blur,1.2,1.0,0.4952857494354248,bma,/home/dineth/focus_measure/datasets/New folder/bma pbf tfa/bma_imgs/pos002_2/pos002_2_page_8.png,0.4952857494354248
occupancy_only_topk@k=7,noise,0.01,1.0,0.3522467613220215,bma,/home/dineth/focus_measure/datasets/New folder/bma pbf tfa/bma_imgs/pos002_2/pos002_2_page_8.png,0.3522467613220215
occupancy_only_topk@k=7,noise,0.02,0.75,1.1269466876983643,bma,/home/dineth/focus_measure/datasets/New folder/bma pbf tfa/bma_imgs/pos002_2/pos002_2_page_8.png,1.1269466876983643
occupancy_only_topk@k=7,brightness,0.05,0.5555555555555556,0.46043944358825684,bma,/home/dineth/focus_measure/datasets/New folder/bma pbf tfa/bma_imgs/pos002_2/pos002_2_page_8.png,0.46043944358825684
occupancy_only_topk@k=7,brightness,-0.05,0.75,0.27715611457824707,bma,/home/dineth/focus_measure/datasets/New folder/bma pbf tfa/bma_imgs/pos002_2/pos002_2_page_8.png,0.27715611457824707
occupancy_only_topk@k=7,contrast,0.9,0.5555555555555556,0.4605062007904053,bma,/home/dineth/focus_measure/datasets/New folder/bma pbf tfa/bma_imgs/pos002_2/pos002_2_page_8.png,0.4605062007904053
occupancy_only_topk@k=7,contrast,1.1,0.75,0.23891925811767578,bma,/home/dineth/focus_measure/datasets/New folder/bma pbf tfa/bma_imgs/pos002_2/pos002_2_page_8.png,0.23891925811767578
hybrid_proposed,blur,0.8,0.9649122807017544,0.59564208984375,bma,/home/dineth/focus_measure/datasets/New folder/bma pbf tfa/bma_imgs/pos002_2/pos002_2_page_8.png,0.59564208984375
hybrid_proposed,blur,1.2,0.9649122807017544,0.8033828735351562,bma,/home/dineth/focus_measure/datasets/New folder/bma pbf tfa/bma_imgs/pos002_2/pos002_2_page_8.png,0.8033828735351562
hybrid_proposed,noise,0.01,0.9310344827586207,-0.2943272590637207,bma,/home/dineth/focus_measure/datasets/New folder/bma pbf tfa/bma_imgs/pos002_2/pos002_2_page_8.png,-0.2943272590637207
hybrid_proposed,noise,0.02,0.8666666666666667,0.2689478397369385,bma,/home/dineth/focus_measure/datasets/New folder/bma pbf tfa/bma_imgs/pos002_2/pos002_2_page_8.png,0.2689478397369385
hybrid_proposed,brightness,0.05,0.7777777777777778,0.2750232219696045,bma,/home/dineth/focus_measure/datasets/New folder/bma pbf tfa/bma_imgs/pos002_2/pos002_2_page_8.png,0.2750232219696045
hybrid_proposed,brightness,-0.05,0.8360655737704918,0.341630220413208,bma,/home/dineth/focus_measure/datasets/New folder/bma pbf tfa/bma_imgs/pos002_2/pos002_2_page_8.png,0.341630220413208
hybrid_proposed,contrast,0.9,0.8666666666666667,0.27505922317504883,bma,/home/dineth/focus_measure/datasets/New folder/bma pbf tfa/bma_imgs/pos002_2/pos002_2_page_8.png,0.27505922317504883
hybrid_proposed,contrast,1.1,0.9310344827586207,0.3377082347869873,bma,/home/dineth/focus_measure/datasets/New folder/bma pbf tfa/bma_imgs/pos002_2/pos002_2_page_8.png,0.3377082347869873
all_rois,blur,0.8,1.0,0.5307474136352539,bma,/home/dineth/focus_measure/datasets/New folder/bma pbf tfa/bma_imgs/pos002_2/pos002_2_page_8.png,0.5307474136352539
all_rois,blur,1.2,1.0,0.7045059204101562,bma,/home/dineth/focus_measure/datasets/New folder/bma pbf tfa/bma_imgs/pos002_2/pos002_2_page_8.png,0.7045059204101562
all_rois,noise,0.01,1.0,-0.28226375579833984,bma,/home/dineth/focus_measure/datasets/New folder/bma pbf tfa/bma_imgs/pos002_2/pos002_2_page_8.png,-0.28226375579833984
all_rois,noise,0.02,1.0,-0.17034626007080078,bma,/home/dineth/focus_measure/datasets/New folder/bma pbf tfa/bma_imgs/pos002_2/pos002_2_page_8.png,-0.17034626007080078
all_rois,brightness,0.05,1.0,0.2031397819519043,bma,/home/dineth/focus_measure/datasets/New folder/bma pbf tfa/bma_imgs/pos002_2/pos002_2_page_8.png,0.2031397819519043
all_rois,brightness,-0.05,1.0,0.23488521575927734,bma,/home/dineth/focus_measure/datasets/New folder/bma pbf tfa/bma_imgs/pos002_2/pos002_2_page_8.png,0.23488521575927734
all_rois,contrast,0.9,1.0,0.23485040664672852,bma,/home/dineth/focus_measure/datasets/New folder/bma pbf tfa/bma_imgs/pos002_2/pos002_2_page_8.png,0.23485040664672852
all_rois,contrast,1.1,1.0,0.1994950771331787,bma,/home/dineth/focus_measure/datasets/New folder/bma pbf tfa/bma_imgs/pos002_2/pos002_2_page_8.png,0.1994950771331787
cnn_adaptive,blur,0.8,0.9649122807017544,0.59564208984375,bma,/home/dineth/focus_measure/datasets/New folder/bma pbf tfa/bma_imgs/pos002_2/pos002_2_page_8.png,0.59564208984375
cnn_adaptive,blur,1.2,0.9649122807017544,0.8033828735351562,bma,/home/dineth/focus_measure/datasets/New folder/bma pbf tfa/bma_imgs/pos002_2/pos002_2_page_8.png,0.8033828735351562
cnn_adaptive,noise,0.01,0.9310344827586207,-0.2943272590637207,bma,/home/dineth/focus_measure/datasets/New folder/bma pbf tfa/bma_imgs/pos002_2/pos002_2_page_8.png,-0.2943272590637207
cnn_adaptive,noise,0.02,0.8666666666666667,0.2689478397369385,bma,/home/dineth/focus_measure/datasets/New folder/bma pbf tfa/bma_imgs/pos002_2/pos002_2_page_8.png,0.2689478397369385
cnn_adaptive,brightness,0.05,0.7777777777777778,0.2750232219696045,bma,/home/dineth/focus_measure/datasets/New folder/bma pbf tfa/bma_imgs/pos002_2/pos002_2_page_8.png,0.2750232219696045
cnn_adaptive,brightness,-0.05,0.8360655737704918,0.341630220413208,bma,/home/dineth/focus_measure/datasets/New folder/bma pbf tfa/bma_imgs/pos002_2/pos002_2_page_8.png,0.341630220413208
cnn_adaptive,contrast,0.9,0.8666666666666667,0.27505922317504883,bma,/home/dineth/focus_measure/datasets/New folder/bma pbf tfa/bma_imgs/pos002_2/pos002_2_page_8.png,0.27505922317504883
cnn_adaptive,contrast,1.1,0.9310344827586207,0.3377082347869873,bma,/home/dineth/focus_measure/datasets/New folder/bma pbf tfa/bma_imgs/pos002_2/pos002_2_page_8.png,0.3377082347869873
center_top1,blur,0.8,1.0,0.34113168716430664,bma,/home/dineth/focus_measure/datasets/New folder/bma pbf tfa/bma_imgs/pos002_3/pos002_3_page_11.png,0.34113168716430664
center_top1,blur,1.2,1.0,0.4930838346481323,bma,/home/dineth/focus_measure/datasets/New folder/bma pbf tfa/bma_imgs/pos002_3/pos002_3_page_11.png,0.4930838346481323
center_top1,noise,0.01,1.0,-0.6108248233795166,bma,/home/dineth/focus_measure/datasets/New folder/bma pbf tfa/bma_imgs/pos002_3/pos002_3_page_11.png,-0.6108248233795166
center_top1,noise,0.02,1.0,0.04888558387756348,bma,/home/dineth/focus_measure/datasets/New folder/bma pbf tfa/bma_imgs/pos002_3/pos002_3_page_11.png,0.04888558387756348
center_top1,brightness,0.05,1.0,0.07199645042419434,bma,/home/dineth/focus_measure/datasets/New folder/bma pbf tfa/bma_imgs/pos002_3/pos002_3_page_11.png,0.07199645042419434
center_top1,brightness,-0.05,1.0,0.07737922668457031,bma,/home/dineth/focus_measure/datasets/New folder/bma pbf tfa/bma_imgs/pos002_3/pos002_3_page_11.png,0.07737922668457031
center_top1,contrast,0.9,1.0,0.07204055786132812,bma,/home/dineth/focus_measure/datasets/New folder/bma pbf tfa/bma_imgs/pos002_3/pos002_3_page_11.png,0.07204055786132812
center_top1,contrast,1.1,1.0,0.07245469093322754,bma,/home/dineth/focus_measure/datasets/New folder/bma pbf tfa/bma_imgs/pos002_3/pos002_3_page_11.png,0.07245469093322754
random_k@k=1,blur,0.8,1.0,-0.2615382671356201,bma,/home/dineth/focus_measure/datasets/New folder/bma pbf tfa/bma_imgs/pos002_3/pos002_3_page_11.png,-0.2615382671356201
random_k@k=1,blur,1.2,1.0,-0.35129499435424805,bma,/home/dineth/focus_measure/datasets/New folder/bma pbf tfa/bma_imgs/pos002_3/pos002_3_page_11.png,-0.35129499435424805
random_k@k=1,noise,0.01,1.0,1.423264741897583,bma,/home/dineth/focus_measure/datasets/New folder/bma pbf tfa/bma_imgs/pos002_3/pos002_3_page_11.png,1.423264741897583
random_k@k=1,noise,0.02,1.0,0.8943212032318115,bma,/home/dineth/focus_measure/datasets/New folder/bma pbf tfa/bma_imgs/pos002_3/pos002_3_page_11.png,0.8943212032318115
random_k@k=1,brightness,0.05,1.0,-0.2695121765136719,bma,/home/dineth/focus_measure/datasets/New folder/bma pbf tfa/bma_imgs/pos002_3/pos002_3_page_11.png,-0.2695121765136719
random_k@k=1,brightness,-0.05,1.0,-0.2833075523376465,bma,/home/dineth/focus_measure/datasets/New folder/bma pbf tfa/bma_imgs/pos002_3/pos002_3_page_11.png,-0.2833075523376465
random_k@k=1,contrast,0.9,1.0,-0.2695121765136719,bma,/home/dineth/focus_measure/datasets/New folder/bma pbf tfa/bma_imgs/pos002_3/pos002_3_page_11.png,-0.2695121765136719
random_k@k=1,contrast,1.1,1.0,-0.2735428810119629,bma,/home/dineth/focus_measure/datasets/New folder/bma pbf tfa/bma_imgs/pos002_3/pos002_3_page_11.png,-0.2735428810119629
random_k@k=3,blur,0.8,1.0,0.03988981246948242,bma,/home/dineth/focus_measure/datasets/New folder/bma pbf tfa/bma_imgs/pos002_3/pos002_3_page_11.png,0.03988981246948242
random_k@k=3,blur,1.2,1.0,0.00775146484375,bma,/home/dineth/focus_measure/datasets/New folder/bma pbf tfa/bma_imgs/pos002_3/pos002_3_page_11.png,0.00775146484375
random_k@k=3,noise,0.01,1.0,1.1509661674499512,bma,/home/dineth/focus_measure/datasets/New folder/bma pbf tfa/bma_imgs/pos002_3/pos002_3_page_11.png,1.1509661674499512
random_k@k=3,noise,0.02,1.0,1.2542929649353027,bma,/home/dineth/focus_measure/datasets/New folder/bma pbf tfa/bma_imgs/pos002_3/pos002_3_page_11.png,1.2542929649353027
random_k@k=3,brightness,0.05,1.0,0.09052228927612305,bma,/home/dineth/focus_measure/datasets/New folder/bma pbf tfa/bma_imgs/pos002_3/pos002_3_page_11.png,0.09052228927612305
random_k@k=3,brightness,-0.05,1.0,0.07713079452514648,bma,/home/dineth/focus_measure/datasets/New folder/bma pbf tfa/bma_imgs/pos002_3/pos002_3_page_11.png,0.07713079452514648
random_k@k=3,contrast,0.9,1.0,0.09066033363342285,bma,/home/dineth/focus_measure/datasets/New folder/bma pbf tfa/bma_imgs/pos002_3/pos002_3_page_11.png,0.09066033363342285
random_k@k=3,contrast,1.1,1.0,0.08637142181396484,bma,/home/dineth/focus_measure/datasets/New folder/bma pbf tfa/bma_imgs/pos002_3/pos002_3_page_11.png,0.08637142181396484
random_k@k=5,blur,0.8,1.0,0.16277456283569336,bma,/home/dineth/focus_measure/datasets/New folder/bma pbf tfa/bma_imgs/pos002_3/pos002_3_page_11.png,0.16277456283569336
random_k@k=5,blur,1.2,1.0,0.7856078147888184,bma,/home/dineth/focus_measure/datasets/New folder/bma pbf tfa/bma_imgs/pos002_3/pos002_3_page_11.png,0.7856078147888184
random_k@k=5,noise,0.01,1.0,0.005303621292114258,bma,/home/dineth/focus_measure/datasets/New folder/bma pbf tfa/bma_imgs/pos002_3/pos002_3_page_11.png,0.005303621292114258
random_k@k=5,noise,0.02,1.0,0.5205492973327637,bma,/home/dineth/focus_measure/datasets/New folder/bma pbf tfa/bma_imgs/pos002_3/pos002_3_page_11.png,0.5205492973327637
random_k@k=5,brightness,0.05,1.0,0.40813755989074707,bma,/home/dineth/focus_measure/datasets/New folder/bma pbf tfa/bma_imgs/pos002_3/pos002_3_page_11.png,0.40813755989074707
random_k@k=5,brightness,-0.05,1.0,0.4086341857910156,bma,/home/dineth/focus_measure/datasets/New folder/bma pbf tfa/bma_imgs/pos002_3/pos002_3_page_11.png,0.4086341857910156
random_k@k=5,contrast,0.9,1.0,0.40825843811035156,bma,/home/dineth/focus_measure/datasets/New folder/bma pbf tfa/bma_imgs/pos002_3/pos002_3_page_11.png,0.40825843811035156
random_k@k=5,contrast,1.1,1.0,0.40816307067871094,bma,/home/dineth/focus_measure/datasets/New folder/bma pbf tfa/bma_imgs/pos002_3/pos002_3_page_11.png,0.40816307067871094
random_k@k=7,blur,0.8,1.0,0.1605241298675537,bma,/home/dineth/focus_measure/datasets/New folder/bma pbf tfa/bma_imgs/pos002_3/pos002_3_page_11.png,0.1605241298675537
random_k@k=7,blur,1.2,1.0,0.8064939975738525,bma,/home/dineth/focus_measure/datasets/New folder/bma pbf tfa/bma_imgs/pos002_3/pos002_3_page_11.png,0.8064939975738525
random_k@k=7,noise,0.01,1.0,0.026189804077148438,bma,/home/dineth/focus_measure/datasets/New folder/bma pbf tfa/bma_imgs/pos002_3/pos002_3_page_11.png,0.026189804077148438
random_k@k=7,noise,0.02,1.0,0.5414354801177979,bma,/home/dineth/focus_measure/datasets/New folder/bma pbf tfa/bma_imgs/pos002_3/pos002_3_page_11.png,0.5414354801177979
random_k@k=7,brightness,0.05,1.0,0.42902374267578125,bma,/home/dineth/focus_measure/datasets/New folder/bma pbf tfa/bma_imgs/pos002_3/pos002_3_page_11.png,0.42902374267578125
random_k@k=7,brightness,-0.05,1.0,0.4295203685760498,bma,/home/dineth/focus_measure/datasets/New folder/bma pbf tfa/bma_imgs/pos002_3/pos002_3_page_11.png,0.4295203685760498
random_k@k=7,contrast,0.9,1.0,0.42914462089538574,bma,/home/dineth/focus_measure/datasets/New folder/bma pbf tfa/bma_imgs/pos002_3/pos002_3_page_11.png,0.42914462089538574
random_k@k=7,contrast,1.1,1.0,0.4290492534637451,bma,/home/dineth/focus_measure/datasets/New folder/bma pbf tfa/bma_imgs/pos002_3/pos002_3_page_11.png,0.4290492534637451
focus_only_topk@k=1,blur,0.8,1.0,0.5590357780456543,bma,/home/dineth/focus_measure/datasets/New folder/bma pbf tfa/bma_imgs/pos002_3/pos002_3_page_11.png,0.5590357780456543
focus_only_topk@k=1,blur,1.2,1.0,0.6657038927078247,bma,/home/dineth/focus_measure/datasets/New folder/bma pbf tfa/bma_imgs/pos002_3/pos002_3_page_11.png,0.6657038927078247
focus_only_topk@k=1,noise,0.01,1.0,-0.719066858291626,bma,/home/dineth/focus_measure/datasets/New folder/bma pbf tfa/bma_imgs/pos002_3/pos002_3_page_11.png,-0.719066858291626
focus_only_topk@k=1,noise,0.02,0.0,0.9469161033630371,bma,/home/dineth/focus_measure/datasets/New folder/bma pbf tfa/bma_imgs/pos002_3/pos002_3_page_11.png,0.9469161033630371
focus_only_topk@k=1,brightness,0.05,1.0,0.36892151832580566,bma,/home/dineth/focus_measure/datasets/New folder/bma pbf tfa/bma_imgs/pos002_3/pos002_3_page_11.png,0.36892151832580566
focus_only_topk@k=1,brightness,-0.05,1.0,0.3846626281738281,bma,/home/dineth/focus_measure/datasets/New folder/bma pbf tfa/bma_imgs/pos002_3/pos002_3_page_11.png,0.3846626281738281
focus_only_topk@k=1,contrast,0.9,1.0,0.36916613578796387,bma,/home/dineth/focus_measure/datasets/New folder/bma pbf tfa/bma_imgs/pos002_3/pos002_3_page_11.png,0.36916613578796387
focus_only_topk@k=1,contrast,1.1,1.0,0.3765583038330078,bma,/home/dineth/focus_measure/datasets/New folder/bma pbf tfa/bma_imgs/pos002_3/pos002_3_page_11.png,0.3765583038330078
focus_only_topk@k=3,blur,0.8,0.5,0.3413879871368408,bma,/home/dineth/focus_measure/datasets/New folder/bma pbf tfa/bma_imgs/pos002_3/pos002_3_page_11.png,0.3413879871368408
focus_only_topk@k=3,blur,1.2,0.5,0.4928445816040039,bma,/home/dineth/focus_measure/datasets/New folder/bma pbf tfa/bma_imgs/pos002_3/pos002_3_page_11.png,0.4928445816040039
focus_only_topk@k=3,noise,0.01,0.5,-0.3418614864349365,bma,/home/dineth/focus_measure/datasets/New folder/bma pbf tfa/bma_imgs/pos002_3/pos002_3_page_11.png,-0.3418614864349365
focus_only_topk@k=3,noise,0.02,0.2,0.9105417728424072,bma,/home/dineth/focus_measure/datasets/New folder/bma pbf tfa/bma_imgs/pos002_3/pos002_3_page_11.png,0.9105417728424072
focus_only_topk@k=3,brightness,0.05,1.0,0.07211112976074219,bma,/home/dineth/focus_measure/datasets/New folder/bma pbf tfa/bma_imgs/pos002_3/pos002_3_page_11.png,0.07211112976074219
focus_only_topk@k=3,brightness,-0.05,1.0,0.07733321189880371,bma,/home/dineth/focus_measure/datasets/New folder/bma pbf tfa/bma_imgs/pos002_3/pos002_3_page_11.png,0.07733321189880371
focus_only_topk@k=3,contrast,0.9,1.0,0.07219600677490234,bma,/home/dineth/focus_measure/datasets/New folder/bma pbf tfa/bma_imgs/pos002_3/pos002_3_page_11.png,0.07219600677490234
focus_only_topk@k=3,contrast,1.1,1.0,0.07221579551696777,bma,/home/dineth/focus_measure/datasets/New folder/bma pbf tfa/bma_imgs/pos002_3/pos002_3_page_11.png,0.07221579551696777
focus_only_topk@k=5,blur,0.8,0.42857142857142855,0.5159876346588135,bma,/home/dineth/focus_measure/datasets/New folder/bma pbf tfa/bma_imgs/pos002_3/pos002_3_page_11.png,0.5159876346588135
focus_only_topk@k=5,blur,1.2,0.42857142857142855,0.6679458618164062,bma,/home/dineth/focus_measure/datasets/New folder/bma pbf tfa/bma_imgs/pos002_3/pos002_3_page_11.png,0.6679458618164062
focus_only_topk@k=5,noise,0.01,0.6666666666666666,-0.5255300998687744,bma,/home/dineth/focus_measure/datasets/New folder/bma pbf tfa/bma_imgs/pos002_3/pos002_3_page_11.png,-0.5255300998687744
focus_only_topk@k=5,noise,0.02,0.25,1.139195203781128,bma,/home/dineth/focus_measure/datasets/New folder/bma pbf tfa/bma_imgs/pos002_3/pos002_3_page_11.png,1.139195203781128
focus_only_topk@k=5,brightness,0.05,1.0,0.0823824405670166,bma,/home/dineth/focus_measure/datasets/New folder/bma pbf tfa/bma_imgs/pos002_3/pos002_3_page_11.png,0.0823824405670166
focus_only_topk@k=5,brightness,-0.05,1.0,0.08333420753479004,bma,/home/dineth/focus_measure/datasets/New folder/bma pbf tfa/bma_imgs/pos002_3/pos002_3_page_11.png,0.08333420753479004
focus_only_topk@k=5,contrast,0.9,0.6666666666666666,0.2469031810760498,bma,/home/dineth/focus_measure/datasets/New folder/bma pbf tfa/bma_imgs/pos002_3/pos002_3_page_11.png,0.2469031810760498
focus_only_topk@k=5,contrast,1.1,0.6666666666666666,0.0822441577911377,bma,/home/dineth/focus_measure/datasets/New folder/bma pbf tfa/bma_imgs/pos002_3/pos002_3_page_11.png,0.0822441577911377
focus_only_topk@k=7,blur,0.8,0.4,0.2655761241912842,bma,/home/dineth/focus_measure/datasets/New folder/bma pbf tfa/bma_imgs/pos002_3/pos002_3_page_11.png,0.2655761241912842
focus_only_topk@k=7,blur,1.2,0.4,0.45617246627807617,bma,/home/dineth/focus_measure/datasets/New folder/bma pbf tfa/bma_imgs/pos002_3/pos002_3_page_11.png,0.45617246627807617
focus_only_topk@k=7,noise,0.01,0.5555555555555556,-0.7003891468048096,bma,/home/dineth/focus_measure/datasets/New folder/bma pbf tfa/bma_imgs/pos002_3/pos002_3_page_11.png,-0.7003891468048096
focus_only_topk@k=7,noise,0.02,0.16666666666666666,1.1885273456573486,bma,/home/dineth/focus_measure/datasets/New folder/bma pbf tfa/bma_imgs/pos002_3/pos002_3_page_11.png,1.1885273456573486
focus_only_topk@k=7,brightness,0.05,1.0,0.0720059871673584,bma,/home/dineth/focus_measure/datasets/New folder/bma pbf tfa/bma_imgs/pos002_3/pos002_3_page_11.png,0.0720059871673584
focus_only_topk@k=7,brightness,-0.05,1.0,0.0773768424987793,bma,/home/dineth/focus_measure/datasets/New folder/bma pbf tfa/bma_imgs/pos002_3/pos002_3_page_11.png,0.0773768424987793
focus_only_topk@k=7,contrast,0.9,0.5555555555555556,0.047284841537475586,bma,/home/dineth/focus_measure/datasets/New folder/bma pbf tfa/bma_imgs/pos002_3/pos002_3_page_11.png,0.047284841537475586
focus_only_topk@k=7,contrast,1.1,0.5555555555555556,-0.0937654972076416,bma,/home/dineth/focus_measure/datasets/New folder/bma pbf tfa/bma_imgs/pos002_3/pos002_3_page_11.png,-0.0937654972076416
occupancy_only_topk@k=1,blur,0.8,1.0,-0.21729159355163574,bma,/home/dineth/focus_measure/datasets/New folder/bma pbf tfa/bma_imgs/pos002_3/pos002_3_page_11.png,-0.21729159355163574
occupancy_only_topk@k=1,blur,1.2,1.0,-0.30704832077026367,bma,/home/dineth/focus_measure/datasets/New folder/bma pbf tfa/bma_imgs/pos002_3/pos002_3_page_11.png,-0.30704832077026367
occupancy_only_topk@k=1,noise,0.01,1.0,1.4675114154815674,bma,/home/dineth/focus_measure/datasets/New folder/bma pbf tfa/bma_imgs/pos002_3/pos002_3_page_11.png,1.4675114154815674
occupancy_only_topk@k=1,noise,0.02,1.0,0.9385678768157959,bma,/home/dineth/focus_measure/datasets/New folder/bma pbf tfa/bma_imgs/pos002_3/pos002_3_page_11.png,0.9385678768157959
occupancy_only_topk@k=1,brightness,0.05,1.0,-0.2252655029296875,bma,/home/dineth/focus_measure/datasets/New folder/bma pbf tfa/bma_imgs/pos002_3/pos002_3_page_11.png,-0.2252655029296875
occupancy_only_topk@k=1,brightness,-0.05,1.0,-0.2390608787536621,bma,/home/dineth/focus_measure/datasets/New folder/bma pbf tfa/bma_imgs/pos002_3/pos002_3_page_11.png,-0.2390608787536621
occupancy_only_topk@k=1,contrast,0.9,1.0,-0.2252655029296875,bma,/home/dineth/focus_measure/datasets/New folder/bma pbf tfa/bma_imgs/pos002_3/pos002_3_page_11.png,-0.2252655029296875
occupancy_only_topk@k=1,contrast,1.1,1.0,-0.22929620742797852,bma,/home/dineth/focus_measure/datasets/New folder/bma pbf tfa/bma_imgs/pos002_3/pos002_3_page_11.png,-0.22929620742797852
occupancy_only_topk@k=3,blur,0.8,1.0,0.15548968315124512,bma,/home/dineth/focus_measure/datasets/New folder/bma pbf tfa/bma_imgs/pos002_3/pos002_3_page_11.png,0.15548968315124512
occupancy_only_topk@k=3,blur,1.2,1.0,0.3043506145477295,bma,/home/dineth/focus_measure/datasets/New folder/bma pbf tfa/bma_imgs/pos002_3/pos002_3_page_11.png,0.3043506145477295
occupancy_only_topk@k=3,noise,0.01,1.0,-0.16700243949890137,bma,/home/dineth/focus_measure/datasets/New folder/bma pbf tfa/bma_imgs/pos002_3/pos002_3_page_11.png,-0.16700243949890137
occupancy_only_topk@k=3,noise,0.02,0.5,0.4375927448272705,bma,/home/dineth/focus_measure/datasets/New folder/bma pbf tfa/bma_imgs/pos002_3/pos002_3_page_11.png,0.4375927448272705
occupancy_only_topk@k=3,brightness,0.05,1.0,0.08203768730163574,bma,/home/dineth/focus_measure/datasets/New folder/bma pbf tfa/bma_imgs/pos002_3/pos002_3_page_11.png,0.08203768730163574
occupancy_only_topk@k=3,brightness,-0.05,0.5,0.4648333787918091,bma,/home/dineth/focus_measure/datasets/New folder/bma pbf tfa/bma_imgs/pos002_3/pos002_3_page_11.png,0.4648333787918091
occupancy_only_topk@k=3,contrast,0.9,1.0,0.08200454711914062,bma,/home/dineth/focus_measure/datasets/New folder/bma pbf tfa/bma_imgs/pos002_3/pos002_3_page_11.png,0.08200454711914062
occupancy_only_topk@k=3,contrast,1.1,0.5,0.4712638854980469,bma,/home/dineth/focus_measure/datasets/New folder/bma pbf tfa/bma_imgs/pos002_3/pos002_3_page_11.png,0.4712638854980469
occupancy_only_topk@k=5,blur,0.8,1.0,0.15512514114379883,bma,/home/dineth/focus_measure/datasets/New folder/bma pbf tfa/bma_imgs/pos002_3/pos002_3_page_11.png,0.15512514114379883
occupancy_only_topk@k=5,blur,1.2,1.0,0.32357048988342285,bma,/home/dineth/focus_measure/datasets/New folder/bma pbf tfa/bma_imgs/pos002_3/pos002_3_page_11.png,0.32357048988342285
occupancy_only_topk@k=5,noise,0.01,1.0,-0.1675124168395996,bma,/home/dineth/focus_measure/datasets/New folder/bma pbf tfa/bma_imgs/pos002_3/pos002_3_page_11.png,-0.1675124168395996
occupancy_only_topk@k=5,noise,0.02,1.0,0.6558220386505127,bma,/home/dineth/focus_measure/datasets/New folder/bma pbf tfa/bma_imgs/pos002_3/pos002_3_page_11.png,0.6558220386505127
occupancy_only_topk@k=5,brightness,0.05,0.42857142857142855,0.02533888816833496,bma,/home/dineth/focus_measure/datasets/New folder/bma pbf tfa/bma_imgs/pos002_3/pos002_3_page_11.png,0.02533888816833496
occupancy_only_topk@k=5,brightness,-0.05,1.0,0.08333420753479004,bma,/home/dineth/focus_measure/datasets/New folder/bma pbf tfa/bma_imgs/pos002_3/pos002_3_page_11.png,0.08333420753479004
occupancy_only_topk@k=5,contrast,0.9,0.6666666666666666,0.08217716217041016,bma,/home/dineth/focus_measure/datasets/New folder/bma pbf tfa/bma_imgs/pos002_3/pos002_3_page_11.png,0.08217716217041016
occupancy_only_topk@k=5,contrast,1.1,1.0,0.0822441577911377,bma,/home/dineth/focus_measure/datasets/New folder/bma pbf tfa/bma_imgs/pos002_3/pos002_3_page_11.png,0.0822441577911377
occupancy_only_topk@k=7,blur,0.8,1.0,0.35892200469970703,bma,/home/dineth/focus_measure/datasets/New folder/bma pbf tfa/bma_imgs/pos002_3/pos002_3_page_11.png,0.35892200469970703
occupancy_only_topk@k=7,blur,1.2,1.0,0.32357048988342285,bma,/home/dineth/focus_measure/datasets/New folder/bma pbf tfa/bma_imgs/pos002_3/pos002_3_page_11.png,0.32357048988342285
occupancy_only_topk@k=7,noise,0.01,1.0,-0.1675124168395996,bma,/home/dineth/focus_measure/datasets/New folder/bma pbf tfa/bma_imgs/pos002_3/pos002_3_page_11.png,-0.1675124168395996
occupancy_only_topk@k=7,noise,0.02,0.75,0.8758456707000732,bma,/home/dineth/focus_measure/datasets/New folder/bma pbf tfa/bma_imgs/pos002_3/pos002_3_page_11.png,0.8758456707000732
occupancy_only_topk@k=7,brightness,0.05,0.5555555555555556,0.0823824405670166,bma,/home/dineth/focus_measure/datasets/New folder/bma pbf tfa/bma_imgs/pos002_3/pos002_3_page_11.png,0.0823824405670166
occupancy_only_topk@k=7,brightness,-0.05,0.75,0.08105945587158203,bma,/home/dineth/focus_measure/datasets/New folder/bma pbf tfa/bma_imgs/pos002_3/pos002_3_page_11.png,0.08105945587158203
occupancy_only_topk@k=7,contrast,0.9,0.5555555555555556,0.08217716217041016,bma,/home/dineth/focus_measure/datasets/New folder/bma pbf tfa/bma_imgs/pos002_3/pos002_3_page_11.png,0.08217716217041016
occupancy_only_topk@k=7,contrast,1.1,1.0,0.0822441577911377,bma,/home/dineth/focus_measure/datasets/New folder/bma pbf tfa/bma_imgs/pos002_3/pos002_3_page_11.png,0.0822441577911377
hybrid_proposed,blur,0.8,0.8983050847457628,0.4160301685333252,bma,/home/dineth/focus_measure/datasets/New folder/bma pbf tfa/bma_imgs/pos002_3/pos002_3_page_11.png,0.4160301685333252
hybrid_proposed,blur,1.2,0.8983050847457628,0.6529636383056641,bma,/home/dineth/focus_measure/datasets/New folder/bma pbf tfa/bma_imgs/pos002_3/pos002_3_page_11.png,0.6529636383056641
hybrid_proposed,noise,0.01,0.7777777777777778,0.5749452114105225,bma,/home/dineth/focus_measure/datasets/New folder/bma pbf tfa/bma_imgs/pos002_3/pos002_3_page_11.png,0.5749452114105225
hybrid_proposed,noise,0.02,0.8064516129032258,1.493586778640747,bma,/home/dineth/focus_measure/datasets/New folder/bma pbf tfa/bma_imgs/pos002_3/pos002_3_page_11.png,1.493586778640747
hybrid_proposed,brightness,0.05,0.8983050847457628,0.2023301124572754,bma,/home/dineth/focus_measure/datasets/New folder/bma pbf tfa/bma_imgs/pos002_3/pos002_3_page_11.png,0.2023301124572754
hybrid_proposed,brightness,-0.05,0.8983050847457628,0.19562101364135742,bma,/home/dineth/focus_measure/datasets/New folder/bma pbf tfa/bma_imgs/pos002_3/pos002_3_page_11.png,0.19562101364135742
hybrid_proposed,contrast,0.9,0.8983050847457628,0.20218110084533691,bma,/home/dineth/focus_measure/datasets/New folder/bma pbf tfa/bma_imgs/pos002_3/pos002_3_page_11.png,0.20218110084533691
hybrid_proposed,contrast,1.1,0.8983050847457628,0.20239877700805664,bma,/home/dineth/focus_measure/datasets/New folder/bma pbf tfa/bma_imgs/pos002_3/pos002_3_page_11.png,0.20239877700805664
all_rois,blur,0.8,1.0,0.4175679683685303,bma,/home/dineth/focus_measure/datasets/New folder/bma pbf tfa/bma_imgs/pos002_3/pos002_3_page_11.png,0.4175679683685303
all_rois,blur,1.2,1.0,0.6890268325805664,bma,/home/dineth/focus_measure/datasets/New folder/bma pbf tfa/bma_imgs/pos002_3/pos002_3_page_11.png,0.6890268325805664
all_rois,noise,0.01,1.0,0.2915232181549072,bma,/home/dineth/focus_measure/datasets/New folder/bma pbf tfa/bma_imgs/pos002_3/pos002_3_page_11.png,0.2915232181549072
all_rois,noise,0.02,1.0,0.7837371826171875,bma,/home/dineth/focus_measure/datasets/New folder/bma pbf tfa/bma_imgs/pos002_3/pos002_3_page_11.png,0.7837371826171875
all_rois,brightness,0.05,1.0,0.17900848388671875,bma,/home/dineth/focus_measure/datasets/New folder/bma pbf tfa/bma_imgs/pos002_3/pos002_3_page_11.png,0.17900848388671875
all_rois,brightness,-0.05,1.0,0.17926788330078125,bma,/home/dineth/focus_measure/datasets/New folder/bma pbf tfa/bma_imgs/pos002_3/pos002_3_page_11.png,0.17926788330078125
all_rois,contrast,0.9,1.0,0.1792283058166504,bma,/home/dineth/focus_measure/datasets/New folder/bma pbf tfa/bma_imgs/pos002_3/pos002_3_page_11.png,0.1792283058166504
all_rois,contrast,1.1,1.0,0.17892026901245117,bma,/home/dineth/focus_measure/datasets/New folder/bma pbf tfa/bma_imgs/pos002_3/pos002_3_page_11.png,0.17892026901245117
cnn_adaptive,blur,0.8,0.8983050847457628,0.4160301685333252,bma,/home/dineth/focus_measure/datasets/New folder/bma pbf tfa/bma_imgs/pos002_3/pos002_3_page_11.png,0.4160301685333252
cnn_adaptive,blur,1.2,0.8983050847457628,0.6529636383056641,bma,/home/dineth/focus_measure/datasets/New folder/bma pbf tfa/bma_imgs/pos002_3/pos002_3_page_11.png,0.6529636383056641
cnn_adaptive,noise,0.01,0.7777777777777778,0.5749452114105225,bma,/home/dineth/focus_measure/datasets/New folder/bma pbf tfa/bma_imgs/pos002_3/pos002_3_page_11.png,0.5749452114105225
cnn_adaptive,noise,0.02,0.8064516129032258,1.493586778640747,bma,/home/dineth/focus_measure/datasets/New folder/bma pbf tfa/bma_imgs/pos002_3/pos002_3_page_11.png,1.493586778640747
cnn_adaptive,brightness,0.05,0.8983050847457628,0.2023301124572754,bma,/home/dineth/focus_measure/datasets/New folder/bma pbf tfa/bma_imgs/pos002_3/pos002_3_page_11.png,0.2023301124572754
cnn_adaptive,brightness,-0.05,0.8983050847457628,0.19562101364135742,bma,/home/dineth/focus_measure/datasets/New folder/bma pbf tfa/bma_imgs/pos002_3/pos002_3_page_11.png,0.19562101364135742
cnn_adaptive,contrast,0.9,0.8983050847457628,0.20218110084533691,bma,/home/dineth/focus_measure/datasets/New folder/bma pbf tfa/bma_imgs/pos002_3/pos002_3_page_11.png,0.20218110084533691
cnn_adaptive,contrast,1.1,0.8983050847457628,0.20239877700805664,bma,/home/dineth/focus_measure/datasets/New folder/bma pbf tfa/bma_imgs/pos002_3/pos002_3_page_11.png,0.20239877700805664
center_top1,blur,0.8,1.0,0.07636702060699463,bma,/home/dineth/focus_measure/datasets/New folder/bma pbf tfa/bma_imgs/pos002_3/pos002_3_page_8.png,0.07636702060699463
center_top1,blur,1.2,1.0,0.07576179504394531,bma,/home/dineth/focus_measure/datasets/New folder/bma pbf tfa/bma_imgs/pos002_3/pos002_3_page_8.png,0.07576179504394531
center_top1,noise,0.01,1.0,-0.35666048526763916,bma,/home/dineth/focus_measure/datasets/New folder/bma pbf tfa/bma_imgs/pos002_3/pos002_3_page_8.png,-0.35666048526763916
center_top1,noise,0.02,1.0,-0.20027697086334229,bma,/home/dineth/focus_measure/datasets/New folder/bma pbf tfa/bma_imgs/pos002_3/pos002_3_page_8.png,-0.20027697086334229
center_top1,brightness,0.05,1.0,0.06715774536132812,bma,/home/dineth/focus_measure/datasets/New folder/bma pbf tfa/bma_imgs/pos002_3/pos002_3_page_8.png,0.06715774536132812
center_top1,brightness,-0.05,1.0,0.07512307167053223,bma,/home/dineth/focus_measure/datasets/New folder/bma pbf tfa/bma_imgs/pos002_3/pos002_3_page_8.png,0.07512307167053223
center_top1,contrast,0.9,1.0,0.06710243225097656,bma,/home/dineth/focus_measure/datasets/New folder/bma pbf tfa/bma_imgs/pos002_3/pos002_3_page_8.png,0.06710243225097656
center_top1,contrast,1.1,1.0,0.06689929962158203,bma,/home/dineth/focus_measure/datasets/New folder/bma pbf tfa/bma_imgs/pos002_3/pos002_3_page_8.png,0.06689929962158203
random_k@k=1,blur,0.8,1.0,,bma,/home/dineth/focus_measure/datasets/New folder/bma pbf tfa/bma_imgs/pos002_3/pos002_3_page_8.png,
random_k@k=1,blur,1.2,1.0,0.27714526653289795,bma,/home/dineth/focus_measure/datasets/New folder/bma pbf tfa/bma_imgs/pos002_3/pos002_3_page_8.png,0.27714526653289795
random_k@k=1,noise,0.01,1.0,-0.04286682605743408,bma,/home/dineth/focus_measure/datasets/New folder/bma pbf tfa/bma_imgs/pos002_3/pos002_3_page_8.png,-0.04286682605743408
random_k@k=1,noise,0.02,1.0,0.03895771503448486,bma,/home/dineth/focus_measure/datasets/New folder/bma pbf tfa/bma_imgs/pos002_3/pos002_3_page_8.png,0.03895771503448486
random_k@k=1,brightness,0.05,1.0,0.058769822120666504,bma,/home/dineth/focus_measure/datasets/New folder/bma pbf tfa/bma_imgs/pos002_3/pos002_3_page_8.png,0.058769822120666504
random_k@k=1,brightness,-0.05,1.0,0.05892038345336914,bma,/home/dineth/focus_measure/datasets/New folder/bma pbf tfa/bma_imgs/pos002_3/pos002_3_page_8.png,0.05892038345336914
random_k@k=1,contrast,0.9,1.0,0.05893540382385254,bma,/home/dineth/focus_measure/datasets/New folder/bma pbf tfa/bma_imgs/pos002_3/pos002_3_page_8.png,0.05893540382385254
random_k@k=1,contrast,1.1,1.0,0.05869650840759277,bma,/home/dineth/focus_measure/datasets/New folder/bma pbf tfa/bma_imgs/pos002_3/pos002_3_page_8.png,0.05869650840759277
random_k@k=3,blur,0.8,1.0,0.23880493640899658,bma,/home/dineth/focus_measure/datasets/New folder/bma pbf tfa/bma_imgs/pos002_3/pos002_3_page_8.png,0.23880493640899658
random_k@k=3,blur,1.2,1.0,0.24076640605926514,bma,/home/dineth/focus_measure/datasets/New folder/bma pbf tfa/bma_imgs/pos002_3/pos002_3_page_8.png,0.24076640605926514
random_k@k=3,noise,0.01,1.0,-0.0850456953048706,bma,/home/dineth/focus_measure/datasets/New folder/bma pbf tfa/bma_imgs/pos002_3/pos002_3_page_8.png,-0.0850456953048706
random_k@k=3,noise,0.02,1.0,0.0739063024520874,bma,/home/dineth/focus_measure/datasets/New folder/bma pbf tfa/bma_imgs/pos002_3/pos002_3_page_8.png,0.0739063024520874
random_k@k=3,brightness,0.05,1.0,0.09325754642486572,bma,/home/dineth/focus_measure/datasets/New folder/bma pbf tfa/bma_imgs/pos002_3/pos002_3_page_8.png,0.09325754642486572
random_k@k=3,brightness,-0.05,1.0,0.09330868721008301,bma,/home/dineth/focus_measure/datasets/New folder/bma pbf tfa/bma_imgs/pos002_3/pos002_3_page_8.png,0.09330868721008301
random_k@k=3,contrast,0.9,1.0,0.09328591823577881,bma,/home/dineth/focus_measure/datasets/New folder/bma pbf tfa/bma_imgs/pos002_3/pos002_3_page_8.png,0.09328591823577881
random_k@k=3,contrast,1.1,1.0,0.0932532548904419,bma,/home/dineth/focus_measure/datasets/New folder/bma pbf tfa/bma_imgs/pos002_3/pos002_3_page_8.png,0.0932532548904419
random_k@k=5,blur,0.8,1.0,0.35418570041656494,bma,/home/dineth/focus_measure/datasets/New folder/bma pbf tfa/bma_imgs/pos002_3/pos002_3_page_8.png,0.35418570041656494
random_k@k=5,blur,1.2,1.0,0.35661983489990234,bma,/home/dineth/focus_measure/datasets/New folder/bma pbf tfa/bma_imgs/pos002_3/pos002_3_page_8.png,0.35661983489990234
random_k@k=5,noise,0.01,1.0,0.029965519905090332,bma,/home/dineth/focus_measure/datasets/New folder/bma pbf tfa/bma_imgs/pos002_3/pos002_3_page_8.png,0.029965519905090332
random_k@k=5,noise,0.02,1.0,0.20132958889007568,bma,/home/dineth/focus_measure/datasets/New folder/bma pbf tfa/bma_imgs/pos002_3/pos002_3_page_8.png,0.20132958889007568
random_k@k=5,brightness,0.05,1.0,0.20884406566619873,bma,/home/dineth/focus_measure/datasets/New folder/bma pbf tfa/bma_imgs/pos002_3/pos002_3_page_8.png,0.20884406566619873
random_k@k=5,brightness,-0.05,1.0,0.20898795127868652,bma,/home/dineth/focus_measure/datasets/New folder/bma pbf tfa/bma_imgs/pos002_3/pos002_3_page_8.png,0.20898795127868652
random_k@k=5,contrast,0.9,1.0,0.20899665355682373,bma,/home/dineth/focus_measure/datasets/New folder/bma pbf tfa/bma_imgs/pos002_3/pos002_3_page_8.png,0.20899665355682373
random_k@k=5,contrast,1.1,1.0,0.20876312255859375,bma,/home/dineth/focus_measure/datasets/New folder/bma pbf tfa/bma_imgs/pos002_3/pos002_3_page_8.png,0.20876312255859375
random_k@k=7,blur,0.8,1.0,0.29215312004089355,bma,/home/dineth/focus_measure/datasets/New folder/bma pbf tfa/bma_imgs/pos002_3/pos002_3_page_8.png,0.29215312004089355
random_k@k=7,blur,1.2,1.0,0.29458725452423096,bma,/home/dineth/focus_measure/datasets/New folder/bma pbf tfa/bma_imgs/pos002_3/pos002_3_page_8.png,0.29458725452423096
random_k@k=7,noise,0.01,1.0,-0.032067060470581055,bma,/home/dineth/focus_measure/datasets/New folder/bma pbf tfa/bma_imgs/pos002_3/pos002_3_page_8.png,-0.032067060470581055
random_k@k=7,noise,0.02,1.0,0.1783754825592041,bma,/home/dineth/focus_measure/datasets/New folder/bma pbf tfa/bma_imgs/pos002_3/pos002_3_page_8.png,0.1783754825592041
random_k@k=7,brightness,0.05,1.0,0.167822003364563,bma,/home/dineth/focus_measure/datasets/New folder/bma pbf tfa/bma_imgs/pos002_3/pos002_3_page_8.png,0.167822003364563
random_k@k=7,brightness,-0.05,1.0,0.180627703666687,bma,/home/dineth/focus_measure/datasets/New folder/bma pbf tfa/bma_imgs/pos002_3/pos002_3_page_8.png,0.180627703666687
random_k@k=7,contrast,0.9,1.0,0.16797149181365967,bma,/home/dineth/focus_measure/datasets/New folder/bma pbf tfa/bma_imgs/pos002_3/pos002_3_page_8.png,0.16797149181365967
random_k@k=7,contrast,1.1,1.0,0.17348408699035645,bma,/home/dineth/focus_measure/datasets/New folder/bma pbf tfa/bma_imgs/pos002_3/pos002_3_page_8.png,0.17348408699035645
focus_only_topk@k=1,blur,0.8,1.0,0.22232592105865479,bma,/home/dineth/focus_measure/datasets/New folder/bma pbf tfa/bma_imgs/pos002_3/pos002_3_page_8.png,0.22232592105865479
focus_only_topk@k=1,blur,1.2,1.0,0.24941718578338623,bma,/home/dineth/focus_measure/datasets/New folder/bma pbf tfa/bma_imgs/pos002_3/pos002_3_page_8.png,0.24941718578338623
focus_only_topk@k=1,noise,0.01,1.0,-0.1636868715286255,bma,/home/dineth/focus_measure/datasets/New folder/bma pbf tfa/bma_imgs/pos002_3/pos002_3_page_8.png,-0.1636868715286255
focus_only_topk@k=1,noise,0.02,1.0,0.3462895154953003,bma,/home/dineth/focus_measure/datasets/New folder/bma pbf tfa/bma_imgs/pos002_3/pos002_3_page_8.png,0.3462895154953003
focus_only_topk@k=1,brightness,0.05,1.0,0.16846883296966553,bma,/home/dineth/focus_measure/datasets/New folder/bma pbf tfa/bma_imgs/pos002_3/pos002_3_page_8.png,0.16846883296966553
focus_only_topk@k=1,brightness,-0.05,1.0,0.18835556507110596,bma,/home/dineth/focus_measure/datasets/New folder/bma pbf tfa/bma_imgs/pos002_3/pos002_3_page_8.png,0.18835556507110596
focus_only_topk@k=1,contrast,0.9,1.0,0.16835713386535645,bma,/home/dineth/focus_measure/datasets/New folder/bma pbf tfa/bma_imgs/pos002_3/pos002_3_page_8.png,0.16835713386535645
focus_only_topk@k=1,contrast,1.1,1.0,0.17494118213653564,bma,/home/dineth/focus_measure/datasets/New folder/bma pbf tfa/bma_imgs/pos002_3/pos002_3_page_8.png,0.17494118213653564
focus_only_topk@k=3,blur,0.8,1.0,0.2221301794052124,bma,/home/dineth/focus_measure/datasets/New folder/bma pbf tfa/bma_imgs/pos002_3/pos002_3_page_8.png,0.2221301794052124
focus_only_topk@k=3,blur,1.2,1.0,0.24935883283615112,bma,/home/dineth/focus_measure/datasets/New folder/bma pbf tfa/bma_imgs/pos002_3/pos002_3_page_8.png,0.24935883283615112
focus_only_topk@k=3,noise,0.01,0.2,-0.05072128772735596,bma,/home/dineth/focus_measure/datasets/New folder/bma pbf tfa/bma_imgs/pos002_3/pos002_3_page_8.png,-0.05072128772735596
focus_only_topk@k=3,noise,0.02,0.2,1.1157361268997192,bma,/home/dineth/focus_measure/datasets/New folder/bma pbf tfa/bma_imgs/pos002_3/pos002_3_page_8.png,1.1157361268997192
focus_only_topk@k=3,brightness,0.05,1.0,0.16822433471679688,bma,/home/dineth/focus_measure/datasets/New folder/bma pbf tfa/bma_imgs/pos002_3/pos002_3_page_8.png,0.16822433471679688
focus_only_topk@k=3,brightness,-0.05,1.0,0.18826985359191895,bma,/home/dineth/focus_measure/datasets/New folder/bma pbf tfa/bma_imgs/pos002_3/pos002_3_page_8.png,0.18826985359191895
focus_only_topk@k=3,contrast,0.9,1.0,0.16847646236419678,bma,/home/dineth/focus_measure/datasets/New folder/bma pbf tfa/bma_imgs/pos002_3/pos002_3_page_8.png,0.16847646236419678
focus_only_topk@k=3,contrast,1.1,1.0,0.17490828037261963,bma,/home/dineth/focus_measure/datasets/New folder/bma pbf tfa/bma_imgs/pos002_3/pos002_3_page_8.png,0.17490828037261963
focus_only_topk@k=5,blur,0.8,1.0,0.19389379024505615,bma,/home/dineth/focus_measure/datasets/New folder/bma pbf tfa/bma_imgs/pos002_3/pos002_3_page_8.png,0.19389379024505615
focus_only_topk@k=5,blur,1.2,1.0,0.19329959154129028,bma,/home/dineth/focus_measure/datasets/New folder/bma pbf tfa/bma_imgs/pos002_3/pos002_3_page_8.png,0.19329959154129028
focus_only_topk@k=5,noise,0.01,0.6666666666666666,-0.11546444892883301,bma,/home/dineth/focus_measure/datasets/New folder/bma pbf tfa/bma_imgs/pos002_3/pos002_3_page_8.png,-0.11546444892883301
focus_only_topk@k=5,noise,0.02,0.25,1.051370620727539,bma,/home/dineth/focus_measure/datasets/New folder/bma pbf tfa/bma_imgs/pos002_3/pos002_3_page_8.png,1.051370620727539
focus_only_topk@k=5,brightness,0.05,1.0,0.18469202518463135,bma,/home/dineth/focus_measure/datasets/New folder/bma pbf tfa/bma_imgs/pos002_3/pos002_3_page_8.png,0.18469202518463135
focus_only_topk@k=5,brightness,-0.05,1.0,0.19265246391296387,bma,/home/dineth/focus_measure/datasets/New folder/bma pbf tfa/bma_imgs/pos002_3/pos002_3_page_8.png,0.19265246391296387
focus_only_topk@k=5,contrast,0.9,1.0,0.18463826179504395,bma,/home/dineth/focus_measure/datasets/New folder/bma pbf tfa/bma_imgs/pos002_3/pos002_3_page_8.png,0.18463826179504395
focus_only_topk@k=5,contrast,1.1,1.0,0.18443083763122559,bma,/home/dineth/focus_measure/datasets/New folder/bma pbf tfa/bma_imgs/pos002_3/pos002_3_page_8.png,0.18443083763122559
focus_only_topk@k=7,blur,0.8,1.0,0.24112999439239502,bma,/home/dineth/focus_measure/datasets/New folder/bma pbf tfa/bma_imgs/pos002_3/pos002_3_page_8.png,0.24112999439239502
focus_only_topk@k=7,blur,1.2,0.75,0.2494080662727356,bma,/home/dineth/focus_measure/datasets/New folder/bma pbf tfa/bma_imgs/pos002_3/pos002_3_page_8.png,0.2494080662727356
focus_only_topk@k=7,noise,0.01,1.0,-0.17835640907287598,bma,/home/dineth/focus_measure/datasets/New folder/bma pbf tfa/bma_imgs/pos002_3/pos002_3_page_8.png,-0.17835640907287598
focus_only_topk@k=7,noise,0.02,0.75,0.9555987119674683,bma,/home/dineth/focus_measure/datasets/New folder/bma pbf tfa/bma_imgs/pos002_3/pos002_3_page_8.png,0.9555987119674683
focus_only_topk@k=7,brightness,0.05,1.0,0.16846919059753418,bma,/home/dineth/focus_measure/datasets/New folder/bma pbf tfa/bma_imgs/pos002_3/pos002_3_page_8.png,0.16846919059753418
focus_only_topk@k=7,brightness,-0.05,1.0,0.18835508823394775,bma,/home/dineth/focus_measure/datasets/New folder/bma pbf tfa/bma_imgs/pos002_3/pos002_3_page_8.png,0.18835508823394775
focus_only_topk@k=7,contrast,0.9,1.0,0.16836202144622803,bma,/home/dineth/focus_measure/datasets/New folder/bma pbf tfa/bma_imgs/pos002_3/pos002_3_page_8.png,0.16836202144622803
focus_only_topk@k=7,contrast,1.1,1.0,0.1749485731124878,bma,/home/dineth/focus_measure/datasets/New folder/bma pbf tfa/bma_imgs/pos002_3/pos002_3_page_8.png,0.1749485731124878
occupancy_only_topk@k=1,blur,0.8,1.0,0.22232592105865479,bma,/home/dineth/focus_measure/datasets/New folder/bma pbf tfa/bma_imgs/pos002_3/pos002_3_page_8.png,0.22232592105865479
occupancy_only_topk@k=1,blur,1.2,1.0,0.24941718578338623,bma,/home/dineth/focus_measure/datasets/New folder/bma pbf tfa/bma_imgs/pos002_3/pos002_3_page_8.png,0.24941718578338623
occupancy_only_topk@k=1,noise,0.01,1.0,-0.1636868715286255,bma,/home/dineth/focus_measure/datasets/New folder/bma pbf tfa/bma_imgs/pos002_3/pos002_3_page_8.png,-0.1636868715286255
occupancy_only_topk@k=1,noise,0.02,1.0,0.3462895154953003,bma,/home/dineth/focus_measure/datasets/New folder/bma pbf tfa/bma_imgs/pos002_3/pos002_3_page_8.png,0.3462895154953003
occupancy_only_topk@k=1,brightness,0.05,0.0,0.010510087013244629,bma,/home/dineth/focus_measure/datasets/New folder/bma pbf tfa/bma_imgs/pos002_3/pos002_3_page_8.png,0.010510087013244629
occupancy_only_topk@k=1,brightness,-0.05,0.0,0.404060959815979,bma,/home/dineth/focus_measure/datasets/New folder/bma pbf tfa/bma_imgs/pos002_3/pos002_3_page_8.png,0.404060959815979
occupancy_only_topk@k=1,contrast,0.9,1.0,0.16835713386535645,bma,/home/dineth/focus_measure/datasets/New folder/bma pbf tfa/bma_imgs/pos002_3/pos002_3_page_8.png,0.16835713386535645
occupancy_only_topk@k=1,contrast,1.1,1.0,0.17494118213653564,bma,/home/dineth/focus_measure/datasets/New folder/bma pbf tfa/bma_imgs/pos002_3/pos002_3_page_8.png,0.17494118213653564
occupancy_only_topk@k=3,blur,0.8,1.0,0.20287847518920898,bma,/home/dineth/focus_measure/datasets/New folder/bma pbf tfa/bma_imgs/pos002_3/pos002_3_page_8.png,0.20287847518920898
occupancy_only_topk@k=3,blur,1.2,1.0,0.23367071151733398,bma,/home/dineth/focus_measure/datasets/New folder/bma pbf tfa/bma_imgs/pos002_3/pos002_3_page_8.png,0.23367071151733398
occupancy_only_topk@k=3,noise,0.01,1.0,0.11679041385650635,bma,/home/dineth/focus_measure/datasets/New folder/bma pbf tfa/bma_imgs/pos002_3/pos002_3_page_8.png,0.11679041385650635
occupancy_only_topk@k=3,noise,0.02,0.5,0.45882952213287354,bma,/home/dineth/focus_measure/datasets/New folder/bma pbf tfa/bma_imgs/pos002_3/pos002_3_page_8.png,0.45882952213287354
occupancy_only_topk@k=3,brightness,0.05,1.0,0.12303698062896729,bma,/home/dineth/focus_measure/datasets/New folder/bma pbf tfa/bma_imgs/pos002_3/pos002_3_page_8.png,0.12303698062896729
occupancy_only_topk@k=3,brightness,-0.05,0.5,0.3008084297180176,bma,/home/dineth/focus_measure/datasets/New folder/bma pbf tfa/bma_imgs/pos002_3/pos002_3_page_8.png,0.3008084297180176
occupancy_only_topk@k=3,contrast,0.9,1.0,0.12312197685241699,bma,/home/dineth/focus_measure/datasets/New folder/bma pbf tfa/bma_imgs/pos002_3/pos002_3_page_8.png,0.12312197685241699
occupancy_only_topk@k=3,contrast,1.1,0.5,0.28744685649871826,bma,/home/dineth/focus_measure/datasets/New folder/bma pbf tfa/bma_imgs/pos002_3/pos002_3_page_8.png,0.28744685649871826
occupancy_only_topk@k=5,blur,0.8,1.0,0.29784202575683594,bma,/home/dineth/focus_measure/datasets/New folder/bma pbf tfa/bma_imgs/pos002_3/pos002_3_page_8.png,0.29784202575683594
occupancy_only_topk@k=5,blur,1.2,1.0,0.3249266743659973,bma,/home/dineth/focus_measure/datasets/New folder/bma pbf tfa/bma_imgs/pos002_3/pos002_3_page_8.png,0.3249266743659973
occupancy_only_topk@k=5,noise,0.01,1.0,-0.10283780097961426,bma,/home/dineth/focus_measure/datasets/New folder/bma pbf tfa/bma_imgs/pos002_3/pos002_3_page_8.png,-0.10283780097961426
occupancy_only_topk@k=5,noise,0.02,1.0,0.9751619100570679,bma,/home/dineth/focus_measure/datasets/New folder/bma pbf tfa/bma_imgs/pos002_3/pos002_3_page_8.png,0.9751619100570679
occupancy_only_topk@k=5,brightness,0.05,0.6666666666666666,0.2439877986907959,bma,/home/dineth/focus_measure/datasets/New folder/bma pbf tfa/bma_imgs/pos002_3/pos002_3_page_8.png,0.2439877986907959
occupancy_only_topk@k=5,brightness,-0.05,0.6666666666666666,0.09882283210754395,bma,/home/dineth/focus_measure/datasets/New folder/bma pbf tfa/bma_imgs/pos002_3/pos002_3_page_8.png,0.09882283210754395
occupancy_only_topk@k=5,contrast,0.9,0.6666666666666666,0.24388062953948975,bma,/home/dineth/focus_measure/datasets/New folder/bma pbf tfa/bma_imgs/pos002_3/pos002_3_page_8.png,0.24388062953948975
occupancy_only_topk@k=5,contrast,1.1,1.0,0.16907942295074463,bma,/home/dineth/focus_measure/datasets/New folder/bma pbf tfa/bma_imgs/pos002_3/pos002_3_page_8.png,0.16907942295074463
occupancy_only_topk@k=7,blur,0.8,1.0,0.29784202575683594,bma,/home/dineth/focus_measure/datasets/New folder/bma pbf tfa/bma_imgs/pos002_3/pos002_3_page_8.png,0.29784202575683594
occupancy_only_topk@k=7,blur,1.2,1.0,0.3249266743659973,bma,/home/dineth/focus_measure/datasets/New folder/bma pbf tfa/bma_imgs/pos002_3/pos002_3_page_8.png,0.3249266743659973
occupancy_only_topk@k=7,noise,0.01,1.0,-0.10283780097961426,bma,/home/dineth/focus_measure/datasets/New folder/bma pbf tfa/bma_imgs/pos002_3/pos002_3_page_8.png,-0.10283780097961426
occupancy_only_topk@k=7,noise,0.02,1.0,0.9751619100570679,bma,/home/dineth/focus_measure/datasets/New folder/bma pbf tfa/bma_imgs/pos002_3/pos002_3_page_8.png,0.9751619100570679
occupancy_only_topk@k=7,brightness,0.05,0.5555555555555556,0.2439877986907959,bma,/home/dineth/focus_measure/datasets/New folder/bma pbf tfa/bma_imgs/pos002_3/pos002_3_page_8.png,0.2439877986907959
occupancy_only_topk@k=7,brightness,-0.05,1.0,0.16906869411468506,bma,/home/dineth/focus_measure/datasets/New folder/bma pbf tfa/bma_imgs/pos002_3/pos002_3_page_8.png,0.16906869411468506
occupancy_only_topk@k=7,contrast,0.9,0.75,0.0861666202545166,bma,/home/dineth/focus_measure/datasets/New folder/bma pbf tfa/bma_imgs/pos002_3/pos002_3_page_8.png,0.0861666202545166
occupancy_only_topk@k=7,contrast,1.1,1.0,0.16907942295074463,bma,/home/dineth/focus_measure/datasets/New folder/bma pbf tfa/bma_imgs/pos002_3/pos002_3_page_8.png,0.16907942295074463
hybrid_proposed,blur,0.8,0.9649122807017544,0.2259448766708374,bma,/home/dineth/focus_measure/datasets/New folder/bma pbf tfa/bma_imgs/pos002_3/pos002_3_page_8.png,0.2259448766708374
hybrid_proposed,blur,1.2,0.9649122807017544,0.2258613109588623,bma,/home/dineth/focus_measure/datasets/New folder/bma pbf tfa/bma_imgs/pos002_3/pos002_3_page_8.png,0.2258613109588623
hybrid_proposed,noise,0.01,0.9310344827586207,0.1606733798980713,bma,/home/dineth/focus_measure/datasets/New folder/bma pbf tfa/bma_imgs/pos002_3/pos002_3_page_8.png,0.1606733798980713
hybrid_proposed,noise,0.02,0.8666666666666667,1.2025774717330933,bma,/home/dineth/focus_measure/datasets/New folder/bma pbf tfa/bma_imgs/pos002_3/pos002_3_page_8.png,1.2025774717330933
hybrid_proposed,brightness,0.05,0.9310344827586207,0.12014627456665039,bma,/home/dineth/focus_measure/datasets/New folder/bma pbf tfa/bma_imgs/pos002_3/pos002_3_page_8.png,0.12014627456665039
hybrid_proposed,brightness,-0.05,0.8666666666666667,0.12034010887145996,bma,/home/dineth/focus_measure/datasets/New folder/bma pbf tfa/bma_imgs/pos002_3/pos002_3_page_8.png,0.12034010887145996
hybrid_proposed,contrast,0.9,0.9310344827586207,0.12015855312347412,bma,/home/dineth/focus_measure/datasets/New folder/bma pbf tfa/bma_imgs/pos002_3/pos002_3_page_8.png,0.12015855312347412
hybrid_proposed,contrast,1.1,0.8983050847457628,0.11991524696350098,bma,/home/dineth/focus_measure/datasets/New folder/bma pbf tfa/bma_imgs/pos002_3/pos002_3_page_8.png,0.11991524696350098
all_rois,blur,0.8,1.0,0.2389681339263916,bma,/home/dineth/focus_measure/datasets/New folder/bma pbf tfa/bma_imgs/pos002_3/pos002_3_page_8.png,0.2389681339263916
all_rois,blur,1.2,1.0,0.34387099742889404,bma,/home/dineth/focus_measure/datasets/New folder/bma pbf tfa/bma_imgs/pos002_3/pos002_3_page_8.png,0.34387099742889404
all_rois,noise,0.01,1.0,0.004209280014038086,bma,/home/dineth/focus_measure/datasets/New folder/bma pbf tfa/bma_imgs/pos002_3/pos002_3_page_8.png,0.004209280014038086
all_rois,noise,0.02,1.0,0.5475754737854004,bma,/home/dineth/focus_measure/datasets/New folder/bma pbf tfa/bma_imgs/pos002_3/pos002_3_page_8.png,0.5475754737854004
all_rois,brightness,0.05,1.0,0.10900616645812988,bma,/home/dineth/focus_measure/datasets/New folder/bma pbf tfa/bma_imgs/pos002_3/pos002_3_page_8.png,0.10900616645812988
all_rois,brightness,-0.05,1.0,0.10894107818603516,bma,/home/dineth/focus_measure/datasets/New folder/bma pbf tfa/bma_imgs/pos002_3/pos002_3_page_8.png,0.10894107818603516
all_rois,contrast,0.9,1.0,0.1090472936630249,bma,/home/dineth/focus_measure/datasets/New folder/bma pbf tfa/bma_imgs/pos002_3/pos002_3_page_8.png,0.1090472936630249
all_rois,contrast,1.1,1.0,0.10876452922821045,bma,/home/dineth/focus_measure/datasets/New folder/bma pbf tfa/bma_imgs/pos002_3/pos002_3_page_8.png,0.10876452922821045
cnn_adaptive,blur,0.8,0.9649122807017544,0.2259448766708374,bma,/home/dineth/focus_measure/datasets/New folder/bma pbf tfa/bma_imgs/pos002_3/pos002_3_page_8.png,0.2259448766708374
cnn_adaptive,blur,1.2,0.9649122807017544,0.2258613109588623,bma,/home/dineth/focus_measure/datasets/New folder/bma pbf tfa/bma_imgs/pos002_3/pos002_3_page_8.png,0.2258613109588623
cnn_adaptive,noise,0.01,0.9310344827586207,0.1606733798980713,bma,/home/dineth/focus_measure/datasets/New folder/bma pbf tfa/bma_imgs/pos002_3/pos002_3_page_8.png,0.1606733798980713
cnn_adaptive,noise,0.02,0.8666666666666667,1.2025774717330933,bma,/home/dineth/focus_measure/datasets/New folder/bma pbf tfa/bma_imgs/pos002_3/pos002_3_page_8.png,1.2025774717330933
cnn_adaptive,brightness,0.05,0.9310344827586207,0.12014627456665039,bma,/home/dineth/focus_measure/datasets/New folder/bma pbf tfa/bma_imgs/pos002_3/pos002_3_page_8.png,0.12014627456665039
cnn_adaptive,brightness,-0.05,0.8666666666666667,0.12034010887145996,bma,/home/dineth/focus_measure/datasets/New folder/bma pbf tfa/bma_imgs/pos002_3/pos002_3_page_8.png,0.12034010887145996
cnn_adaptive,contrast,0.9,0.9310344827586207,0.12015855312347412,bma,/home/dineth/focus_measure/datasets/New folder/bma pbf tfa/bma_imgs/pos002_3/pos002_3_page_8.png,0.12015855312347412
cnn_adaptive,contrast,1.1,0.8983050847457628,0.11991524696350098,bma,/home/dineth/focus_measure/datasets/New folder/bma pbf tfa/bma_imgs/pos002_3/pos002_3_page_8.png,0.11991524696350098
center_top1,blur,0.8,1.0,0.05299019813537598,bma,/home/dineth/focus_measure/datasets/New folder/bma pbf tfa/bma_imgs/pos004_0/pos004_0_page_12.png,0.05299019813537598
center_top1,blur,1.2,1.0,3.6955310106277466,bma,/home/dineth/focus_measure/datasets/New folder/bma pbf tfa/bma_imgs/pos004_0/pos004_0_page_12.png,3.6955310106277466
center_top1,noise,0.01,1.0,1.4259403944015503,bma,/home/dineth/focus_measure/datasets/New folder/bma pbf tfa/bma_imgs/pos004_0/pos004_0_page_12.png,1.4259403944015503
center_top1,noise,0.02,1.0,0.9881414175033569,bma,/home/dineth/focus_measure/datasets/New folder/bma pbf tfa/bma_imgs/pos004_0/pos004_0_page_12.png,0.9881414175033569
center_top1,brightness,0.05,1.0,0.12521779537200928,bma,/home/dineth/focus_measure/datasets/New folder/bma pbf tfa/bma_imgs/pos004_0/pos004_0_page_12.png,0.12521779537200928
center_top1,brightness,-0.05,1.0,0.7245267033576965,bma,/home/dineth/focus_measure/datasets/New folder/bma pbf tfa/bma_imgs/pos004_0/pos004_0_page_12.png,0.7245267033576965
center_top1,contrast,0.9,1.0,0.12518608570098877,bma,/home/dineth/focus_measure/datasets/New folder/bma pbf tfa/bma_imgs/pos004_0/pos004_0_page_12.png,0.12518608570098877
center_top1,contrast,1.1,1.0,0.7649233937263489,bma,/home/dineth/focus_measure/datasets/New folder/bma pbf tfa/bma_imgs/pos004_0/pos004_0_page_12.png,0.7649233937263489
random_k@k=1,blur,0.8,1.0,,bma,/home/dineth/focus_measure/datasets/New folder/bma pbf tfa/bma_imgs/pos004_0/pos004_0_page_12.png,
random_k@k=1,blur,1.2,1.0,2.9311989545822144,bma,/home/dineth/focus_measure/datasets/New folder/bma pbf tfa/bma_imgs/pos004_0/pos004_0_page_12.png,2.9311989545822144
random_k@k=1,noise,0.01,1.0,0.20165252685546875,bma,/home/dineth/focus_measure/datasets/New folder/bma pbf tfa/bma_imgs/pos004_0/pos004_0_page_12.png,0.20165252685546875
random_k@k=1,noise,0.02,1.0,-0.01879739761352539,bma,/home/dineth/focus_measure/datasets/New folder/bma pbf tfa/bma_imgs/pos004_0/pos004_0_page_12.png,-0.01879739761352539
random_k@k=1,brightness,0.05,1.0,0.11298549175262451,bma,/home/dineth/focus_measure/datasets/New folder/bma pbf tfa/bma_imgs/pos004_0/pos004_0_page_12.png,0.11298549175262451
random_k@k=1,brightness,-0.05,1.0,0.5291867852210999,bma,/home/dineth/focus_measure/datasets/New folder/bma pbf tfa/bma_imgs/pos004_0/pos004_0_page_12.png,0.5291867852210999
random_k@k=1,contrast,0.9,1.0,0.11309671401977539,bma,/home/dineth/focus_measure/datasets/New folder/bma pbf tfa/bma_imgs/pos004_0/pos004_0_page_12.png,0.11309671401977539
random_k@k=1,contrast,1.1,1.0,0.3926580548286438,bma,/home/dineth/focus_measure/datasets/New folder/bma pbf tfa/bma_imgs/pos004_0/pos004_0_page_12.png,0.3926580548286438
random_k@k=3,blur,0.8,1.0,-0.37536823749542236,bma,/home/dineth/focus_measure/datasets/New folder/bma pbf tfa/bma_imgs/pos004_0/pos004_0_page_12.png,-0.37536823749542236
random_k@k=3,blur,1.2,1.0,2.8915762901306152,bma,/home/dineth/focus_measure/datasets/New folder/bma pbf tfa/bma_imgs/pos004_0/pos004_0_page_12.png,2.8915762901306152
random_k@k=3,noise,0.01,1.0,0.8438419103622437,bma,/home/dineth/focus_measure/datasets/New folder/bma pbf tfa/bma_imgs/pos004_0/pos004_0_page_12.png,0.8438419103622437
random_k@k=3,noise,0.02,1.0,0.128259539604187,bma,/home/dineth/focus_measure/datasets/New folder/bma pbf tfa/bma_imgs/pos004_0/pos004_0_page_12.png,0.128259539604187
random_k@k=3,brightness,0.05,1.0,-0.302665114402771,bma,/home/dineth/focus_measure/datasets/New folder/bma pbf tfa/bma_imgs/pos004_0/pos004_0_page_12.png,-0.302665114402771
random_k@k=3,brightness,-0.05,1.0,0.3408240079879761,bma,/home/dineth/focus_measure/datasets/New folder/bma pbf tfa/bma_imgs/pos004_0/pos004_0_page_12.png,0.3408240079879761
random_k@k=3,contrast,0.9,1.0,-0.302730917930603,bma,/home/dineth/focus_measure/datasets/New folder/bma pbf tfa/bma_imgs/pos004_0/pos004_0_page_12.png,-0.302730917930603
random_k@k=3,contrast,1.1,1.0,0.29855895042419434,bma,/home/dineth/focus_measure/datasets/New folder/bma pbf tfa/bma_imgs/pos004_0/pos004_0_page_12.png,0.29855895042419434
random_k@k=5,blur,0.8,1.0,-0.4310007095336914,bma,/home/dineth/focus_measure/datasets/New folder/bma pbf tfa/bma_imgs/pos004_0/pos004_0_page_12.png,-0.4310007095336914
random_k@k=5,blur,1.2,1.0,3.0392040014266968,bma,/home/dineth/focus_measure/datasets/New folder/bma pbf tfa/bma_imgs/pos004_0/pos004_0_page_12.png,3.0392040014266968
random_k@k=5,noise,0.01,1.0,0.7664269208908081,bma,/home/dineth/focus_measure/datasets/New folder/bma pbf tfa/bma_imgs/pos004_0/pos004_0_page_12.png,0.7664269208908081
random_k@k=5,noise,0.02,1.0,0.07248532772064209,bma,/home/dineth/focus_measure/datasets/New folder/bma pbf tfa/bma_imgs/pos004_0/pos004_0_page_12.png,0.07248532772064209
random_k@k=5,brightness,0.05,1.0,-0.3588435649871826,bma,/home/dineth/focus_measure/datasets/New folder/bma pbf tfa/bma_imgs/pos004_0/pos004_0_page_12.png,-0.3588435649871826
random_k@k=5,brightness,-0.05,1.0,0.265453577041626,bma,/home/dineth/focus_measure/datasets/New folder/bma pbf tfa/bma_imgs/pos004_0/pos004_0_page_12.png,0.265453577041626
random_k@k=5,contrast,0.9,1.0,-0.35888028144836426,bma,/home/dineth/focus_measure/datasets/New folder/bma pbf tfa/bma_imgs/pos004_0/pos004_0_page_12.png,-0.35888028144836426
random_k@k=5,contrast,1.1,1.0,0.24278056621551514,bma,/home/dineth/focus_measure/datasets/New folder/bma pbf tfa/bma_imgs/pos004_0/pos004_0_page_12.png,0.24278056621551514
random_k@k=7,blur,0.8,1.0,0.0020693540573120117,bma,/home/dineth/focus_measure/datasets/New folder/bma pbf tfa/bma_imgs/pos004_0/pos004_0_page_12.png,0.0020693540573120117
random_k@k=7,blur,1.2,1.0,3.1653372049331665,bma,/home/dineth/focus_measure/datasets/New folder/bma pbf tfa/bma_imgs/pos004_0/pos004_0_page_12.png,3.1653372049331665
random_k@k=7,noise,0.01,1.0,0.8442190885543823,bma,/home/dineth/focus_measure/datasets/New folder/bma pbf tfa/bma_imgs/pos004_0/pos004_0_page_12.png,0.8442190885543823
random_k@k=7,noise,0.02,1.0,0.22382676601409912,bma,/home/dineth/focus_measure/datasets/New folder/bma pbf tfa/bma_imgs/pos004_0/pos004_0_page_12.png,0.22382676601409912
random_k@k=7,brightness,0.05,1.0,-0.44362199306488037,bma,/home/dineth/focus_measure/datasets/New folder/bma pbf tfa/bma_imgs/pos004_0/pos004_0_page_12.png,-0.44362199306488037
random_k@k=7,brightness,-0.05,1.0,0.3628065586090088,bma,/home/dineth/focus_measure/datasets/New folder/bma pbf tfa/bma_imgs/pos004_0/pos004_0_page_12.png,0.3628065586090088
random_k@k=7,contrast,0.9,1.0,-0.4435267448425293,bma,/home/dineth/focus_measure/datasets/New folder/bma pbf tfa/bma_imgs/pos004_0/pos004_0_page_12.png,-0.4435267448425293
random_k@k=7,contrast,1.1,1.0,0.35831546783447266,bma,/home/dineth/focus_measure/datasets/New folder/bma pbf tfa/bma_imgs/pos004_0/pos004_0_page_12.png,0.35831546783447266
focus_only_topk@k=1,blur,0.8,1.0,3.2666672468185425,bma,/home/dineth/focus_measure/datasets/New folder/bma pbf tfa/bma_imgs/pos004_0/pos004_0_page_12.png,3.2666672468185425
focus_only_topk@k=1,blur,1.2,1.0,3.26883327960968,bma,/home/dineth/focus_measure/datasets/New folder/bma pbf tfa/bma_imgs/pos004_0/pos004_0_page_12.png,3.26883327960968
focus_only_topk@k=1,noise,0.01,0.0,0.19464361667633057,bma,/home/dineth/focus_measure/datasets/New folder/bma pbf tfa/bma_imgs/pos004_0/pos004_0_page_12.png,0.19464361667633057
focus_only_topk@k=1,noise,0.02,0.0,0.24812328815460205,bma,/home/dineth/focus_measure/datasets/New folder/bma pbf tfa/bma_imgs/pos004_0/pos004_0_page_12.png,0.24812328815460205
focus_only_topk@k=1,brightness,0.05,1.0,-0.03644442558288574,bma,/home/dineth/focus_measure/datasets/New folder/bma pbf tfa/bma_imgs/pos004_0/pos004_0_page_12.png,-0.03644442558288574
focus_only_topk@k=1,brightness,-0.05,0.0,-0.4041740894317627,bma,/home/dineth/focus_measure/datasets/New folder/bma pbf tfa/bma_imgs/pos004_0/pos004_0_page_12.png,-0.4041740894317627
focus_only_topk@k=1,contrast,0.9,1.0,-0.036168575286865234,bma,/home/dineth/focus_measure/datasets/New folder/bma pbf tfa/bma_imgs/pos004_0/pos004_0_page_12.png,-0.036168575286865234
focus_only_topk@k=1,contrast,1.1,0.0,-0.33299553394317627,bma,/home/dineth/focus_measure/datasets/New folder/bma pbf tfa/bma_imgs/pos004_0/pos004_0_page_12.png,-0.33299553394317627
focus_only_topk@k=3,blur,0.8,1.0,3.2670072317123413,bma,/home/dineth/focus_measure/datasets/New folder/bma pbf tfa/bma_imgs/pos004_0/pos004_0_page_12.png,3.2670072317123413
focus_only_topk@k=3,blur,1.2,1.0,2.870512843132019,bma,/home/dineth/focus_measure/datasets/New folder/bma pbf tfa/bma_imgs/pos004_0/pos004_0_page_12.png,2.870512843132019
focus_only_topk@k=3,noise,0.01,1.0,0.19482100009918213,bma,/home/dineth/focus_measure/datasets/New folder/bma pbf tfa/bma_imgs/pos004_0/pos004_0_page_12.png,0.19482100009918213
focus_only_topk@k=3,noise,0.02,0.5,-0.07589256763458252,bma,/home/dineth/focus_measure/datasets/New folder/bma pbf tfa/bma_imgs/pos004_0/pos004_0_page_12.png,-0.07589256763458252
focus_only_topk@k=3,brightness,0.05,1.0,-0.036589622497558594,bma,/home/dineth/focus_measure/datasets/New folder/bma pbf tfa/bma_imgs/pos004_0/pos004_0_page_12.png,-0.036589622497558594
focus_only_topk@k=3,brightness,-0.05,0.0,0.3389211893081665,bma,/home/dineth/focus_measure/datasets/New folder/bma pbf tfa/bma_imgs/pos004_0/pos004_0_page_12.png,0.3389211893081665
focus_only_topk@k=3,contrast,0.9,1.0,-0.03667783737182617,bma,/home/dineth/focus_measure/datasets/New folder/bma pbf tfa/bma_imgs/pos004_0/pos004_0_page_12.png,-0.03667783737182617
focus_only_topk@k=3,contrast,1.1,0.0,-0.09039103984832764,bma,/home/dineth/focus_measure/datasets/New folder/bma pbf tfa/bma_imgs/pos004_0/pos004_0_page_12.png,-0.09039103984832764
focus_only_topk@k=5,blur,0.8,1.0,3.2666701078414917,bma,/home/dineth/focus_measure/datasets/New folder/bma pbf tfa/bma_imgs/pos004_0/pos004_0_page_12.png,3.2666701078414917
focus_only_topk@k=5,blur,1.2,1.0,3.1260002851486206,bma,/home/dineth/focus_measure/datasets/New folder/bma pbf tfa/bma_imgs/pos004_0/pos004_0_page_12.png,3.1260002851486206
focus_only_topk@k=5,noise,0.01,0.6666666666666666,0.19464433193206787,bma,/home/dineth/focus_measure/datasets/New folder/bma pbf tfa/bma_imgs/pos004_0/pos004_0_page_12.png,0.19464433193206787
focus_only_topk@k=5,noise,0.02,0.42857142857142855,-0.010071396827697754,bma,/home/dineth/focus_measure/datasets/New folder/bma pbf tfa/bma_imgs/pos004_0/pos004_0_page_12.png,-0.010071396827697754
focus_only_topk@k=5,brightness,0.05,0.6666666666666666,-0.036445021629333496,bma,/home/dineth/focus_measure/datasets/New folder/bma pbf tfa/bma_imgs/pos004_0/pos004_0_page_12.png,-0.036445021629333496
focus_only_topk@k=5,brightness,-0.05,0.1111111111111111,0.3390282392501831,bma,/home/dineth/focus_measure/datasets/New folder/bma pbf tfa/bma_imgs/pos004_0/pos004_0_page_12.png,0.3390282392501831
focus_only_topk@k=5,contrast,0.9,0.6666666666666666,-0.03616821765899658,bma,/home/dineth/focus_measure/datasets/New folder/bma pbf tfa/bma_imgs/pos004_0/pos004_0_page_12.png,-0.03616821765899658
focus_only_topk@k=5,contrast,1.1,0.1111111111111111,0.2955431342124939,bma,/home/dineth/focus_measure/datasets/New folder/bma pbf tfa/bma_imgs/pos004_0/pos004_0_page_12.png,0.2955431342124939
focus_only_topk@k=7,blur,0.8,1.0,3.112729012966156,bma,/home/dineth/focus_measure/datasets/New folder/bma pbf tfa/bma_imgs/pos004_0/pos004_0_page_12.png,3.112729012966156
focus_only_topk@k=7,blur,1.2,1.0,3.0653223395347595,bma,/home/dineth/focus_measure/datasets/New folder/bma pbf tfa/bma_imgs/pos004_0/pos004_0_page_12.png,3.0653223395347595
focus_only_topk@k=7,noise,0.01,1.0,0.05873602628707886,bma,/home/dineth/focus_measure/datasets/New folder/bma pbf tfa/bma_imgs/pos004_0/pos004_0_page_12.png,0.05873602628707886
focus_only_topk@k=7,noise,0.02,0.5555555555555556,-0.07074934244155884,bma,/home/dineth/focus_measure/datasets/New folder/bma pbf tfa/bma_imgs/pos004_0/pos004_0_page_12.png,-0.07074934244155884
focus_only_topk@k=7,brightness,0.05,1.0,-0.09712296724319458,bma,/home/dineth/focus_measure/datasets/New folder/bma pbf tfa/bma_imgs/pos004_0/pos004_0_page_12.png,-0.09712296724319458
focus_only_topk@k=7,brightness,-0.05,0.16666666666666666,0.278350293636322,bma,/home/dineth/focus_measure/datasets/New folder/bma pbf tfa/bma_imgs/pos004_0/pos004_0_page_12.png,0.278350293636322
focus_only_topk@k=7,contrast,0.9,0.75,-0.09684616327285767,bma,/home/dineth/focus_measure/datasets/New folder/bma pbf tfa/bma_imgs/pos004_0/pos004_0_page_12.png,-0.09684616327285767
focus_only_topk@k=7,contrast,1.1,0.16666666666666666,0.4332558512687683,bma,/home/dineth/focus_measure/datasets/New folder/bma pbf tfa/bma_imgs/pos004_0/pos004_0_page_12.png,0.4332558512687683
occupancy_only_topk@k=1,blur,0.8,1.0,,bma,/home/dineth/focus_measure/datasets/New folder/bma pbf tfa/bma_imgs/pos004_0/pos004_0_page_12.png,
occupancy_only_topk@k=1,blur,1.2,1.0,3.277073860168457,bma,/home/dineth/focus_measure/datasets/New folder/bma pbf tfa/bma_imgs/pos004_0/pos004_0_page_12.png,3.277073860168457
occupancy_only_topk@k=1,noise,0.01,1.0,0.6488308906555176,bma,/home/dineth/focus_measure/datasets/New folder/bma pbf tfa/bma_imgs/pos004_0/pos004_0_page_12.png,0.6488308906555176
occupancy_only_topk@k=1,noise,0.02,1.0,0.4165642261505127,bma,/home/dineth/focus_measure/datasets/New folder/bma pbf tfa/bma_imgs/pos004_0/pos004_0_page_12.png,0.4165642261505127
occupancy_only_topk@k=1,brightness,0.05,0.0,-0.16952717304229736,bma,/home/dineth/focus_measure/datasets/New folder/bma pbf tfa/bma_imgs/pos004_0/pos004_0_page_12.png,-0.16952717304229736
occupancy_only_topk@k=1,brightness,-0.05,1.0,0.43258994817733765,bma,/home/dineth/focus_measure/datasets/New folder/bma pbf tfa/bma_imgs/pos004_0/pos004_0_page_12.png,0.43258994817733765
occupancy_only_topk@k=1,contrast,0.9,0.0,-0.1005474328994751,bma,/home/dineth/focus_measure/datasets/New folder/bma pbf tfa/bma_imgs/pos004_0/pos004_0_page_12.png,-0.1005474328994751
occupancy_only_topk@k=1,contrast,1.1,1.0,0.4752632975578308,bma,/home/dineth/focus_measure/datasets/New folder/bma pbf tfa/bma_imgs/pos004_0/pos004_0_page_12.png,0.4752632975578308
occupancy_only_topk@k=3,blur,0.8,1.0,2.6089738607406616,bma,/home/dineth/focus_measure/datasets/New folder/bma pbf tfa/bma_imgs/pos004_0/pos004_0_page_12.png,2.6089738607406616
occupancy_only_topk@k=3,blur,1.2,1.0,2.941022276878357,bma,/home/dineth/focus_measure/datasets/New folder/bma pbf tfa/bma_imgs/pos004_0/pos004_0_page_12.png,2.941022276878357
occupancy_only_topk@k=3,noise,0.01,1.0,0.2750132083892822,bma,/home/dineth/focus_measure/datasets/New folder/bma pbf tfa/bma_imgs/pos004_0/pos004_0_page_12.png,0.2750132083892822
occupancy_only_topk@k=3,noise,0.02,1.0,0.4163057804107666,bma,/home/dineth/focus_measure/datasets/New folder/bma pbf tfa/bma_imgs/pos004_0/pos004_0_page_12.png,0.4163057804107666
occupancy_only_topk@k=3,brightness,0.05,0.0,-0.4294344186782837,bma,/home/dineth/focus_measure/datasets/New folder/bma pbf tfa/bma_imgs/pos004_0/pos004_0_page_12.png,-0.4294344186782837
occupancy_only_topk@k=3,brightness,-0.05,1.0,0.3979623317718506,bma,/home/dineth/focus_measure/datasets/New folder/bma pbf tfa/bma_imgs/pos004_0/pos004_0_page_12.png,0.3979623317718506
occupancy_only_topk@k=3,contrast,0.9,0.5,-0.28726470470428467,bma,/home/dineth/focus_measure/datasets/New folder/bma pbf tfa/bma_imgs/pos004_0/pos004_0_page_12.png,-0.28726470470428467
occupancy_only_topk@k=3,contrast,1.1,1.0,0.4158722162246704,bma,/home/dineth/focus_measure/datasets/New folder/bma pbf tfa/bma_imgs/pos004_0/pos004_0_page_12.png,0.4158722162246704
occupancy_only_topk@k=5,blur,0.8,1.0,2.8030481338500977,bma,/home/dineth/focus_measure/datasets/New folder/bma pbf tfa/bma_imgs/pos004_0/pos004_0_page_12.png,2.8030481338500977
occupancy_only_topk@k=5,blur,1.2,1.0,3.015537977218628,bma,/home/dineth/focus_measure/datasets/New folder/bma pbf tfa/bma_imgs/pos004_0/pos004_0_page_12.png,3.015537977218628
occupancy_only_topk@k=5,noise,0.01,1.0,0.34997856616973877,bma,/home/dineth/focus_measure/datasets/New folder/bma pbf tfa/bma_imgs/pos004_0/pos004_0_page_12.png,0.34997856616973877
occupancy_only_topk@k=5,noise,0.02,1.0,0.4913264513015747,bma,/home/dineth/focus_measure/datasets/New folder/bma pbf tfa/bma_imgs/pos004_0/pos004_0_page_12.png,0.4913264513015747
occupancy_only_topk@k=5,brightness,0.05,0.0,-0.35236895084381104,bma,/home/dineth/focus_measure/datasets/New folder/bma pbf tfa/bma_imgs/pos004_0/pos004_0_page_12.png,-0.35236895084381104
occupancy_only_topk@k=5,brightness,-0.05,1.0,0.43307745456695557,bma,/home/dineth/focus_measure/datasets/New folder/bma pbf tfa/bma_imgs/pos004_0/pos004_0_page_12.png,0.43307745456695557
occupancy_only_topk@k=5,contrast,0.9,0.6666666666666666,-0.2123950719833374,bma,/home/dineth/focus_measure/datasets/New folder/bma pbf tfa/bma_imgs/pos004_0/pos004_0_page_12.png,-0.2123950719833374
occupancy_only_topk@k=5,contrast,1.1,1.0,0.4528793692588806,bma,/home/dineth/focus_measure/datasets/New folder/bma pbf tfa/bma_imgs/pos004_0/pos004_0_page_12.png,0.4528793692588806
occupancy_only_topk@k=7,blur,0.8,1.0,2.9444799423217773,bma,/home/dineth/focus_measure/datasets/New folder/bma pbf tfa/bma_imgs/pos004_0/pos004_0_page_12.png,2.9444799423217773
occupancy_only_topk@k=7,blur,1.2,1.0,3.2646182775497437,bma,/home/dineth/focus_measure/datasets/New folder/bma pbf tfa/bma_imgs/pos004_0/pos004_0_page_12.png,3.2646182775497437
occupancy_only_topk@k=7,noise,0.01,1.0,0.7434574365615845,bma,/home/dineth/focus_measure/datasets/New folder/bma pbf tfa/bma_imgs/pos004_0/pos004_0_page_12.png,0.7434574365615845
occupancy_only_topk@k=7,noise,0.02,1.0,0.5111755132675171,bma,/home/dineth/focus_measure/datasets/New folder/bma pbf tfa/bma_imgs/pos004_0/pos004_0_page_12.png,0.5111755132675171
occupancy_only_topk@k=7,brightness,0.05,0.0,-0.33251988887786865,bma,/home/dineth/focus_measure/datasets/New folder/bma pbf tfa/bma_imgs/pos004_0/pos004_0_page_12.png,-0.33251988887786865
occupancy_only_topk@k=7,brightness,-0.05,1.0,0.4926123023033142,bma,/home/dineth/focus_measure/datasets/New folder/bma pbf tfa/bma_imgs/pos004_0/pos004_0_page_12.png,0.4926123023033142
occupancy_only_topk@k=7,contrast,0.9,0.75,-0.19254601001739502,bma,/home/dineth/focus_measure/datasets/New folder/bma pbf tfa/bma_imgs/pos004_0/pos004_0_page_12.png,-0.19254601001739502
occupancy_only_topk@k=7,contrast,1.1,1.0,0.48284482955932617,bma,/home/dineth/focus_measure/datasets/New folder/bma pbf tfa/bma_imgs/pos004_0/pos004_0_page_12.png,0.48284482955932617
hybrid_proposed,blur,0.8,0.8983050847457628,3.012993812561035,bma,/home/dineth/focus_measure/datasets/New folder/bma pbf tfa/bma_imgs/pos004_0/pos004_0_page_12.png,3.012993812561035
hybrid_proposed,blur,1.2,0.8983050847457628,3.214938759803772,bma,/home/dineth/focus_measure/datasets/New folder/bma pbf tfa/bma_imgs/pos004_0/pos004_0_page_12.png,3.214938759803772
hybrid_proposed,noise,0.01,0.8064516129032258,0.31516778469085693,bma,/home/dineth/focus_measure/datasets/New folder/bma pbf tfa/bma_imgs/pos004_0/pos004_0_page_12.png,0.31516778469085693
hybrid_proposed,noise,0.02,0.8064516129032258,0.169641375541687,bma,/home/dineth/focus_measure/datasets/New folder/bma pbf tfa/bma_imgs/pos004_0/pos004_0_page_12.png,0.169641375541687
hybrid_proposed,brightness,0.05,0.8983050847457628,-0.1295679807662964,bma,/home/dineth/focus_measure/datasets/New folder/bma pbf tfa/bma_imgs/pos004_0/pos004_0_page_12.png,-0.1295679807662964
hybrid_proposed,brightness,-0.05,0.6470588235294118,0.4164719581604004,bma,/home/dineth/focus_measure/datasets/New folder/bma pbf tfa/bma_imgs/pos004_0/pos004_0_page_12.png,0.4164719581604004
hybrid_proposed,contrast,0.9,0.8983050847457628,-0.13854467868804932,bma,/home/dineth/focus_measure/datasets/New folder/bma pbf tfa/bma_imgs/pos004_0/pos004_0_page_12.png,-0.13854467868804932
hybrid_proposed,contrast,1.1,0.75,0.4180685877799988,bma,/home/dineth/focus_measure/datasets/New folder/bma pbf tfa/bma_imgs/pos004_0/pos004_0_page_12.png,0.4180685877799988
all_rois,blur,0.8,1.0,2.9475293159484863,bma,/home/dineth/focus_measure/datasets/New folder/bma pbf tfa/bma_imgs/pos004_0/pos004_0_page_12.png,2.9475293159484863
all_rois,blur,1.2,1.0,3.2257332801818848,bma,/home/dineth/focus_measure/datasets/New folder/bma pbf tfa/bma_imgs/pos004_0/pos004_0_page_12.png,3.2257332801818848
all_rois,noise,0.01,1.0,0.5809733867645264,bma,/home/dineth/focus_measure/datasets/New folder/bma pbf tfa/bma_imgs/pos004_0/pos004_0_page_12.png,0.5809733867645264
all_rois,noise,0.02,1.0,0.2845730781555176,bma,/home/dineth/focus_measure/datasets/New folder/bma pbf tfa/bma_imgs/pos004_0/pos004_0_page_12.png,0.2845730781555176
all_rois,brightness,0.05,1.0,-0.2156977653503418,bma,/home/dineth/focus_measure/datasets/New folder/bma pbf tfa/bma_imgs/pos004_0/pos004_0_page_12.png,-0.2156977653503418
all_rois,brightness,-0.05,1.0,0.473605751991272,bma,/home/dineth/focus_measure/datasets/New folder/bma pbf tfa/bma_imgs/pos004_0/pos004_0_page_12.png,0.473605751991272
all_rois,contrast,0.9,1.0,-0.21584069728851318,bma,/home/dineth/focus_measure/datasets/New folder/bma pbf tfa/bma_imgs/pos004_0/pos004_0_page_12.png,-0.21584069728851318
all_rois,contrast,1.1,1.0,0.4928656220436096,bma,/home/dineth/focus_measure/datasets/New folder/bma pbf tfa/bma_imgs/pos004_0/pos004_0_page_12.png,0.4928656220436096
cnn_adaptive,blur,0.8,0.8983050847457628,3.012993812561035,bma,/home/dineth/focus_measure/datasets/New folder/bma pbf tfa/bma_imgs/pos004_0/pos004_0_page_12.png,3.012993812561035
cnn_adaptive,blur,1.2,0.8983050847457628,3.214938759803772,bma,/home/dineth/focus_measure/datasets/New folder/bma pbf tfa/bma_imgs/pos004_0/pos004_0_page_12.png,3.214938759803772
cnn_adaptive,noise,0.01,0.8064516129032258,0.31516778469085693,bma,/home/dineth/focus_measure/datasets/New folder/bma pbf tfa/bma_imgs/pos004_0/pos004_0_page_12.png,0.31516778469085693
cnn_adaptive,noise,0.02,0.8064516129032258,0.169641375541687,bma,/home/dineth/focus_measure/datasets/New folder/bma pbf tfa/bma_imgs/pos004_0/pos004_0_page_12.png,0.169641375541687
cnn_adaptive,brightness,0.05,0.8983050847457628,-0.1295679807662964,bma,/home/dineth/focus_measure/datasets/New folder/bma pbf tfa/bma_imgs/pos004_0/pos004_0_page_12.png,-0.1295679807662964
cnn_adaptive,brightness,-0.05,0.6470588235294118,0.4164719581604004,bma,/home/dineth/focus_measure/datasets/New folder/bma pbf tfa/bma_imgs/pos004_0/pos004_0_page_12.png,0.4164719581604004
cnn_adaptive,contrast,0.9,0.8983050847457628,-0.13854467868804932,bma,/home/dineth/focus_measure/datasets/New folder/bma pbf tfa/bma_imgs/pos004_0/pos004_0_page_12.png,-0.13854467868804932
cnn_adaptive,contrast,1.1,0.75,0.4180685877799988,bma,/home/dineth/focus_measure/datasets/New folder/bma pbf tfa/bma_imgs/pos004_0/pos004_0_page_12.png,0.4180685877799988
center_top1,blur,0.8,1.0,-0.01979905366897583,bma,/home/dineth/focus_measure/datasets/New folder/bma pbf tfa/bma_imgs/pos005_3/pos005_3_page_12.png,-0.01979905366897583
center_top1,blur,1.2,1.0,-0.024849355220794678,bma,/home/dineth/focus_measure/datasets/New folder/bma pbf tfa/bma_imgs/pos005_3/pos005_3_page_12.png,-0.024849355220794678
center_top1,noise,0.01,1.0,0.04499262571334839,bma,/home/dineth/focus_measure/datasets/New folder/bma pbf tfa/bma_imgs/pos005_3/pos005_3_page_12.png,0.04499262571334839
center_top1,noise,0.02,1.0,2.8079477548599243,bma,/home/dineth/focus_measure/datasets/New folder/bma pbf tfa/bma_imgs/pos005_3/pos005_3_page_12.png,2.8079477548599243
center_top1,brightness,0.05,1.0,0.020715057849884033,bma,/home/dineth/focus_measure/datasets/New folder/bma pbf tfa/bma_imgs/pos005_3/pos005_3_page_12.png,0.020715057849884033
center_top1,brightness,-0.05,1.0,0.020791172981262207,bma,/home/dineth/focus_measure/datasets/New folder/bma pbf tfa/bma_imgs/pos005_3/pos005_3_page_12.png,0.020791172981262207
center_top1,contrast,0.9,1.0,0.020695030689239502,bma,/home/dineth/focus_measure/datasets/New folder/bma pbf tfa/bma_imgs/pos005_3/pos005_3_page_12.png,0.020695030689239502
center_top1,contrast,1.1,1.0,0.020741701126098633,bma,/home/dineth/focus_measure/datasets/New folder/bma pbf tfa/bma_imgs/pos005_3/pos005_3_page_12.png,0.020741701126098633
random_k@k=1,blur,0.8,1.0,0.2367032766342163,bma,/home/dineth/focus_measure/datasets/New folder/bma pbf tfa/bma_imgs/pos005_3/pos005_3_page_12.png,0.2367032766342163
random_k@k=1,blur,1.2,1.0,0.27264612913131714,bma,/home/dineth/focus_measure/datasets/New folder/bma pbf tfa/bma_imgs/pos005_3/pos005_3_page_12.png,0.27264612913131714
random_k@k=1,noise,0.01,1.0,0.039887964725494385,bma,/home/dineth/focus_measure/datasets/New folder/bma pbf tfa/bma_imgs/pos005_3/pos005_3_page_12.png,0.039887964725494385
random_k@k=1,noise,0.02,1.0,-0.07024639844894409,bma,/home/dineth/focus_measure/datasets/New folder/bma pbf tfa/bma_imgs/pos005_3/pos005_3_page_12.png,-0.07024639844894409
random_k@k=1,brightness,0.05,1.0,0.13181132078170776,bma,/home/dineth/focus_measure/datasets/New folder/bma pbf tfa/bma_imgs/pos005_3/pos005_3_page_12.png,0.13181132078170776
random_k@k=1,brightness,-0.05,1.0,0.13168668746948242,bma,/home/dineth/focus_measure/datasets/New folder/bma pbf tfa/bma_imgs/pos005_3/pos005_3_page_12.png,0.13168668746948242
random_k@k=1,contrast,0.9,1.0,0.13178741931915283,bma,/home/dineth/focus_measure/datasets/New folder/bma pbf tfa/bma_imgs/pos005_3/pos005_3_page_12.png,0.13178741931915283
random_k@k=1,contrast,1.1,1.0,0.13166695833206177,bma,/home/dineth/focus_measure/datasets/New folder/bma pbf tfa/bma_imgs/pos005_3/pos005_3_page_12.png,0.13166695833206177
random_k@k=3,blur,0.8,1.0,0.19164156913757324,bma,/home/dineth/focus_measure/datasets/New folder/bma pbf tfa/bma_imgs/pos005_3/pos005_3_page_12.png,0.19164156913757324
random_k@k=3,blur,1.2,1.0,0.2243722677230835,bma,/home/dineth/focus_measure/datasets/New folder/bma pbf tfa/bma_imgs/pos005_3/pos005_3_page_12.png,0.2243722677230835
random_k@k=3,noise,0.01,1.0,-0.021501481533050537,bma,/home/dineth/focus_measure/datasets/New folder/bma pbf tfa/bma_imgs/pos005_3/pos005_3_page_12.png,-0.021501481533050537
random_k@k=3,noise,0.02,1.0,-0.13150262832641602,bma,/home/dineth/focus_measure/datasets/New folder/bma pbf tfa/bma_imgs/pos005_3/pos005_3_page_12.png,-0.13150262832641602
random_k@k=3,brightness,0.05,1.0,0.07058954238891602,bma,/home/dineth/focus_measure/datasets/New folder/bma pbf tfa/bma_imgs/pos005_3/pos005_3_page_12.png,0.07058954238891602
random_k@k=3,brightness,-0.05,1.0,0.07064372301101685,bma,/home/dineth/focus_measure/datasets/New folder/bma pbf tfa/bma_imgs/pos005_3/pos005_3_page_12.png,0.07064372301101685
random_k@k=3,contrast,0.9,1.0,0.07060033082962036,bma,/home/dineth/focus_measure/datasets/New folder/bma pbf tfa/bma_imgs/pos005_3/pos005_3_page_12.png,0.07060033082962036
random_k@k=3,contrast,1.1,1.0,0.07059282064437866,bma,/home/dineth/focus_measure/datasets/New folder/bma pbf tfa/bma_imgs/pos005_3/pos005_3_page_12.png,0.07059282064437866
random_k@k=5,blur,0.8,1.0,0.17743712663650513,bma,/home/dineth/focus_measure/datasets/New folder/bma pbf tfa/bma_imgs/pos005_3/pos005_3_page_12.png,0.17743712663650513
random_k@k=5,blur,1.2,1.0,0.17355841398239136,bma,/home/dineth/focus_measure/datasets/New folder/bma pbf tfa/bma_imgs/pos005_3/pos005_3_page_12.png,0.17355841398239136
random_k@k=5,noise,0.01,1.0,0.07934123277664185,bma,/home/dineth/focus_measure/datasets/New folder/bma pbf tfa/bma_imgs/pos005_3/pos005_3_page_12.png,0.07934123277664185
random_k@k=5,noise,0.02,1.0,-0.06262600421905518,bma,/home/dineth/focus_measure/datasets/New folder/bma pbf tfa/bma_imgs/pos005_3/pos005_3_page_12.png,-0.06262600421905518
random_k@k=5,brightness,0.05,1.0,0.1309802532196045,bma,/home/dineth/focus_measure/datasets/New folder/bma pbf tfa/bma_imgs/pos005_3/pos005_3_page_12.png,0.1309802532196045
random_k@k=5,brightness,-0.05,1.0,0.13091284036636353,bma,/home/dineth/focus_measure/datasets/New folder/bma pbf tfa/bma_imgs/pos005_3/pos005_3_page_12.png,0.13091284036636353
random_k@k=5,contrast,0.9,1.0,0.13106179237365723,bma,/home/dineth/focus_measure/datasets/New folder/bma pbf tfa/bma_imgs/pos005_3/pos005_3_page_12.png,0.13106179237365723
random_k@k=5,contrast,1.1,1.0,0.1309514045715332,bma,/home/dineth/focus_measure/datasets/New folder/bma pbf tfa/bma_imgs/pos005_3/pos005_3_page_12.png,0.1309514045715332
random_k@k=7,blur,0.8,1.0,0.2793397307395935,bma,/home/dineth/focus_measure/datasets/New folder/bma pbf tfa/bma_imgs/pos005_3/pos005_3_page_12.png,0.2793397307395935
random_k@k=7,blur,1.2,1.0,0.299164354801178,bma,/home/dineth/focus_measure/datasets/New folder/bma pbf tfa/bma_imgs/pos005_3/pos005_3_page_12.png,0.299164354801178
random_k@k=7,noise,0.01,1.0,0.09854495525360107,bma,/home/dineth/focus_measure/datasets/New folder/bma pbf tfa/bma_imgs/pos005_3/pos005_3_page_12.png,0.09854495525360107
random_k@k=7,noise,0.02,1.0,-0.043720543384552,bma,/home/dineth/focus_measure/datasets/New folder/bma pbf tfa/bma_imgs/pos005_3/pos005_3_page_12.png,-0.043720543384552
random_k@k=7,brightness,0.05,1.0,0.1721785068511963,bma,/home/dineth/focus_measure/datasets/New folder/bma pbf tfa/bma_imgs/pos005_3/pos005_3_page_12.png,0.1721785068511963
random_k@k=7,brightness,-0.05,1.0,0.17198926210403442,bma,/home/dineth/focus_measure/datasets/New folder/bma pbf tfa/bma_imgs/pos005_3/pos005_3_page_12.png,0.17198926210403442
random_k@k=7,contrast,0.9,1.0,0.17213672399520874,bma,/home/dineth/focus_measure/datasets/New folder/bma pbf tfa/bma_imgs/pos005_3/pos005_3_page_12.png,0.17213672399520874
random_k@k=7,contrast,1.1,1.0,0.17206823825836182,bma,/home/dineth/focus_measure/datasets/New folder/bma pbf tfa/bma_imgs/pos005_3/pos005_3_page_12.png,0.17206823825836182
focus_only_topk@k=1,blur,0.8,1.0,0.002834022045135498,bma,/home/dineth/focus_measure/datasets/New folder/bma pbf tfa/bma_imgs/pos005_3/pos005_3_page_12.png,0.002834022045135498
focus_only_topk@k=1,blur,1.2,1.0,-0.01462787389755249,bma,/home/dineth/focus_measure/datasets/New folder/bma pbf tfa/bma_imgs/pos005_3/pos005_3_page_12.png,-0.01462787389755249
focus_only_topk@k=1,noise,0.01,1.0,-0.09141939878463745,bma,/home/dineth/focus_measure/datasets/New folder/bma pbf tfa/bma_imgs/pos005_3/pos005_3_page_12.png,-0.09141939878463745
focus_only_topk@k=1,noise,0.02,1.0,-0.17443537712097168,bma,/home/dineth/focus_measure/datasets/New folder/bma pbf tfa/bma_imgs/pos005_3/pos005_3_page_12.png,-0.17443537712097168
focus_only_topk@k=1,brightness,0.05,1.0,0.022259294986724854,bma,/home/dineth/focus_measure/datasets/New folder/bma pbf tfa/bma_imgs/pos005_3/pos005_3_page_12.png,0.022259294986724854
focus_only_topk@k=1,brightness,-0.05,1.0,0.02227652072906494,bma,/home/dineth/focus_measure/datasets/New folder/bma pbf tfa/bma_imgs/pos005_3/pos005_3_page_12.png,0.02227652072906494
focus_only_topk@k=1,contrast,0.9,1.0,0.022252559661865234,bma,/home/dineth/focus_measure/datasets/New folder/bma pbf tfa/bma_imgs/pos005_3/pos005_3_page_12.png,0.022252559661865234
focus_only_topk@k=1,contrast,1.1,1.0,0.022300899028778076,bma,/home/dineth/focus_measure/datasets/New folder/bma pbf tfa/bma_imgs/pos005_3/pos005_3_page_12.png,0.022300899028778076
focus_only_topk@k=3,blur,0.8,1.0,-0.020173490047454834,bma,/home/dineth/focus_measure/datasets/New folder/bma pbf tfa/bma_imgs/pos005_3/pos005_3_page_12.png,-0.020173490047454834
focus_only_topk@k=3,blur,1.2,1.0,-0.018710732460021973,bma,/home/dineth/focus_measure/datasets/New folder/bma pbf tfa/bma_imgs/pos005_3/pos005_3_page_12.png,-0.018710732460021973
focus_only_topk@k=3,noise,0.01,1.0,0.06197625398635864,bma,/home/dineth/focus_measure/datasets/New folder/bma pbf tfa/bma_imgs/pos005_3/pos005_3_page_12.png,0.06197625398635864
focus_only_topk@k=3,noise,0.02,1.0,2.808215856552124,bma,/home/dineth/focus_measure/datasets/New folder/bma pbf tfa/bma_imgs/pos005_3/pos005_3_page_12.png,2.808215856552124
focus_only_topk@k=3,brightness,0.05,1.0,0.02062016725540161,bma,/home/dineth/focus_measure/datasets/New folder/bma pbf tfa/bma_imgs/pos005_3/pos005_3_page_12.png,0.02062016725540161
focus_only_topk@k=3,brightness,-0.05,1.0,0.020706534385681152,bma,/home/dineth/focus_measure/datasets/New folder/bma pbf tfa/bma_imgs/pos005_3/pos005_3_page_12.png,0.020706534385681152
focus_only_topk@k=3,contrast,0.9,1.0,0.02062326669692993,bma,/home/dineth/focus_measure/datasets/New folder/bma pbf tfa/bma_imgs/pos005_3/pos005_3_page_12.png,0.02062326669692993
focus_only_topk@k=3,contrast,1.1,1.0,0.020696580410003662,bma,/home/dineth/focus_measure/datasets/New folder/bma pbf tfa/bma_imgs/pos005_3/pos005_3_page_12.png,0.020696580410003662
focus_only_topk@k=5,blur,0.8,1.0,0.06151461601257324,bma,/home/dineth/focus_measure/datasets/New folder/bma pbf tfa/bma_imgs/pos005_3/pos005_3_page_12.png,0.06151461601257324
focus_only_topk@k=5,blur,1.2,1.0,0.0625680685043335,bma,/home/dineth/focus_measure/datasets/New folder/bma pbf tfa/bma_imgs/pos005_3/pos005_3_page_12.png,0.0625680685043335
focus_only_topk@k=5,noise,0.01,1.0,0.017505228519439697,bma,/home/dineth/focus_measure/datasets/New folder/bma pbf tfa/bma_imgs/pos005_3/pos005_3_page_12.png,0.017505228519439697
focus_only_topk@k=5,noise,0.02,1.0,0.05418658256530762,bma,/home/dineth/focus_measure/datasets/New folder/bma pbf tfa/bma_imgs/pos005_3/pos005_3_page_12.png,0.05418658256530762
focus_only_topk@k=5,brightness,0.05,1.0,0.07181274890899658,bma,/home/dineth/focus_measure/datasets/New folder/bma pbf tfa/bma_imgs/pos005_3/pos005_3_page_12.png,0.07181274890899658
focus_only_topk@k=5,brightness,-0.05,1.0,0.07162719964981079,bma,/home/dineth/focus_measure/datasets/New folder/bma pbf tfa/bma_imgs/pos005_3/pos005_3_page_12.png,0.07162719964981079
focus_only_topk@k=5,contrast,0.9,1.0,0.07170063257217407,bma,/home/dineth/focus_measure/datasets/New folder/bma pbf tfa/bma_imgs/pos005_3/pos005_3_page_12.png,0.07170063257217407
focus_only_topk@k=5,contrast,1.1,1.0,0.07170575857162476,bma,/home/dineth/focus_measure/datasets/New folder/bma pbf tfa/bma_imgs/pos005_3/pos005_3_page_12.png,0.07170575857162476
focus_only_topk@k=7,blur,0.8,1.0,0.02468806505203247,bma,/home/dineth/focus_measure/datasets/New folder/bma pbf tfa/bma_imgs/pos005_3/pos005_3_page_12.png,0.02468806505203247
focus_only_topk@k=7,blur,1.2,1.0,0.05510443449020386,bma,/home/dineth/focus_measure/datasets/New folder/bma pbf tfa/bma_imgs/pos005_3/pos005_3_page_12.png,0.05510443449020386
focus_only_topk@k=7,noise,0.01,1.0,0.046566009521484375,bma,/home/dineth/focus_measure/datasets/New folder/bma pbf tfa/bma_imgs/pos005_3/pos005_3_page_12.png,0.046566009521484375
focus_only_topk@k=7,noise,0.02,0.5555555555555556,0.26432740688323975,bma,/home/dineth/focus_measure/datasets/New folder/bma pbf tfa/bma_imgs/pos005_3/pos005_3_page_12.png,0.26432740688323975
focus_only_topk@k=7,brightness,0.05,1.0,0.020716190338134766,bma,/home/dineth/focus_measure/datasets/New folder/bma pbf tfa/bma_imgs/pos005_3/pos005_3_page_12.png,0.020716190338134766
focus_only_topk@k=7,brightness,-0.05,1.0,0.02078545093536377,bma,/home/dineth/focus_measure/datasets/New folder/bma pbf tfa/bma_imgs/pos005_3/pos005_3_page_12.png,0.02078545093536377
focus_only_topk@k=7,contrast,0.9,1.0,0.020691215991973877,bma,/home/dineth/focus_measure/datasets/New folder/bma pbf tfa/bma_imgs/pos005_3/pos005_3_page_12.png,0.020691215991973877
focus_only_topk@k=7,contrast,1.1,1.0,0.020744800567626953,bma,/home/dineth/focus_measure/datasets/New folder/bma pbf tfa/bma_imgs/pos005_3/pos005_3_page_12.png,0.020744800567626953
occupancy_only_topk@k=1,blur,0.8,1.0,0.002834022045135498,bma,/home/dineth/focus_measure/datasets/New folder/bma pbf tfa/bma_imgs/pos005_3/pos005_3_page_12.png,0.002834022045135498
occupancy_only_topk@k=1,blur,1.2,1.0,-0.01462787389755249,bma,/home/dineth/focus_measure/datasets/New folder/bma pbf tfa/bma_imgs/pos005_3/pos005_3_page_12.png,-0.01462787389755249
occupancy_only_topk@k=1,noise,0.01,1.0,-0.09141939878463745,bma,/home/dineth/focus_measure/datasets/New folder/bma pbf tfa/bma_imgs/pos005_3/pos005_3_page_12.png,-0.09141939878463745
occupancy_only_topk@k=1,noise,0.02,1.0,-0.17443537712097168,bma,/home/dineth/focus_measure/datasets/New folder/bma pbf tfa/bma_imgs/pos005_3/pos005_3_page_12.png,-0.17443537712097168
occupancy_only_topk@k=1,brightness,0.05,0.0,-0.13595712184906006,bma,/home/dineth/focus_measure/datasets/New folder/bma pbf tfa/bma_imgs/pos005_3/pos005_3_page_12.png,-0.13595712184906006
occupancy_only_topk@k=1,brightness,-0.05,1.0,0.02227652072906494,bma,/home/dineth/focus_measure/datasets/New folder/bma pbf tfa/bma_imgs/pos005_3/pos005_3_page_12.png,0.02227652072906494
occupancy_only_topk@k=1,contrast,0.9,1.0,0.022252559661865234,bma,/home/dineth/focus_measure/datasets/New folder/bma pbf tfa/bma_imgs/pos005_3/pos005_3_page_12.png,0.022252559661865234
occupancy_only_topk@k=1,contrast,1.1,1.0,0.022300899028778076,bma,/home/dineth/focus_measure/datasets/New folder/bma pbf tfa/bma_imgs/pos005_3/pos005_3_page_12.png,0.022300899028778076
occupancy_only_topk@k=3,blur,0.8,1.0,-0.020173490047454834,bma,/home/dineth/focus_measure/datasets/New folder/bma pbf tfa/bma_imgs/pos005_3/pos005_3_page_12.png,-0.020173490047454834
occupancy_only_topk@k=3,blur,1.2,1.0,-0.02474808692932129,bma,/home/dineth/focus_measure/datasets/New folder/bma pbf tfa/bma_imgs/pos005_3/pos005_3_page_12.png,-0.02474808692932129
occupancy_only_topk@k=3,noise,0.01,1.0,0.04514080286026001,bma,/home/dineth/focus_measure/datasets/New folder/bma pbf tfa/bma_imgs/pos005_3/pos005_3_page_12.png,0.04514080286026001
occupancy_only_topk@k=3,noise,0.02,1.0,-0.02135753631591797,bma,/home/dineth/focus_measure/datasets/New folder/bma pbf tfa/bma_imgs/pos005_3/pos005_3_page_12.png,-0.02135753631591797
occupancy_only_topk@k=3,brightness,0.05,0.5,0.02062016725540161,bma,/home/dineth/focus_measure/datasets/New folder/bma pbf tfa/bma_imgs/pos005_3/pos005_3_page_12.png,0.02062016725540161
occupancy_only_topk@k=3,brightness,-0.05,1.0,0.020706534385681152,bma,/home/dineth/focus_measure/datasets/New folder/bma pbf tfa/bma_imgs/pos005_3/pos005_3_page_12.png,0.020706534385681152
occupancy_only_topk@k=3,contrast,0.9,1.0,0.02062326669692993,bma,/home/dineth/focus_measure/datasets/New folder/bma pbf tfa/bma_imgs/pos005_3/pos005_3_page_12.png,0.02062326669692993
occupancy_only_topk@k=3,contrast,1.1,1.0,0.020696580410003662,bma,/home/dineth/focus_measure/datasets/New folder/bma pbf tfa/bma_imgs/pos005_3/pos005_3_page_12.png,0.020696580410003662
occupancy_only_topk@k=5,blur,0.8,1.0,0.07084369659423828,bma,/home/dineth/focus_measure/datasets/New folder/bma pbf tfa/bma_imgs/pos005_3/pos005_3_page_12.png,0.07084369659423828
occupancy_only_topk@k=5,blur,1.2,1.0,0.06579083204269409,bma,/home/dineth/focus_measure/datasets/New folder/bma pbf tfa/bma_imgs/pos005_3/pos005_3_page_12.png,0.06579083204269409
occupancy_only_topk@k=5,noise,0.01,1.0,-0.04846382141113281,bma,/home/dineth/focus_measure/datasets/New folder/bma pbf tfa/bma_imgs/pos005_3/pos005_3_page_12.png,-0.04846382141113281
occupancy_only_topk@k=5,noise,0.02,1.0,0.06351566314697266,bma,/home/dineth/focus_measure/datasets/New folder/bma pbf tfa/bma_imgs/pos005_3/pos005_3_page_12.png,0.06351566314697266
occupancy_only_topk@k=5,brightness,0.05,0.42857142857142855,0.1113579273223877,bma,/home/dineth/focus_measure/datasets/New folder/bma pbf tfa/bma_imgs/pos005_3/pos005_3_page_12.png,0.1113579273223877
occupancy_only_topk@k=5,brightness,-0.05,0.6666666666666666,0.08095628023147583,bma,/home/dineth/focus_measure/datasets/New folder/bma pbf tfa/bma_imgs/pos005_3/pos005_3_page_12.png,0.08095628023147583
occupancy_only_topk@k=5,contrast,0.9,0.6666666666666666,0.1113329529762268,bma,/home/dineth/focus_measure/datasets/New folder/bma pbf tfa/bma_imgs/pos005_3/pos005_3_page_12.png,0.1113329529762268
occupancy_only_topk@k=5,contrast,1.1,0.6666666666666666,0.0810348391532898,bma,/home/dineth/focus_measure/datasets/New folder/bma pbf tfa/bma_imgs/pos005_3/pos005_3_page_12.png,0.0810348391532898
occupancy_only_topk@k=7,blur,0.8,1.0,0.08364444971084595,bma,/home/dineth/focus_measure/datasets/New folder/bma pbf tfa/bma_imgs/pos005_3/pos005_3_page_12.png,0.08364444971084595
occupancy_only_topk@k=7,blur,1.2,1.0,0.06579083204269409,bma,/home/dineth/focus_measure/datasets/New folder/bma pbf tfa/bma_imgs/pos005_3/pos005_3_page_12.png,0.06579083204269409
occupancy_only_topk@k=7,noise,0.01,1.0,-0.04846382141113281,bma,/home/dineth/focus_measure/datasets/New folder/bma pbf tfa/bma_imgs/pos005_3/pos005_3_page_12.png,-0.04846382141113281
occupancy_only_topk@k=7,noise,0.02,1.0,0.06351566314697266,bma,/home/dineth/focus_measure/datasets/New folder/bma pbf tfa/bma_imgs/pos005_3/pos005_3_page_12.png,0.06351566314697266
occupancy_only_topk@k=7,brightness,0.05,0.75,0.1113579273223877,bma,/home/dineth/focus_measure/datasets/New folder/bma pbf tfa/bma_imgs/pos005_3/pos005_3_page_12.png,0.1113579273223877
occupancy_only_topk@k=7,brightness,-0.05,0.5555555555555556,0.08095628023147583,bma,/home/dineth/focus_measure/datasets/New folder/bma pbf tfa/bma_imgs/pos005_3/pos005_3_page_12.png,0.08095628023147583
occupancy_only_topk@k=7,contrast,0.9,0.75,0.1113329529762268,bma,/home/dineth/focus_measure/datasets/New folder/bma pbf tfa/bma_imgs/pos005_3/pos005_3_page_12.png,0.1113329529762268
occupancy_only_topk@k=7,contrast,1.1,0.75,0.0810348391532898,bma,/home/dineth/focus_measure/datasets/New folder/bma pbf tfa/bma_imgs/pos005_3/pos005_3_page_12.png,0.0810348391532898
hybrid_proposed,blur,0.8,1.0,0.13438838720321655,bma,/home/dineth/focus_measure/datasets/New folder/bma pbf tfa/bma_imgs/pos005_3/pos005_3_page_12.png,0.13438838720321655
hybrid_proposed,blur,1.2,0.9649122807017544,0.12640416622161865,bma,/home/dineth/focus_measure/datasets/New folder/bma pbf tfa/bma_imgs/pos005_3/pos005_3_page_12.png,0.12640416622161865
hybrid_proposed,noise,0.01,1.0,0.03880023956298828,bma,/home/dineth/focus_measure/datasets/New folder/bma pbf tfa/bma_imgs/pos005_3/pos005_3_page_12.png,0.03880023956298828
hybrid_proposed,noise,0.02,1.0,-0.16005200147628784,bma,/home/dineth/focus_measure/datasets/New folder/bma pbf tfa/bma_imgs/pos005_3/pos005_3_page_12.png,-0.16005200147628784
hybrid_proposed,brightness,0.05,0.9649122807017544,0.09644418954849243,bma,/home/dineth/focus_measure/datasets/New folder/bma pbf tfa/bma_imgs/pos005_3/pos005_3_page_12.png,0.09644418954849243
hybrid_proposed,brightness,-0.05,0.9649122807017544,0.0962556004524231,bma,/home/dineth/focus_measure/datasets/New folder/bma pbf tfa/bma_imgs/pos005_3/pos005_3_page_12.png,0.0962556004524231
hybrid_proposed,contrast,0.9,1.0,0.0963553786277771,bma,/home/dineth/focus_measure/datasets/New folder/bma pbf tfa/bma_imgs/pos005_3/pos005_3_page_12.png,0.0963553786277771
hybrid_proposed,contrast,1.1,1.0,0.0963207483291626,bma,/home/dineth/focus_measure/datasets/New folder/bma pbf tfa/bma_imgs/pos005_3/pos005_3_page_12.png,0.0963207483291626
all_rois,blur,0.8,1.0,0.15514451265335083,bma,/home/dineth/focus_measure/datasets/New folder/bma pbf tfa/bma_imgs/pos005_3/pos005_3_page_12.png,0.15514451265335083
all_rois,blur,1.2,1.0,0.16384631395339966,bma,/home/dineth/focus_measure/datasets/New folder/bma pbf tfa/bma_imgs/pos005_3/pos005_3_page_12.png,0.16384631395339966
all_rois,noise,0.01,1.0,0.0043721795082092285,bma,/home/dineth/focus_measure/datasets/New folder/bma pbf tfa/bma_imgs/pos005_3/pos005_3_page_12.png,0.0043721795082092285
all_rois,noise,0.02,1.0,-0.06725543737411499,bma,/home/dineth/focus_measure/datasets/New folder/bma pbf tfa/bma_imgs/pos005_3/pos005_3_page_12.png,-0.06725543737411499
all_rois,brightness,0.05,1.0,0.08216363191604614,bma,/home/dineth/focus_measure/datasets/New folder/bma pbf tfa/bma_imgs/pos005_3/pos005_3_page_12.png,0.08216363191604614
all_rois,brightness,-0.05,1.0,0.08222818374633789,bma,/home/dineth/focus_measure/datasets/New folder/bma pbf tfa/bma_imgs/pos005_3/pos005_3_page_12.png,0.08222818374633789
all_rois,contrast,0.9,1.0,0.08219420909881592,bma,/home/dineth/focus_measure/datasets/New folder/bma pbf tfa/bma_imgs/pos005_3/pos005_3_page_12.png,0.08219420909881592
all_rois,contrast,1.1,1.0,0.08204883337020874,bma,/home/dineth/focus_measure/datasets/New folder/bma pbf tfa/bma_imgs/pos005_3/pos005_3_page_12.png,0.08204883337020874
cnn_adaptive,blur,0.8,1.0,0.13438838720321655,bma,/home/dineth/focus_measure/datasets/New folder/bma pbf tfa/bma_imgs/pos005_3/pos005_3_page_12.png,0.13438838720321655
cnn_adaptive,blur,1.2,0.9649122807017544,0.12640416622161865,bma,/home/dineth/focus_measure/datasets/New folder/bma pbf tfa/bma_imgs/pos005_3/pos005_3_page_12.png,0.12640416622161865
cnn_adaptive,noise,0.01,1.0,0.03880023956298828,bma,/home/dineth/focus_measure/datasets/New folder/bma pbf tfa/bma_imgs/pos005_3/pos005_3_page_12.png,0.03880023956298828
cnn_adaptive,noise,0.02,1.0,-0.16005200147628784,bma,/home/dineth/focus_measure/datasets/New folder/bma pbf tfa/bma_imgs/pos005_3/pos005_3_page_12.png,-0.16005200147628784
cnn_adaptive,brightness,0.05,0.9649122807017544,0.09644418954849243,bma,/home/dineth/focus_measure/datasets/New folder/bma pbf tfa/bma_imgs/pos005_3/pos005_3_page_12.png,0.09644418954849243
cnn_adaptive,brightness,-0.05,0.9649122807017544,0.0962556004524231,bma,/home/dineth/focus_measure/datasets/New folder/bma pbf tfa/bma_imgs/pos005_3/pos005_3_page_12.png,0.0962556004524231
cnn_adaptive,contrast,0.9,1.0,0.0963553786277771,bma,/home/dineth/focus_measure/datasets/New folder/bma pbf tfa/bma_imgs/pos005_3/pos005_3_page_12.png,0.0963553786277771
cnn_adaptive,contrast,1.1,1.0,0.0963207483291626,bma,/home/dineth/focus_measure/datasets/New folder/bma pbf tfa/bma_imgs/pos005_3/pos005_3_page_12.png,0.0963207483291626
center_top1,blur,0.8,1.0,0.31726181507110596,bma,/home/dineth/focus_measure/datasets/New folder/bma pbf tfa/bma_imgs/pos006_1/pos006_1_page_12.png,0.31726181507110596
center_top1,blur,1.2,1.0,0.3651587963104248,bma,/home/dineth/focus_measure/datasets/New folder/bma pbf tfa/bma_imgs/pos006_1/pos006_1_page_12.png,0.3651587963104248
center_top1,noise,0.01,1.0,-0.08855640888214111,bma,/home/dineth/focus_measure/datasets/New folder/bma pbf tfa/bma_imgs/pos006_1/pos006_1_page_12.png,-0.08855640888214111
center_top1,noise,0.02,1.0,-0.06557369232177734,bma,/home/dineth/focus_measure/datasets/New folder/bma pbf tfa/bma_imgs/pos006_1/pos006_1_page_12.png,-0.06557369232177734
center_top1,brightness,0.05,1.0,-0.051207661628723145,bma,/home/dineth/focus_measure/datasets/New folder/bma pbf tfa/bma_imgs/pos006_1/pos006_1_page_12.png,-0.051207661628723145
center_top1,brightness,-0.05,1.0,-0.05129063129425049,bma,/home/dineth/focus_measure/datasets/New folder/bma pbf tfa/bma_imgs/pos006_1/pos006_1_page_12.png,-0.05129063129425049
center_top1,contrast,0.9,1.0,-0.051275014877319336,bma,/home/dineth/focus_measure/datasets/New folder/bma pbf tfa/bma_imgs/pos006_1/pos006_1_page_12.png,-0.051275014877319336
center_top1,contrast,1.1,1.0,-0.05136573314666748,bma,/home/dineth/focus_measure/datasets/New folder/bma pbf tfa/bma_imgs/pos006_1/pos006_1_page_12.png,-0.05136573314666748
random_k@k=1,blur,0.8,1.0,0.30912017822265625,bma,/home/dineth/focus_measure/datasets/New folder/bma pbf tfa/bma_imgs/pos006_1/pos006_1_page_12.png,0.30912017822265625
random_k@k=1,blur,1.2,1.0,0.33653807640075684,bma,/home/dineth/focus_measure/datasets/New folder/bma pbf tfa/bma_imgs/pos006_1/pos006_1_page_12.png,0.33653807640075684
random_k@k=1,noise,0.01,1.0,0.15934419631958008,bma,/home/dineth/focus_measure/datasets/New folder/bma pbf tfa/bma_imgs/pos006_1/pos006_1_page_12.png,0.15934419631958008
random_k@k=1,noise,0.02,1.0,0.12371218204498291,bma,/home/dineth/focus_measure/datasets/New folder/bma pbf tfa/bma_imgs/pos006_1/pos006_1_page_12.png,0.12371218204498291
random_k@k=1,brightness,0.05,1.0,0.19983553886413574,bma,/home/dineth/focus_measure/datasets/New folder/bma pbf tfa/bma_imgs/pos006_1/pos006_1_page_12.png,0.19983553886413574
random_k@k=1,brightness,-0.05,1.0,0.20029008388519287,bma,/home/dineth/focus_measure/datasets/New folder/bma pbf tfa/bma_imgs/pos006_1/pos006_1_page_12.png,0.20029008388519287
random_k@k=1,contrast,0.9,1.0,0.2001432180404663,bma,/home/dineth/focus_measure/datasets/New folder/bma pbf tfa/bma_imgs/pos006_1/pos006_1_page_12.png,0.2001432180404663
random_k@k=1,contrast,1.1,1.0,0.20012056827545166,bma,/home/dineth/focus_measure/datasets/New folder/bma pbf tfa/bma_imgs/pos006_1/pos006_1_page_12.png,0.20012056827545166
random_k@k=3,blur,0.8,1.0,-0.16590702533721924,bma,/home/dineth/focus_measure/datasets/New folder/bma pbf tfa/bma_imgs/pos006_1/pos006_1_page_12.png,-0.16590702533721924
random_k@k=3,blur,1.2,1.0,-0.017162322998046875,bma,/home/dineth/focus_measure/datasets/New folder/bma pbf tfa/bma_imgs/pos006_1/pos006_1_page_12.png,-0.017162322998046875
random_k@k=3,noise,0.01,1.0,-0.35755062103271484,bma,/home/dineth/focus_measure/datasets/New folder/bma pbf tfa/bma_imgs/pos006_1/pos006_1_page_12.png,-0.35755062103271484
random_k@k=3,noise,0.02,1.0,-0.229544997215271,bma,/home/dineth/focus_measure/datasets/New folder/bma pbf tfa/bma_imgs/pos006_1/pos006_1_page_12.png,-0.229544997215271
random_k@k=3,brightness,0.05,1.0,-0.31441640853881836,bma,/home/dineth/focus_measure/datasets/New folder/bma pbf tfa/bma_imgs/pos006_1/pos006_1_page_12.png,-0.31441640853881836
random_k@k=3,brightness,-0.05,1.0,-0.31429803371429443,bma,/home/dineth/focus_measure/datasets/New folder/bma pbf tfa/bma_imgs/pos006_1/pos006_1_page_12.png,-0.31429803371429443
random_k@k=3,contrast,0.9,1.0,-0.31414127349853516,bma,/home/dineth/focus_measure/datasets/New folder/bma pbf tfa/bma_imgs/pos006_1/pos006_1_page_12.png,-0.31414127349853516
random_k@k=3,contrast,1.1,1.0,-0.3144795894622803,bma,/home/dineth/focus_measure/datasets/New folder/bma pbf tfa/bma_imgs/pos006_1/pos006_1_page_12.png,-0.3144795894622803
random_k@k=5,blur,0.8,1.0,0.14933252334594727,bma,/home/dineth/focus_measure/datasets/New folder/bma pbf tfa/bma_imgs/pos006_1/pos006_1_page_12.png,0.14933252334594727
random_k@k=5,blur,1.2,1.0,0.29211461544036865,bma,/home/dineth/focus_measure/datasets/New folder/bma pbf tfa/bma_imgs/pos006_1/pos006_1_page_12.png,0.29211461544036865
random_k@k=5,noise,0.01,1.0,-0.03306996822357178,bma,/home/dineth/focus_measure/datasets/New folder/bma pbf tfa/bma_imgs/pos006_1/pos006_1_page_12.png,-0.03306996822357178
random_k@k=5,noise,0.02,1.0,0.11100220680236816,bma,/home/dineth/focus_measure/datasets/New folder/bma pbf tfa/bma_imgs/pos006_1/pos006_1_page_12.png,0.11100220680236816
random_k@k=5,brightness,0.05,1.0,0.02636098861694336,bma,/home/dineth/focus_measure/datasets/New folder/bma pbf tfa/bma_imgs/pos006_1/pos006_1_page_12.png,0.02636098861694336
random_k@k=5,brightness,-0.05,1.0,0.02630770206451416,bma,/home/dineth/focus_measure/datasets/New folder/bma pbf tfa/bma_imgs/pos006_1/pos006_1_page_12.png,0.02630770206451416
random_k@k=5,contrast,0.9,1.0,0.026500225067138672,bma,/home/dineth/focus_measure/datasets/New folder/bma pbf tfa/bma_imgs/pos006_1/pos006_1_page_12.png,0.026500225067138672
random_k@k=5,contrast,1.1,1.0,0.026489853858947754,bma,/home/dineth/focus_measure/datasets/New folder/bma pbf tfa/bma_imgs/pos006_1/pos006_1_page_12.png,0.026489853858947754
random_k@k=7,blur,0.8,1.0,0.1593567132949829,bma,/home/dineth/focus_measure/datasets/New folder/bma pbf tfa/bma_imgs/pos006_1/pos006_1_page_12.png,0.1593567132949829
random_k@k=7,blur,1.2,1.0,0.2354755401611328,bma,/home/dineth/focus_measure/datasets/New folder/bma pbf tfa/bma_imgs/pos006_1/pos006_1_page_12.png,0.2354755401611328
random_k@k=7,noise,0.01,1.0,0.05809450149536133,bma,/home/dineth/focus_measure/datasets/New folder/bma pbf tfa/bma_imgs/pos006_1/pos006_1_page_12.png,0.05809450149536133
random_k@k=7,noise,0.02,1.0,0.1602647304534912,bma,/home/dineth/focus_measure/datasets/New folder/bma pbf tfa/bma_imgs/pos006_1/pos006_1_page_12.png,0.1602647304534912
random_k@k=7,brightness,0.05,1.0,0.03320193290710449,bma,/home/dineth/focus_measure/datasets/New folder/bma pbf tfa/bma_imgs/pos006_1/pos006_1_page_12.png,0.03320193290710449
random_k@k=7,brightness,-0.05,1.0,0.03333759307861328,bma,/home/dineth/focus_measure/datasets/New folder/bma pbf tfa/bma_imgs/pos006_1/pos006_1_page_12.png,0.03333759307861328
random_k@k=7,contrast,0.9,1.0,0.03339076042175293,bma,/home/dineth/focus_measure/datasets/New folder/bma pbf tfa/bma_imgs/pos006_1/pos006_1_page_12.png,0.03339076042175293
random_k@k=7,contrast,1.1,1.0,0.033324360847473145,bma,/home/dineth/focus_measure/datasets/New folder/bma pbf tfa/bma_imgs/pos006_1/pos006_1_page_12.png,0.033324360847473145
focus_only_topk@k=1,blur,0.8,1.0,0.16048353910446167,bma,/home/dineth/focus_measure/datasets/New folder/bma pbf tfa/bma_imgs/pos006_1/pos006_1_page_12.png,0.16048353910446167
focus_only_topk@k=1,blur,1.2,1.0,0.1904592514038086,bma,/home/dineth/focus_measure/datasets/New folder/bma pbf tfa/bma_imgs/pos006_1/pos006_1_page_12.png,0.1904592514038086
focus_only_topk@k=1,noise,0.01,1.0,-0.0572550892829895,bma,/home/dineth/focus_measure/datasets/New folder/bma pbf tfa/bma_imgs/pos006_1/pos006_1_page_12.png,-0.0572550892829895
focus_only_topk@k=1,noise,0.02,1.0,-0.3158981204032898,bma,/home/dineth/focus_measure/datasets/New folder/bma pbf tfa/bma_imgs/pos006_1/pos006_1_page_12.png,-0.3158981204032898
focus_only_topk@k=1,brightness,0.05,1.0,0.0719640851020813,bma,/home/dineth/focus_measure/datasets/New folder/bma pbf tfa/bma_imgs/pos006_1/pos006_1_page_12.png,0.0719640851020813
focus_only_topk@k=1,brightness,-0.05,1.0,0.07188206911087036,bma,/home/dineth/focus_measure/datasets/New folder/bma pbf tfa/bma_imgs/pos006_1/pos006_1_page_12.png,0.07188206911087036
focus_only_topk@k=1,contrast,0.9,1.0,0.07211744785308838,bma,/home/dineth/focus_measure/datasets/New folder/bma pbf tfa/bma_imgs/pos006_1/pos006_1_page_12.png,0.07211744785308838
focus_only_topk@k=1,contrast,1.1,1.0,0.07217258214950562,bma,/home/dineth/focus_measure/datasets/New folder/bma pbf tfa/bma_imgs/pos006_1/pos006_1_page_12.png,0.07217258214950562
focus_only_topk@k=3,blur,0.8,1.0,0.31377875804901123,bma,/home/dineth/focus_measure/datasets/New folder/bma pbf tfa/bma_imgs/pos006_1/pos006_1_page_12.png,0.31377875804901123
focus_only_topk@k=3,blur,1.2,1.0,0.37056565284729004,bma,/home/dineth/focus_measure/datasets/New folder/bma pbf tfa/bma_imgs/pos006_1/pos006_1_page_12.png,0.37056565284729004
focus_only_topk@k=3,noise,0.01,1.0,0.031366586685180664,bma,/home/dineth/focus_measure/datasets/New folder/bma pbf tfa/bma_imgs/pos006_1/pos006_1_page_12.png,0.031366586685180664
focus_only_topk@k=3,noise,0.02,1.0,-0.18304455280303955,bma,/home/dineth/focus_measure/datasets/New folder/bma pbf tfa/bma_imgs/pos006_1/pos006_1_page_12.png,-0.18304455280303955
focus_only_topk@k=3,brightness,0.05,1.0,0.16091609001159668,bma,/home/dineth/focus_measure/datasets/New folder/bma pbf tfa/bma_imgs/pos006_1/pos006_1_page_12.png,0.16091609001159668
focus_only_topk@k=3,brightness,-0.05,1.0,0.16115307807922363,bma,/home/dineth/focus_measure/datasets/New folder/bma pbf tfa/bma_imgs/pos006_1/pos006_1_page_12.png,0.16115307807922363
focus_only_topk@k=3,contrast,0.9,1.0,0.16109097003936768,bma,/home/dineth/focus_measure/datasets/New folder/bma pbf tfa/bma_imgs/pos006_1/pos006_1_page_12.png,0.16109097003936768
focus_only_topk@k=3,contrast,1.1,1.0,0.16112005710601807,bma,/home/dineth/focus_measure/datasets/New folder/bma pbf tfa/bma_imgs/pos006_1/pos006_1_page_12.png,0.16112005710601807
focus_only_topk@k=5,blur,0.8,1.0,0.3138083219528198,bma,/home/dineth/focus_measure/datasets/New folder/bma pbf tfa/bma_imgs/pos006_1/pos006_1_page_12.png,0.3138083219528198
focus_only_topk@k=5,blur,1.2,1.0,0.3707317113876343,bma,/home/dineth/focus_measure/datasets/New folder/bma pbf tfa/bma_imgs/pos006_1/pos006_1_page_12.png,0.3707317113876343
focus_only_topk@k=5,noise,0.01,0.6666666666666666,0.22341632843017578,bma,/home/dineth/focus_measure/datasets/New folder/bma pbf tfa/bma_imgs/pos006_1/pos006_1_page_12.png,0.22341632843017578
focus_only_topk@k=5,noise,0.02,0.6666666666666666,-0.17043161392211914,bma,/home/dineth/focus_measure/datasets/New folder/bma pbf tfa/bma_imgs/pos006_1/pos006_1_page_12.png,-0.17043161392211914
focus_only_topk@k=5,brightness,0.05,1.0,0.4547092914581299,bma,/home/dineth/focus_measure/datasets/New folder/bma pbf tfa/bma_imgs/pos006_1/pos006_1_page_12.png,0.4547092914581299
focus_only_topk@k=5,brightness,-0.05,1.0,0.45463067293167114,bma,/home/dineth/focus_measure/datasets/New folder/bma pbf tfa/bma_imgs/pos006_1/pos006_1_page_12.png,0.45463067293167114
focus_only_topk@k=5,contrast,0.9,1.0,0.45485663414001465,bma,/home/dineth/focus_measure/datasets/New folder/bma pbf tfa/bma_imgs/pos006_1/pos006_1_page_12.png,0.45485663414001465
focus_only_topk@k=5,contrast,1.1,1.0,0.45491671562194824,bma,/home/dineth/focus_measure/datasets/New folder/bma pbf tfa/bma_imgs/pos006_1/pos006_1_page_12.png,0.45491671562194824
focus_only_topk@k=7,blur,0.8,1.0,0.3138083219528198,bma,/home/dineth/focus_measure/datasets/New folder/bma pbf tfa/bma_imgs/pos006_1/pos006_1_page_12.png,0.3138083219528198
focus_only_topk@k=7,blur,1.2,1.0,0.3707317113876343,bma,/home/dineth/focus_measure/datasets/New folder/bma pbf tfa/bma_imgs/pos006_1/pos006_1_page_12.png,0.3707317113876343
focus_only_topk@k=7,noise,0.01,1.0,0.22341632843017578,bma,/home/dineth/focus_measure/datasets/New folder/bma pbf tfa/bma_imgs/pos006_1/pos006_1_page_12.png,0.22341632843017578
focus_only_topk@k=7,noise,0.02,1.0,-0.18306028842926025,bma,/home/dineth/focus_measure/datasets/New folder/bma pbf tfa/bma_imgs/pos006_1/pos006_1_page_12.png,-0.18306028842926025
focus_only_topk@k=7,brightness,0.05,1.0,0.4240434169769287,bma,/home/dineth/focus_measure/datasets/New folder/bma pbf tfa/bma_imgs/pos006_1/pos006_1_page_12.png,0.4240434169769287
focus_only_topk@k=7,brightness,-0.05,1.0,0.42401015758514404,bma,/home/dineth/focus_measure/datasets/New folder/bma pbf tfa/bma_imgs/pos006_1/pos006_1_page_12.png,0.42401015758514404
focus_only_topk@k=7,contrast,0.9,1.0,0.4241117238998413,bma,/home/dineth/focus_measure/datasets/New folder/bma pbf tfa/bma_imgs/pos006_1/pos006_1_page_12.png,0.4241117238998413
focus_only_topk@k=7,contrast,1.1,1.0,0.42394304275512695,bma,/home/dineth/focus_measure/datasets/New folder/bma pbf tfa/bma_imgs/pos006_1/pos006_1_page_12.png,0.42394304275512695
occupancy_only_topk@k=1,blur,0.8,1.0,0.08591306209564209,bma,/home/dineth/focus_measure/datasets/New folder/bma pbf tfa/bma_imgs/pos006_1/pos006_1_page_12.png,0.08591306209564209
occupancy_only_topk@k=1,blur,1.2,1.0,0.09620499610900879,bma,/home/dineth/focus_measure/datasets/New folder/bma pbf tfa/bma_imgs/pos006_1/pos006_1_page_12.png,0.09620499610900879
occupancy_only_topk@k=1,noise,0.01,1.0,0.03172016143798828,bma,/home/dineth/focus_measure/datasets/New folder/bma pbf tfa/bma_imgs/pos006_1/pos006_1_page_12.png,0.03172016143798828
occupancy_only_topk@k=1,noise,0.02,1.0,-0.18305635452270508,bma,/home/dineth/focus_measure/datasets/New folder/bma pbf tfa/bma_imgs/pos006_1/pos006_1_page_12.png,-0.18305635452270508
occupancy_only_topk@k=1,brightness,0.05,0.0,0.018011093139648438,bma,/home/dineth/focus_measure/datasets/New folder/bma pbf tfa/bma_imgs/pos006_1/pos006_1_page_12.png,0.018011093139648438
occupancy_only_topk@k=1,brightness,-0.05,0.0,0.45462918281555176,bma,/home/dineth/focus_measure/datasets/New folder/bma pbf tfa/bma_imgs/pos006_1/pos006_1_page_12.png,0.45462918281555176
occupancy_only_topk@k=1,contrast,0.9,1.0,0.07390820980072021,bma,/home/dineth/focus_measure/datasets/New folder/bma pbf tfa/bma_imgs/pos006_1/pos006_1_page_12.png,0.07390820980072021
occupancy_only_topk@k=1,contrast,1.1,0.0,0.16085994243621826,bma,/home/dineth/focus_measure/datasets/New folder/bma pbf tfa/bma_imgs/pos006_1/pos006_1_page_12.png,0.16085994243621826
occupancy_only_topk@k=3,blur,0.8,1.0,0.1602686047554016,bma,/home/dineth/focus_measure/datasets/New folder/bma pbf tfa/bma_imgs/pos006_1/pos006_1_page_12.png,0.1602686047554016
occupancy_only_topk@k=3,blur,1.2,1.0,0.19033366441726685,bma,/home/dineth/focus_measure/datasets/New folder/bma pbf tfa/bma_imgs/pos006_1/pos006_1_page_12.png,0.19033366441726685
occupancy_only_topk@k=3,noise,0.01,1.0,-0.0574532151222229,bma,/home/dineth/focus_measure/datasets/New folder/bma pbf tfa/bma_imgs/pos006_1/pos006_1_page_12.png,-0.0574532151222229
occupancy_only_topk@k=3,noise,0.02,1.0,-0.31644386053085327,bma,/home/dineth/focus_measure/datasets/New folder/bma pbf tfa/bma_imgs/pos006_1/pos006_1_page_12.png,-0.31644386053085327
occupancy_only_topk@k=3,brightness,0.05,0.5,-0.30898553133010864,bma,/home/dineth/focus_measure/datasets/New folder/bma pbf tfa/bma_imgs/pos006_1/pos006_1_page_12.png,-0.30898553133010864
occupancy_only_topk@k=3,brightness,-0.05,0.5,-0.22159403562545776,bma,/home/dineth/focus_measure/datasets/New folder/bma pbf tfa/bma_imgs/pos006_1/pos006_1_page_12.png,-0.22159403562545776
occupancy_only_topk@k=3,contrast,0.9,0.5,-0.30890554189682007,bma,/home/dineth/focus_measure/datasets/New folder/bma pbf tfa/bma_imgs/pos006_1/pos006_1_page_12.png,-0.30890554189682007
occupancy_only_topk@k=3,contrast,1.1,0.5,-0.22162705659866333,bma,/home/dineth/focus_measure/datasets/New folder/bma pbf tfa/bma_imgs/pos006_1/pos006_1_page_12.png,-0.22162705659866333
occupancy_only_topk@k=5,blur,0.8,1.0,0.3138083219528198,bma,/home/dineth/focus_measure/datasets/New folder/bma pbf tfa/bma_imgs/pos006_1/pos006_1_page_12.png,0.3138083219528198
occupancy_only_topk@k=5,blur,1.2,1.0,0.3707317113876343,bma,/home/dineth/focus_measure/datasets/New folder/bma pbf tfa/bma_imgs/pos006_1/pos006_1_page_12.png,0.3707317113876343
occupancy_only_topk@k=5,noise,0.01,1.0,0.031719207763671875,bma,/home/dineth/focus_measure/datasets/New folder/bma pbf tfa/bma_imgs/pos006_1/pos006_1_page_12.png,0.031719207763671875
occupancy_only_topk@k=5,noise,0.02,0.6666666666666666,-0.18306028842926025,bma,/home/dineth/focus_measure/datasets/New folder/bma pbf tfa/bma_imgs/pos006_1/pos006_1_page_12.png,-0.18306028842926025
occupancy_only_topk@k=5,brightness,0.05,0.6666666666666666,0.0738215446472168,bma,/home/dineth/focus_measure/datasets/New folder/bma pbf tfa/bma_imgs/pos006_1/pos006_1_page_12.png,0.0738215446472168
occupancy_only_topk@k=5,brightness,-0.05,0.6666666666666666,0.45463067293167114,bma,/home/dineth/focus_measure/datasets/New folder/bma pbf tfa/bma_imgs/pos006_1/pos006_1_page_12.png,0.45463067293167114
occupancy_only_topk@k=5,contrast,0.9,0.42857142857142855,0.026305556297302246,bma,/home/dineth/focus_measure/datasets/New folder/bma pbf tfa/bma_imgs/pos006_1/pos006_1_page_12.png,0.026305556297302246
occupancy_only_topk@k=5,contrast,1.1,0.6666666666666666,0.45491671562194824,bma,/home/dineth/focus_measure/datasets/New folder/bma pbf tfa/bma_imgs/pos006_1/pos006_1_page_12.png,0.45491671562194824
occupancy_only_topk@k=7,blur,0.8,1.0,0.316170334815979,bma,/home/dineth/focus_measure/datasets/New folder/bma pbf tfa/bma_imgs/pos006_1/pos006_1_page_12.png,0.316170334815979
occupancy_only_topk@k=7,blur,1.2,1.0,0.3792123794555664,bma,/home/dineth/focus_measure/datasets/New folder/bma pbf tfa/bma_imgs/pos006_1/pos006_1_page_12.png,0.3792123794555664
occupancy_only_topk@k=7,noise,0.01,1.0,-0.025661349296569824,bma,/home/dineth/focus_measure/datasets/New folder/bma pbf tfa/bma_imgs/pos006_1/pos006_1_page_12.png,-0.025661349296569824
occupancy_only_topk@k=7,noise,0.02,1.0,-0.01530444622039795,bma,/home/dineth/focus_measure/datasets/New folder/bma pbf tfa/bma_imgs/pos006_1/pos006_1_page_12.png,-0.01530444622039795
occupancy_only_topk@k=7,brightness,0.05,0.75,0.04227626323699951,bma,/home/dineth/focus_measure/datasets/New folder/bma pbf tfa/bma_imgs/pos006_1/pos006_1_page_12.png,0.04227626323699951
occupancy_only_topk@k=7,brightness,-0.05,1.0,0.08975732326507568,bma,/home/dineth/focus_measure/datasets/New folder/bma pbf tfa/bma_imgs/pos006_1/pos006_1_page_12.png,0.08975732326507568
occupancy_only_topk@k=7,contrast,0.9,0.75,0.04225039482116699,bma,/home/dineth/focus_measure/datasets/New folder/bma pbf tfa/bma_imgs/pos006_1/pos006_1_page_12.png,0.04225039482116699
occupancy_only_topk@k=7,contrast,1.1,1.0,0.08985376358032227,bma,/home/dineth/focus_measure/datasets/New folder/bma pbf tfa/bma_imgs/pos006_1/pos006_1_page_12.png,0.08985376358032227
hybrid_proposed,blur,0.8,1.0,0.3307102918624878,bma,/home/dineth/focus_measure/datasets/New folder/bma pbf tfa/bma_imgs/pos006_1/pos006_1_page_12.png,0.3307102918624878
hybrid_proposed,blur,1.2,1.0,0.3495062589645386,bma,/home/dineth/focus_measure/datasets/New folder/bma pbf tfa/bma_imgs/pos006_1/pos006_1_page_12.png,0.3495062589645386
hybrid_proposed,noise,0.01,1.0,0.032013773918151855,bma,/home/dineth/focus_measure/datasets/New folder/bma pbf tfa/bma_imgs/pos006_1/pos006_1_page_12.png,0.032013773918151855
hybrid_proposed,noise,0.02,1.0,0.3575451374053955,bma,/home/dineth/focus_measure/datasets/New folder/bma pbf tfa/bma_imgs/pos006_1/pos006_1_page_12.png,0.3575451374053955
hybrid_proposed,brightness,0.05,1.0,0.15074467658996582,bma,/home/dineth/focus_measure/datasets/New folder/bma pbf tfa/bma_imgs/pos006_1/pos006_1_page_12.png,0.15074467658996582
hybrid_proposed,brightness,-0.05,1.0,0.15055334568023682,bma,/home/dineth/focus_measure/datasets/New folder/bma pbf tfa/bma_imgs/pos006_1/pos006_1_page_12.png,0.15055334568023682
hybrid_proposed,contrast,0.9,1.0,0.1508101224899292,bma,/home/dineth/focus_measure/datasets/New folder/bma pbf tfa/bma_imgs/pos006_1/pos006_1_page_12.png,0.1508101224899292
hybrid_proposed,contrast,1.1,1.0,0.15080440044403076,bma,/home/dineth/focus_measure/datasets/New folder/bma pbf tfa/bma_imgs/pos006_1/pos006_1_page_12.png,0.15080440044403076
all_rois,blur,0.8,1.0,0.31304681301116943,bma,/home/dineth/focus_measure/datasets/New folder/bma pbf tfa/bma_imgs/pos006_1/pos006_1_page_12.png,0.31304681301116943
all_rois,blur,1.2,1.0,0.46604764461517334,bma,/home/dineth/focus_measure/datasets/New folder/bma pbf tfa/bma_imgs/pos006_1/pos006_1_page_12.png,0.46604764461517334
all_rois,noise,0.01,1.0,0.015413641929626465,bma,/home/dineth/focus_measure/datasets/New folder/bma pbf tfa/bma_imgs/pos006_1/pos006_1_page_12.png,0.015413641929626465
all_rois,noise,0.02,1.0,0.2194889783859253,bma,/home/dineth/focus_measure/datasets/New folder/bma pbf tfa/bma_imgs/pos006_1/pos006_1_page_12.png,0.2194889783859253
all_rois,brightness,0.05,1.0,0.09728574752807617,bma,/home/dineth/focus_measure/datasets/New folder/bma pbf tfa/bma_imgs/pos006_1/pos006_1_page_12.png,0.09728574752807617
all_rois,brightness,-0.05,1.0,0.09736049175262451,bma,/home/dineth/focus_measure/datasets/New folder/bma pbf tfa/bma_imgs/pos006_1/pos006_1_page_12.png,0.09736049175262451
all_rois,contrast,0.9,1.0,0.09726369380950928,bma,/home/dineth/focus_measure/datasets/New folder/bma pbf tfa/bma_imgs/pos006_1/pos006_1_page_12.png,0.09726369380950928
all_rois,contrast,1.1,1.0,0.09723317623138428,bma,/home/dineth/focus_measure/datasets/New folder/bma pbf tfa/bma_imgs/pos006_1/pos006_1_page_12.png,0.09723317623138428
cnn_adaptive,blur,0.8,1.0,0.3307102918624878,bma,/home/dineth/focus_measure/datasets/New folder/bma pbf tfa/bma_imgs/pos006_1/pos006_1_page_12.png,0.3307102918624878
cnn_adaptive,blur,1.2,1.0,0.3495062589645386,bma,/home/dineth/focus_measure/datasets/New folder/bma pbf tfa/bma_imgs/pos006_1/pos006_1_page_12.png,0.3495062589645386
cnn_adaptive,noise,0.01,1.0,0.032013773918151855,bma,/home/dineth/focus_measure/datasets/New folder/bma pbf tfa/bma_imgs/pos006_1/pos006_1_page_12.png,0.032013773918151855
cnn_adaptive,noise,0.02,1.0,0.3575451374053955,bma,/home/dineth/focus_measure/datasets/New folder/bma pbf tfa/bma_imgs/pos006_1/pos006_1_page_12.png,0.3575451374053955
cnn_adaptive,brightness,0.05,1.0,0.15074467658996582,bma,/home/dineth/focus_measure/datasets/New folder/bma pbf tfa/bma_imgs/pos006_1/pos006_1_page_12.png,0.15074467658996582
cnn_adaptive,brightness,-0.05,1.0,0.15055334568023682,bma,/home/dineth/focus_measure/datasets/New folder/bma pbf tfa/bma_imgs/pos006_1/pos006_1_page_12.png,0.15055334568023682
cnn_adaptive,contrast,0.9,1.0,0.1508101224899292,bma,/home/dineth/focus_measure/datasets/New folder/bma pbf tfa/bma_imgs/pos006_1/pos006_1_page_12.png,0.1508101224899292
cnn_adaptive,contrast,1.1,1.0,0.15080440044403076,bma,/home/dineth/focus_measure/datasets/New folder/bma pbf tfa/bma_imgs/pos006_1/pos006_1_page_12.png,0.15080440044403076
center_top1,blur,0.8,1.0,-0.17920708656311035,pbs,/home/dineth/focus_measure/datasets/New folder/bma pbf tfa/pbs_imgs/FieldPos217_Cam01_RGB_MB/FieldPos217_Cam01_RGB_MB_page_7.png,-0.17920708656311035
center_top1,blur,1.2,1.0,-0.1323230266571045,pbs,/home/dineth/focus_measure/datasets/New folder/bma pbf tfa/pbs_imgs/FieldPos217_Cam01_RGB_MB/FieldPos217_Cam01_RGB_MB_page_7.png,-0.1323230266571045
center_top1,noise,0.01,1.0,0.48419809341430664,pbs,/home/dineth/focus_measure/datasets/New folder/bma pbf tfa/pbs_imgs/FieldPos217_Cam01_RGB_MB/FieldPos217_Cam01_RGB_MB_page_7.png,0.48419809341430664
center_top1,noise,0.02,1.0,0.12248635292053223,pbs,/home/dineth/focus_measure/datasets/New folder/bma pbf tfa/pbs_imgs/FieldPos217_Cam01_RGB_MB/FieldPos217_Cam01_RGB_MB_page_7.png,0.12248635292053223
center_top1,brightness,0.05,1.0,0.39678049087524414,pbs,/home/dineth/focus_measure/datasets/New folder/bma pbf tfa/pbs_imgs/FieldPos217_Cam01_RGB_MB/FieldPos217_Cam01_RGB_MB_page_7.png,0.39678049087524414
center_top1,brightness,-0.05,1.0,0.3968238830566406,pbs,/home/dineth/focus_measure/datasets/New folder/bma pbf tfa/pbs_imgs/FieldPos217_Cam01_RGB_MB/FieldPos217_Cam01_RGB_MB_page_7.png,0.3968238830566406
center_top1,contrast,0.9,1.0,0.396870493888855,pbs,/home/dineth/focus_measure/datasets/New folder/bma pbf tfa/pbs_imgs/FieldPos217_Cam01_RGB_MB/FieldPos217_Cam01_RGB_MB_page_7.png,0.396870493888855
center_top1,contrast,1.1,1.0,0.39679503440856934,pbs,/home/dineth/focus_measure/datasets/New folder/bma pbf tfa/pbs_imgs/FieldPos217_Cam01_RGB_MB/FieldPos217_Cam01_RGB_MB_page_7.png,0.39679503440856934
random_k@k=1,blur,0.8,1.0,-0.6603333950042725,pbs,/home/dineth/focus_measure/datasets/New folder/bma pbf tfa/pbs_imgs/FieldPos217_Cam01_RGB_MB/FieldPos217_Cam01_RGB_MB_page_7.png,-0.6603333950042725
random_k@k=1,blur,1.2,1.0,-0.8790628910064697,pbs,/home/dineth/focus_measure/datasets/New folder/bma pbf tfa/pbs_imgs/FieldPos217_Cam01_RGB_MB/FieldPos217_Cam01_RGB_MB_page_7.png,-0.8790628910064697
random_k@k=1,noise,0.01,1.0,0.21389281749725342,pbs,/home/dineth/focus_measure/datasets/New folder/bma pbf tfa/pbs_imgs/FieldPos217_Cam01_RGB_MB/FieldPos217_Cam01_RGB_MB_page_7.png,0.21389281749725342
random_k@k=1,noise,0.02,1.0,-0.593254566192627,pbs,/home/dineth/focus_measure/datasets/New folder/bma pbf tfa/pbs_imgs/FieldPos217_Cam01_RGB_MB/FieldPos217_Cam01_RGB_MB_page_7.png,-0.593254566192627
random_k@k=1,brightness,0.05,1.0,0.5161691904067993,pbs,/home/dineth/focus_measure/datasets/New folder/bma pbf tfa/pbs_imgs/FieldPos217_Cam01_RGB_MB/FieldPos217_Cam01_RGB_MB_page_7.png,0.5161691904067993
random_k@k=1,brightness,-0.05,1.0,0.5157471895217896,pbs,/home/dineth/focus_measure/datasets/New folder/bma pbf tfa/pbs_imgs/FieldPos217_Cam01_RGB_MB/FieldPos217_Cam01_RGB_MB_page_7.png,0.5157471895217896
random_k@k=1,contrast,0.9,1.0,0.515897274017334,pbs,/home/dineth/focus_measure/datasets/New folder/bma pbf tfa/pbs_imgs/FieldPos217_Cam01_RGB_MB/FieldPos217_Cam01_RGB_MB_page_7.png,0.515897274017334
random_k@k=1,contrast,1.1,1.0,0.5159580707550049,pbs,/home/dineth/focus_measure/datasets/New folder/bma pbf tfa/pbs_imgs/FieldPos217_Cam01_RGB_MB/FieldPos217_Cam01_RGB_MB_page_7.png,0.5159580707550049
random_k@k=3,blur,0.8,1.0,0.036561012268066406,pbs,/home/dineth/focus_measure/datasets/New folder/bma pbf tfa/pbs_imgs/FieldPos217_Cam01_RGB_MB/FieldPos217_Cam01_RGB_MB_page_7.png,0.036561012268066406
random_k@k=3,blur,1.2,1.0,-0.18196487426757812,pbs,/home/dineth/focus_measure/datasets/New folder/bma pbf tfa/pbs_imgs/FieldPos217_Cam01_RGB_MB/FieldPos217_Cam01_RGB_MB_page_7.png,-0.18196487426757812
random_k@k=3,noise,0.01,1.0,0.910903811454773,pbs,/home/dineth/focus_measure/datasets/New folder/bma pbf tfa/pbs_imgs/FieldPos217_Cam01_RGB_MB/FieldPos217_Cam01_RGB_MB_page_7.png,0.910903811454773
random_k@k=3,noise,0.02,1.0,0.1040034294128418,pbs,/home/dineth/focus_measure/datasets/New folder/bma pbf tfa/pbs_imgs/FieldPos217_Cam01_RGB_MB/FieldPos217_Cam01_RGB_MB_page_7.png,0.1040034294128418
random_k@k=3,brightness,0.05,1.0,1.2129448652267456,pbs,/home/dineth/focus_measure/datasets/New folder/bma pbf tfa/pbs_imgs/FieldPos217_Cam01_RGB_MB/FieldPos217_Cam01_RGB_MB_page_7.png,1.2129448652267456
random_k@k=3,brightness,-0.05,1.0,1.2125489711761475,pbs,/home/dineth/focus_measure/datasets/New folder/bma pbf tfa/pbs_imgs/FieldPos217_Cam01_RGB_MB/FieldPos217_Cam01_RGB_MB_page_7.png,1.2125489711761475
random_k@k=3,contrast,0.9,1.0,1.2126734256744385,pbs,/home/dineth/focus_measure/datasets/New folder/bma pbf tfa/pbs_imgs/FieldPos217_Cam01_RGB_MB/FieldPos217_Cam01_RGB_MB_page_7.png,1.2126734256744385
random_k@k=3,contrast,1.1,1.0,1.2129133939743042,pbs,/home/dineth/focus_measure/datasets/New folder/bma pbf tfa/pbs_imgs/FieldPos217_Cam01_RGB_MB/FieldPos217_Cam01_RGB_MB_page_7.png,1.2129133939743042
random_k@k=5,blur,0.8,1.0,-0.18154072761535645,pbs,/home/dineth/focus_measure/datasets/New folder/bma pbf tfa/pbs_imgs/FieldPos217_Cam01_RGB_MB/FieldPos217_Cam01_RGB_MB_page_7.png,-0.18154072761535645
random_k@k=5,blur,1.2,1.0,-0.3814265727996826,pbs,/home/dineth/focus_measure/datasets/New folder/bma pbf tfa/pbs_imgs/FieldPos217_Cam01_RGB_MB/FieldPos217_Cam01_RGB_MB_page_7.png,-0.3814265727996826
random_k@k=5,noise,0.01,1.0,0.711502194404602,pbs,/home/dineth/focus_measure/datasets/New folder/bma pbf tfa/pbs_imgs/FieldPos217_Cam01_RGB_MB/FieldPos217_Cam01_RGB_MB_page_7.png,0.711502194404602
random_k@k=5,noise,0.02,1.0,-0.09561586380004883,pbs,/home/dineth/focus_measure/datasets/New folder/bma pbf tfa/pbs_imgs/FieldPos217_Cam01_RGB_MB/FieldPos217_Cam01_RGB_MB_page_7.png,-0.09561586380004883
random_k@k=5,brightness,0.05,1.0,1.0137852430343628,pbs,/home/dineth/focus_measure/datasets/New folder/bma pbf tfa/pbs_imgs/FieldPos217_Cam01_RGB_MB/FieldPos217_Cam01_RGB_MB_page_7.png,1.0137852430343628
random_k@k=5,brightness,-0.05,1.0,1.0133610963821411,pbs,/home/dineth/focus_measure/datasets/New folder/bma pbf tfa/pbs_imgs/FieldPos217_Cam01_RGB_MB/FieldPos217_Cam01_RGB_MB_page_7.png,1.0133610963821411
random_k@k=5,contrast,0.9,1.0,1.0135231018066406,pbs,/home/dineth/focus_measure/datasets/New folder/bma pbf tfa/pbs_imgs/FieldPos217_Cam01_RGB_MB/FieldPos217_Cam01_RGB_MB_page_7.png,1.0135231018066406
random_k@k=5,contrast,1.1,1.0,1.0135703086853027,pbs,/home/dineth/focus_measure/datasets/New folder/bma pbf tfa/pbs_imgs/FieldPos217_Cam01_RGB_MB/FieldPos217_Cam01_RGB_MB_page_7.png,1.0135703086853027
random_k@k=7,blur,0.8,1.0,-0.5338343381881714,pbs,/home/dineth/focus_measure/datasets/New folder/bma pbf tfa/pbs_imgs/FieldPos217_Cam01_RGB_MB/FieldPos217_Cam01_RGB_MB_page_7.png,-0.5338343381881714
random_k@k=7,blur,1.2,1.0,-0.5626355409622192,pbs,/home/dineth/focus_measure/datasets/New folder/bma pbf tfa/pbs_imgs/FieldPos217_Cam01_RGB_MB/FieldPos217_Cam01_RGB_MB_page_7.png,-0.5626355409622192
random_k@k=7,noise,0.01,1.0,0.15665853023529053,pbs,/home/dineth/focus_measure/datasets/New folder/bma pbf tfa/pbs_imgs/FieldPos217_Cam01_RGB_MB/FieldPos217_Cam01_RGB_MB_page_7.png,0.15665853023529053
random_k@k=7,noise,0.02,1.0,-0.22990882396697998,pbs,/home/dineth/focus_measure/datasets/New folder/bma pbf tfa/pbs_imgs/FieldPos217_Cam01_RGB_MB/FieldPos217_Cam01_RGB_MB_page_7.png,-0.22990882396697998
random_k@k=7,brightness,0.05,1.0,0.38937270641326904,pbs,/home/dineth/focus_measure/datasets/New folder/bma pbf tfa/pbs_imgs/FieldPos217_Cam01_RGB_MB/FieldPos217_Cam01_RGB_MB_page_7.png,0.38937270641326904
random_k@k=7,brightness,-0.05,1.0,0.3893775939941406,pbs,/home/dineth/focus_measure/datasets/New folder/bma pbf tfa/pbs_imgs/FieldPos217_Cam01_RGB_MB/FieldPos217_Cam01_RGB_MB_page_7.png,0.3893775939941406
random_k@k=7,contrast,0.9,1.0,0.3894824981689453,pbs,/home/dineth/focus_measure/datasets/New folder/bma pbf tfa/pbs_imgs/FieldPos217_Cam01_RGB_MB/FieldPos217_Cam01_RGB_MB_page_7.png,0.3894824981689453
random_k@k=7,contrast,1.1,1.0,0.38936781883239746,pbs,/home/dineth/focus_measure/datasets/New folder/bma pbf tfa/pbs_imgs/FieldPos217_Cam01_RGB_MB/FieldPos217_Cam01_RGB_MB_page_7.png,0.38936781883239746
focus_only_topk@k=1,blur,0.8,0.0,,pbs,/home/dineth/focus_measure/datasets/New folder/bma pbf tfa/pbs_imgs/FieldPos217_Cam01_RGB_MB/FieldPos217_Cam01_RGB_MB_page_7.png,
focus_only_topk@k=1,blur,1.2,0.0,,pbs,/home/dineth/focus_measure/datasets/New folder/bma pbf tfa/pbs_imgs/FieldPos217_Cam01_RGB_MB/FieldPos217_Cam01_RGB_MB_page_7.png,
focus_only_topk@k=1,noise,0.01,1.0,0.49665844440460205,pbs,/home/dineth/focus_measure/datasets/New folder/bma pbf tfa/pbs_imgs/FieldPos217_Cam01_RGB_MB/FieldPos217_Cam01_RGB_MB_page_7.png,0.49665844440460205
focus_only_topk@k=1,noise,0.02,0.0,-1.0520920753479004,pbs,/home/dineth/focus_measure/datasets/New folder/bma pbf tfa/pbs_imgs/FieldPos217_Cam01_RGB_MB/FieldPos217_Cam01_RGB_MB_page_7.png,-1.0520920753479004
focus_only_topk@k=1,brightness,0.05,1.0,0.45989203453063965,pbs,/home/dineth/focus_measure/datasets/New folder/bma pbf tfa/pbs_imgs/FieldPos217_Cam01_RGB_MB/FieldPos217_Cam01_RGB_MB_page_7.png,0.45989203453063965
focus_only_topk@k=1,brightness,-0.05,1.0,0.4600014090538025,pbs,/home/dineth/focus_measure/datasets/New folder/bma pbf tfa/pbs_imgs/FieldPos217_Cam01_RGB_MB/FieldPos217_Cam01_RGB_MB_page_7.png,0.4600014090538025
focus_only_topk@k=1,contrast,0.9,0.0,-1.204108715057373,pbs,/home/dineth/focus_measure/datasets/New folder/bma pbf tfa/pbs_imgs/FieldPos217_Cam01_RGB_MB/FieldPos217_Cam01_RGB_MB_page_7.png,-1.204108715057373
focus_only_topk@k=1,contrast,1.1,1.0,0.4600471258163452,pbs,/home/dineth/focus_measure/datasets/New folder/bma pbf tfa/pbs_imgs/FieldPos217_Cam01_RGB_MB/FieldPos217_Cam01_RGB_MB_page_7.png,0.4600471258163452
focus_only_topk@k=3,blur,0.8,0.5,0.5494251251220703,pbs,/home/dineth/focus_measure/datasets/New folder/bma pbf tfa/pbs_imgs/FieldPos217_Cam01_RGB_MB/FieldPos217_Cam01_RGB_MB_page_7.png,0.5494251251220703
focus_only_topk@k=3,blur,1.2,0.5,0.0008869171142578125,pbs,/home/dineth/focus_measure/datasets/New folder/bma pbf tfa/pbs_imgs/FieldPos217_Cam01_RGB_MB/FieldPos217_Cam01_RGB_MB_page_7.png,0.0008869171142578125
focus_only_topk@k=3,noise,0.01,0.5,-0.046335458755493164,pbs,/home/dineth/focus_measure/datasets/New folder/bma pbf tfa/pbs_imgs/FieldPos217_Cam01_RGB_MB/FieldPos217_Cam01_RGB_MB_page_7.png,-0.046335458755493164
focus_only_topk@k=3,noise,0.02,0.0,0.04509735107421875,pbs,/home/dineth/focus_measure/datasets/New folder/bma pbf tfa/pbs_imgs/FieldPos217_Cam01_RGB_MB/FieldPos217_Cam01_RGB_MB_page_7.png,0.04509735107421875
focus_only_topk@k=3,brightness,0.05,0.5,0.09440922737121582,pbs,/home/dineth/focus_measure/datasets/New folder/bma pbf tfa/pbs_imgs/FieldPos217_Cam01_RGB_MB/FieldPos217_Cam01_RGB_MB_page_7.png,0.09440922737121582
focus_only_topk@k=3,brightness,-0.05,1.0,0.3759427070617676,pbs,/home/dineth/focus_measure/datasets/New folder/bma pbf tfa/pbs_imgs/FieldPos217_Cam01_RGB_MB/FieldPos217_Cam01_RGB_MB_page_7.png,0.3759427070617676
focus_only_topk@k=3,contrast,0.9,1.0,0.3759419918060303,pbs,/home/dineth/focus_measure/datasets/New folder/bma pbf tfa/pbs_imgs/FieldPos217_Cam01_RGB_MB/FieldPos217_Cam01_RGB_MB_page_7.png,0.3759419918060303
focus_only_topk@k=3,contrast,1.1,0.5,0.09470105171203613,pbs,/home/dineth/focus_measure/datasets/New folder/bma pbf tfa/pbs_imgs/FieldPos217_Cam01_RGB_MB/FieldPos217_Cam01_RGB_MB_page_7.png,0.09470105171203613
focus_only_topk@k=5,blur,0.8,1.0,-0.09310102462768555,pbs,/home/dineth/focus_measure/datasets/New folder/bma pbf tfa/pbs_imgs/FieldPos217_Cam01_RGB_MB/FieldPos217_Cam01_RGB_MB_page_7.png,-0.09310102462768555
focus_only_topk@k=5,blur,1.2,1.0,0.00079345703125,pbs,/home/dineth/focus_measure/datasets/New folder/bma pbf tfa/pbs_imgs/FieldPos217_Cam01_RGB_MB/FieldPos217_Cam01_RGB_MB_page_7.png,0.00079345703125
focus_only_topk@k=5,noise,0.01,0.6666666666666666,0.6080074310302734,pbs,/home/dineth/focus_measure/datasets/New folder/bma pbf tfa/pbs_imgs/FieldPos217_Cam01_RGB_MB/FieldPos217_Cam01_RGB_MB_page_7.png,0.6080074310302734
focus_only_topk@k=5,noise,0.02,0.0,0.1412982940673828,pbs,/home/dineth/focus_measure/datasets/New folder/bma pbf tfa/pbs_imgs/FieldPos217_Cam01_RGB_MB/FieldPos217_Cam01_RGB_MB_page_7.png,0.1412982940673828
focus_only_topk@k=5,brightness,0.05,0.6666666666666666,0.09484720230102539,pbs,/home/dineth/focus_measure/datasets/New folder/bma pbf tfa/pbs_imgs/FieldPos217_Cam01_RGB_MB/FieldPos217_Cam01_RGB_MB_page_7.png,0.09484720230102539
focus_only_topk@k=5,brightness,-0.05,1.0,0.3758065700531006,pbs,/home/dineth/focus_measure/datasets/New folder/bma pbf tfa/pbs_imgs/FieldPos217_Cam01_RGB_MB/FieldPos217_Cam01_RGB_MB_page_7.png,0.3758065700531006
focus_only_topk@k=5,contrast,0.9,1.0,0.37622976303100586,pbs,/home/dineth/focus_measure/datasets/New folder/bma pbf tfa/pbs_imgs/FieldPos217_Cam01_RGB_MB/FieldPos217_Cam01_RGB_MB_page_7.png,0.37622976303100586
focus_only_topk@k=5,contrast,1.1,0.6666666666666666,0.0949711799621582,pbs,/home/dineth/focus_measure/datasets/New folder/bma pbf tfa/pbs_imgs/FieldPos217_Cam01_RGB_MB/FieldPos217_Cam01_RGB_MB_page_7.png,0.0949711799621582
focus_only_topk@k=7,blur,0.8,0.75,0.13045740127563477,pbs,/home/dineth/focus_measure/datasets/New folder/bma pbf tfa/pbs_imgs/FieldPos217_Cam01_RGB_MB/FieldPos217_Cam01_RGB_MB_page_7.png,0.13045740127563477
focus_only_topk@k=7,blur,1.2,0.75,0.00079345703125,pbs,/home/dineth/focus_measure/datasets/New folder/bma pbf tfa/pbs_imgs/FieldPos217_Cam01_RGB_MB/FieldPos217_Cam01_RGB_MB_page_7.png,0.00079345703125
focus_only_topk@k=7,noise,0.01,0.75,0.595191478729248,pbs,/home/dineth/focus_measure/datasets/New folder/bma pbf tfa/pbs_imgs/FieldPos217_Cam01_RGB_MB/FieldPos217_Cam01_RGB_MB_page_7.png,0.595191478729248
focus_only_topk@k=7,noise,0.02,0.16666666666666666,0.3288249969482422,pbs,/home/dineth/focus_measure/datasets/New folder/bma pbf tfa/pbs_imgs/FieldPos217_Cam01_RGB_MB/FieldPos217_Cam01_RGB_MB_page_7.png,0.3288249969482422
focus_only_topk@k=7,brightness,0.05,0.75,0.21439623832702637,pbs,/home/dineth/focus_measure/datasets/New folder/bma pbf tfa/pbs_imgs/FieldPos217_Cam01_RGB_MB/FieldPos217_Cam01_RGB_MB_page_7.png,0.21439623832702637
focus_only_topk@k=7,brightness,-0.05,1.0,0.2145686149597168,pbs,/home/dineth/focus_measure/datasets/New folder/bma pbf tfa/pbs_imgs/FieldPos217_Cam01_RGB_MB/FieldPos217_Cam01_RGB_MB_page_7.png,0.2145686149597168
focus_only_topk@k=7,contrast,0.9,0.75,0.37622976303100586,pbs,/home/dineth/focus_measure/datasets/New folder/bma pbf tfa/pbs_imgs/FieldPos217_Cam01_RGB_MB/FieldPos217_Cam01_RGB_MB_page_7.png,0.37622976303100586
focus_only_topk@k=7,contrast,1.1,0.75,0.21473193168640137,pbs,/home/dineth/focus_measure/datasets/New folder/bma pbf tfa/pbs_imgs/FieldPos217_Cam01_RGB_MB/FieldPos217_Cam01_RGB_MB_page_7.png,0.21473193168640137
occupancy_only_topk@k=1,blur,0.8,1.0,,pbs,/home/dineth/focus_measure/datasets/New folder/bma pbf tfa/pbs_imgs/FieldPos217_Cam01_RGB_MB/FieldPos217_Cam01_RGB_MB_page_7.png,
occupancy_only_topk@k=1,blur,1.2,1.0,,pbs,/home/dineth/focus_measure/datasets/New folder/bma pbf tfa/pbs_imgs/FieldPos217_Cam01_RGB_MB/FieldPos217_Cam01_RGB_MB_page_7.png,
occupancy_only_topk@k=1,noise,0.01,1.0,-0.08040046691894531,pbs,/home/dineth/focus_measure/datasets/New folder/bma pbf tfa/pbs_imgs/FieldPos217_Cam01_RGB_MB/FieldPos217_Cam01_RGB_MB_page_7.png,-0.08040046691894531
occupancy_only_topk@k=1,noise,0.02,1.0,0.25760769844055176,pbs,/home/dineth/focus_measure/datasets/New folder/bma pbf tfa/pbs_imgs/FieldPos217_Cam01_RGB_MB/FieldPos217_Cam01_RGB_MB_page_7.png,0.25760769844055176
occupancy_only_topk@k=1,brightness,0.05,1.0,-0.14016461372375488,pbs,/home/dineth/focus_measure/datasets/New folder/bma pbf tfa/pbs_imgs/FieldPos217_Cam01_RGB_MB/FieldPos217_Cam01_RGB_MB_page_7.png,-0.14016461372375488
occupancy_only_topk@k=1,brightness,-0.05,1.0,0.001222848892211914,pbs,/home/dineth/focus_measure/datasets/New folder/bma pbf tfa/pbs_imgs/FieldPos217_Cam01_RGB_MB/FieldPos217_Cam01_RGB_MB_page_7.png,0.001222848892211914
occupancy_only_topk@k=1,contrast,0.9,1.0,-0.14027047157287598,pbs,/home/dineth/focus_measure/datasets/New folder/bma pbf tfa/pbs_imgs/FieldPos217_Cam01_RGB_MB/FieldPos217_Cam01_RGB_MB_page_7.png,-0.14027047157287598
occupancy_only_topk@k=1,contrast,1.1,1.0,-0.01235818862915039,pbs,/home/dineth/focus_measure/datasets/New folder/bma pbf tfa/pbs_imgs/FieldPos217_Cam01_RGB_MB/FieldPos217_Cam01_RGB_MB_page_7.png,-0.01235818862915039
occupancy_only_topk@k=3,blur,0.8,1.0,0.20956778526306152,pbs,/home/dineth/focus_measure/datasets/New folder/bma pbf tfa/pbs_imgs/FieldPos217_Cam01_RGB_MB/FieldPos217_Cam01_RGB_MB_page_7.png,0.20956778526306152
occupancy_only_topk@k=3,blur,1.2,1.0,5.13794732093811,pbs,/home/dineth/focus_measure/datasets/New folder/bma pbf tfa/pbs_imgs/FieldPos217_Cam01_RGB_MB/FieldPos217_Cam01_RGB_MB_page_7.png,5.13794732093811
occupancy_only_topk@k=3,noise,0.01,1.0,-0.14327001571655273,pbs,/home/dineth/focus_measure/datasets/New folder/bma pbf tfa/pbs_imgs/FieldPos217_Cam01_RGB_MB/FieldPos217_Cam01_RGB_MB_page_7.png,-0.14327001571655273
occupancy_only_topk@k=3,noise,0.02,1.0,0.045564889907836914,pbs,/home/dineth/focus_measure/datasets/New folder/bma pbf tfa/pbs_imgs/FieldPos217_Cam01_RGB_MB/FieldPos217_Cam01_RGB_MB_page_7.png,0.045564889907836914
occupancy_only_topk@k=3,brightness,0.05,0.2,0.2805767059326172,pbs,/home/dineth/focus_measure/datasets/New folder/bma pbf tfa/pbs_imgs/FieldPos217_Cam01_RGB_MB/FieldPos217_Cam01_RGB_MB_page_7.png,0.2805767059326172
occupancy_only_topk@k=3,brightness,-0.05,1.0,0.2798459529876709,pbs,/home/dineth/focus_measure/datasets/New folder/bma pbf tfa/pbs_imgs/FieldPos217_Cam01_RGB_MB/FieldPos217_Cam01_RGB_MB_page_7.png,0.2798459529876709
occupancy_only_topk@k=3,contrast,0.9,0.5,0.2807047367095947,pbs,/home/dineth/focus_measure/datasets/New folder/bma pbf tfa/pbs_imgs/FieldPos217_Cam01_RGB_MB/FieldPos217_Cam01_RGB_MB_page_7.png,0.2807047367095947
occupancy_only_topk@k=3,contrast,1.1,1.0,0.2798640727996826,pbs,/home/dineth/focus_measure/datasets/New folder/bma pbf tfa/pbs_imgs/FieldPos217_Cam01_RGB_MB/FieldPos217_Cam01_RGB_MB_page_7.png,0.2798640727996826
occupancy_only_topk@k=5,blur,0.8,1.0,0.2818918228149414,pbs,/home/dineth/focus_measure/datasets/New folder/bma pbf tfa/pbs_imgs/FieldPos217_Cam01_RGB_MB/FieldPos217_Cam01_RGB_MB_page_7.png,0.2818918228149414
occupancy_only_topk@k=5,blur,1.2,1.0,5.170976877212524,pbs,/home/dineth/focus_measure/datasets/New folder/bma pbf tfa/pbs_imgs/FieldPos217_Cam01_RGB_MB/FieldPos217_Cam01_RGB_MB_page_7.png,5.170976877212524
occupancy_only_topk@k=5,noise,0.01,1.0,0.4268655776977539,pbs,/home/dineth/focus_measure/datasets/New folder/bma pbf tfa/pbs_imgs/FieldPos217_Cam01_RGB_MB/FieldPos217_Cam01_RGB_MB_page_7.png,0.4268655776977539
occupancy_only_topk@k=5,noise,0.02,1.0,0.1184091567993164,pbs,/home/dineth/focus_measure/datasets/New folder/bma pbf tfa/pbs_imgs/FieldPos217_Cam01_RGB_MB/FieldPos217_Cam01_RGB_MB_page_7.png,0.1184091567993164
occupancy_only_topk@k=5,brightness,0.05,0.25,1.1015100479125977,pbs,/home/dineth/focus_measure/datasets/New folder/bma pbf tfa/pbs_imgs/FieldPos217_Cam01_RGB_MB/FieldPos217_Cam01_RGB_MB_page_7.png,1.1015100479125977
occupancy_only_topk@k=5,brightness,-0.05,0.42857142857142855,0.35248541831970215,pbs,/home/dineth/focus_measure/datasets/New folder/bma pbf tfa/pbs_imgs/FieldPos217_Cam01_RGB_MB/FieldPos217_Cam01_RGB_MB_page_7.png,0.35248541831970215
occupancy_only_topk@k=5,contrast,0.9,0.6666666666666666,0.35334062576293945,pbs,/home/dineth/focus_measure/datasets/New folder/bma pbf tfa/pbs_imgs/FieldPos217_Cam01_RGB_MB/FieldPos217_Cam01_RGB_MB_page_7.png,0.35334062576293945
occupancy_only_topk@k=5,contrast,1.1,0.6666666666666666,0.3526456356048584,pbs,/home/dineth/focus_measure/datasets/New folder/bma pbf tfa/pbs_imgs/FieldPos217_Cam01_RGB_MB/FieldPos217_Cam01_RGB_MB_page_7.png,0.3526456356048584
occupancy_only_topk@k=7,blur,0.8,1.0,5.02990460395813,pbs,/home/dineth/focus_measure/datasets/New folder/bma pbf tfa/pbs_imgs/FieldPos217_Cam01_RGB_MB/FieldPos217_Cam01_RGB_MB_page_7.png,5.02990460395813
occupancy_only_topk@k=7,blur,1.2,1.0,5.098628759384155,pbs,/home/dineth/focus_measure/datasets/New folder/bma pbf tfa/pbs_imgs/FieldPos217_Cam01_RGB_MB/FieldPos217_Cam01_RGB_MB_page_7.png,5.098628759384155
occupancy_only_topk@k=7,noise,0.01,1.0,0.367914080619812,pbs,/home/dineth/focus_measure/datasets/New folder/bma pbf tfa/pbs_imgs/FieldPos217_Cam01_RGB_MB/FieldPos217_Cam01_RGB_MB_page_7.png,0.367914080619812
occupancy_only_topk@k=7,noise,0.02,0.5555555555555556,0.046061038970947266,pbs,/home/dineth/focus_measure/datasets/New folder/bma pbf tfa/pbs_imgs/FieldPos217_Cam01_RGB_MB/FieldPos217_Cam01_RGB_MB_page_7.png,0.046061038970947266
occupancy_only_topk@k=7,brightness,0.05,0.2727272727272727,1.0062040090560913,pbs,/home/dineth/focus_measure/datasets/New folder/bma pbf tfa/pbs_imgs/FieldPos217_Cam01_RGB_MB/FieldPos217_Cam01_RGB_MB_page_7.png,1.0062040090560913
occupancy_only_topk@k=7,brightness,-0.05,0.5555555555555556,0.26477742195129395,pbs,/home/dineth/focus_measure/datasets/New folder/bma pbf tfa/pbs_imgs/FieldPos217_Cam01_RGB_MB/FieldPos217_Cam01_RGB_MB_page_7.png,0.26477742195129395
occupancy_only_topk@k=7,contrast,0.9,0.75,0.31589043140411377,pbs,/home/dineth/focus_measure/datasets/New folder/bma pbf tfa/pbs_imgs/FieldPos217_Cam01_RGB_MB/FieldPos217_Cam01_RGB_MB_page_7.png,0.31589043140411377
occupancy_only_topk@k=7,contrast,1.1,0.5555555555555556,0.26462745666503906,pbs,/home/dineth/focus_measure/datasets/New folder/bma pbf tfa/pbs_imgs/FieldPos217_Cam01_RGB_MB/FieldPos217_Cam01_RGB_MB_page_7.png,0.26462745666503906
hybrid_proposed,blur,0.8,0.7777777777777778,-0.40318095684051514,pbs,/home/dineth/focus_measure/datasets/New folder/bma pbf tfa/pbs_imgs/FieldPos217_Cam01_RGB_MB/FieldPos217_Cam01_RGB_MB_page_7.png,-0.40318095684051514
hybrid_proposed,blur,1.2,0.7777777777777778,-0.4497617483139038,pbs,/home/dineth/focus_measure/datasets/New folder/bma pbf tfa/pbs_imgs/FieldPos217_Cam01_RGB_MB/FieldPos217_Cam01_RGB_MB_page_7.png,-0.4497617483139038
hybrid_proposed,noise,0.01,0.8666666666666667,0.36181390285491943,pbs,/home/dineth/focus_measure/datasets/New folder/bma pbf tfa/pbs_imgs/FieldPos217_Cam01_RGB_MB/FieldPos217_Cam01_RGB_MB_page_7.png,0.36181390285491943
hybrid_proposed,noise,0.02,0.5555555555555556,-0.11144578456878662,pbs,/home/dineth/focus_measure/datasets/New folder/bma pbf tfa/pbs_imgs/FieldPos217_Cam01_RGB_MB/FieldPos217_Cam01_RGB_MB_page_7.png,-0.11144578456878662
hybrid_proposed,brightness,0.05,0.8983050847457628,0.4236783981323242,pbs,/home/dineth/focus_measure/datasets/New folder/bma pbf tfa/pbs_imgs/FieldPos217_Cam01_RGB_MB/FieldPos217_Cam01_RGB_MB_page_7.png,0.4236783981323242
hybrid_proposed,brightness,-0.05,0.9649122807017544,0.3979259729385376,pbs,/home/dineth/focus_measure/datasets/New folder/bma pbf tfa/pbs_imgs/FieldPos217_Cam01_RGB_MB/FieldPos217_Cam01_RGB_MB_page_7.png,0.3979259729385376
hybrid_proposed,contrast,0.9,0.8360655737704918,0.4080471992492676,pbs,/home/dineth/focus_measure/datasets/New folder/bma pbf tfa/pbs_imgs/FieldPos217_Cam01_RGB_MB/FieldPos217_Cam01_RGB_MB_page_7.png,0.4080471992492676
hybrid_proposed,contrast,1.1,0.8666666666666667,0.3833423852920532,pbs,/home/dineth/focus_measure/datasets/New folder/bma pbf tfa/pbs_imgs/FieldPos217_Cam01_RGB_MB/FieldPos217_Cam01_RGB_MB_page_7.png,0.3833423852920532
all_rois,blur,0.8,1.0,-0.6744886636734009,pbs,/home/dineth/focus_measure/datasets/New folder/bma pbf tfa/pbs_imgs/FieldPos217_Cam01_RGB_MB/FieldPos217_Cam01_RGB_MB_page_7.png,-0.6744886636734009
all_rois,blur,1.2,1.0,-0.628017783164978,pbs,/home/dineth/focus_measure/datasets/New folder/bma pbf tfa/pbs_imgs/FieldPos217_Cam01_RGB_MB/FieldPos217_Cam01_RGB_MB_page_7.png,-0.628017783164978
all_rois,noise,0.01,1.0,0.21406447887420654,pbs,/home/dineth/focus_measure/datasets/New folder/bma pbf tfa/pbs_imgs/FieldPos217_Cam01_RGB_MB/FieldPos217_Cam01_RGB_MB_page_7.png,0.21406447887420654
all_rois,noise,0.02,1.0,-0.2595463991165161,pbs,/home/dineth/focus_measure/datasets/New folder/bma pbf tfa/pbs_imgs/FieldPos217_Cam01_RGB_MB/FieldPos217_Cam01_RGB_MB_page_7.png,-0.2595463991165161
all_rois,brightness,0.05,1.0,0.390250563621521,pbs,/home/dineth/focus_measure/datasets/New folder/bma pbf tfa/pbs_imgs/FieldPos217_Cam01_RGB_MB/FieldPos217_Cam01_RGB_MB_page_7.png,0.390250563621521
all_rois,brightness,-0.05,1.0,0.3902167081832886,pbs,/home/dineth/focus_measure/datasets/New folder/bma pbf tfa/pbs_imgs/FieldPos217_Cam01_RGB_MB/FieldPos217_Cam01_RGB_MB_page_7.png,0.3902167081832886
all_rois,contrast,0.9,1.0,0.3905501365661621,pbs,/home/dineth/focus_measure/datasets/New folder/bma pbf tfa/pbs_imgs/FieldPos217_Cam01_RGB_MB/FieldPos217_Cam01_RGB_MB_page_7.png,0.3905501365661621
all_rois,contrast,1.1,1.0,0.3900487422943115,pbs,/home/dineth/focus_measure/datasets/New folder/bma pbf tfa/pbs_imgs/FieldPos217_Cam01_RGB_MB/FieldPos217_Cam01_RGB_MB_page_7.png,0.3900487422943115
cnn_adaptive,blur,0.8,0.7777777777777778,-0.40318095684051514,pbs,/home/dineth/focus_measure/datasets/New folder/bma pbf tfa/pbs_imgs/FieldPos217_Cam01_RGB_MB/FieldPos217_Cam01_RGB_MB_page_7.png,-0.40318095684051514
cnn_adaptive,blur,1.2,0.7777777777777778,-0.4497617483139038,pbs,/home/dineth/focus_measure/datasets/New folder/bma pbf tfa/pbs_imgs/FieldPos217_Cam01_RGB_MB/FieldPos217_Cam01_RGB_MB_page_7.png,-0.4497617483139038
cnn_adaptive,noise,0.01,0.8666666666666667,0.36181390285491943,pbs,/home/dineth/focus_measure/datasets/New folder/bma pbf tfa/pbs_imgs/FieldPos217_Cam01_RGB_MB/FieldPos217_Cam01_RGB_MB_page_7.png,0.36181390285491943
cnn_adaptive,noise,0.02,0.5555555555555556,-0.11144578456878662,pbs,/home/dineth/focus_measure/datasets/New folder/bma pbf tfa/pbs_imgs/FieldPos217_Cam01_RGB_MB/FieldPos217_Cam01_RGB_MB_page_7.png,-0.11144578456878662
cnn_adaptive,brightness,0.05,0.8983050847457628,0.4236783981323242,pbs,/home/dineth/focus_measure/datasets/New folder/bma pbf tfa/pbs_imgs/FieldPos217_Cam01_RGB_MB/FieldPos217_Cam01_RGB_MB_page_7.png,0.4236783981323242
cnn_adaptive,brightness,-0.05,0.9649122807017544,0.3979259729385376,pbs,/home/dineth/focus_measure/datasets/New folder/bma pbf tfa/pbs_imgs/FieldPos217_Cam01_RGB_MB/FieldPos217_Cam01_RGB_MB_page_7.png,0.3979259729385376
cnn_adaptive,contrast,0.9,0.8360655737704918,0.4080471992492676,pbs,/home/dineth/focus_measure/datasets/New folder/bma pbf tfa/pbs_imgs/FieldPos217_Cam01_RGB_MB/FieldPos217_Cam01_RGB_MB_page_7.png,0.4080471992492676
cnn_adaptive,contrast,1.1,0.8666666666666667,0.3833423852920532,pbs,/home/dineth/focus_measure/datasets/New folder/bma pbf tfa/pbs_imgs/FieldPos217_Cam01_RGB_MB/FieldPos217_Cam01_RGB_MB_page_7.png,0.3833423852920532
center_top1,blur,0.8,1.0,2.7049378156661987,pbs,/home/dineth/focus_measure/datasets/New folder/bma pbf tfa/pbs_imgs/FieldPos255_Cam01_RGB_MB/FieldPos255_Cam01_RGB_MB_page_5.png,2.7049378156661987
center_top1,blur,1.2,1.0,2.9819003343582153,pbs,/home/dineth/focus_measure/datasets/New folder/bma pbf tfa/pbs_imgs/FieldPos255_Cam01_RGB_MB/FieldPos255_Cam01_RGB_MB_page_5.png,2.9819003343582153
center_top1,noise,0.01,1.0,0.22953641414642334,pbs,/home/dineth/focus_measure/datasets/New folder/bma pbf tfa/pbs_imgs/FieldPos255_Cam01_RGB_MB/FieldPos255_Cam01_RGB_MB_page_5.png,0.22953641414642334
center_top1,noise,0.02,1.0,0.33347463607788086,pbs,/home/dineth/focus_measure/datasets/New folder/bma pbf tfa/pbs_imgs/FieldPos255_Cam01_RGB_MB/FieldPos255_Cam01_RGB_MB_page_5.png,0.33347463607788086
center_top1,brightness,0.05,1.0,0.0881052017211914,pbs,/home/dineth/focus_measure/datasets/New folder/bma pbf tfa/pbs_imgs/FieldPos255_Cam01_RGB_MB/FieldPos255_Cam01_RGB_MB_page_5.png,0.0881052017211914
center_top1,brightness,-0.05,1.0,0.08823204040527344,pbs,/home/dineth/focus_measure/datasets/New folder/bma pbf tfa/pbs_imgs/FieldPos255_Cam01_RGB_MB/FieldPos255_Cam01_RGB_MB_page_5.png,0.08823204040527344
center_top1,contrast,0.9,1.0,0.08808398246765137,pbs,/home/dineth/focus_measure/datasets/New folder/bma pbf tfa/pbs_imgs/FieldPos255_Cam01_RGB_MB/FieldPos255_Cam01_RGB_MB_page_5.png,0.08808398246765137
center_top1,contrast,1.1,1.0,0.08795464038848877,pbs,/home/dineth/focus_measure/datasets/New folder/bma pbf tfa/pbs_imgs/FieldPos255_Cam01_RGB_MB/FieldPos255_Cam01_RGB_MB_page_5.png,0.08795464038848877
random_k@k=1,blur,0.8,1.0,-0.37063300609588623,pbs,/home/dineth/focus_measure/datasets/New folder/bma pbf tfa/pbs_imgs/FieldPos255_Cam01_RGB_MB/FieldPos255_Cam01_RGB_MB_page_5.png,-0.37063300609588623
random_k@k=1,blur,1.2,1.0,1.9308046102523804,pbs,/home/dineth/focus_measure/datasets/New folder/bma pbf tfa/pbs_imgs/FieldPos255_Cam01_RGB_MB/FieldPos255_Cam01_RGB_MB_page_5.png,1.9308046102523804
random_k@k=1,noise,0.01,1.0,-0.26579928398132324,pbs,/home/dineth/focus_measure/datasets/New folder/bma pbf tfa/pbs_imgs/FieldPos255_Cam01_RGB_MB/FieldPos255_Cam01_RGB_MB_page_5.png,-0.26579928398132324
random_k@k=1,noise,0.02,1.0,-0.2708481550216675,pbs,/home/dineth/focus_measure/datasets/New folder/bma pbf tfa/pbs_imgs/FieldPos255_Cam01_RGB_MB/FieldPos255_Cam01_RGB_MB_page_5.png,-0.2708481550216675
random_k@k=1,brightness,0.05,1.0,-0.2133338451385498,pbs,/home/dineth/focus_measure/datasets/New folder/bma pbf tfa/pbs_imgs/FieldPos255_Cam01_RGB_MB/FieldPos255_Cam01_RGB_MB_page_5.png,-0.2133338451385498
random_k@k=1,brightness,-0.05,1.0,-0.2133272886276245,pbs,/home/dineth/focus_measure/datasets/New folder/bma pbf tfa/pbs_imgs/FieldPos255_Cam01_RGB_MB/FieldPos255_Cam01_RGB_MB_page_5.png,-0.2133272886276245
random_k@k=1,contrast,0.9,1.0,-0.21309125423431396,pbs,/home/dineth/focus_measure/datasets/New folder/bma pbf tfa/pbs_imgs/FieldPos255_Cam01_RGB_MB/FieldPos255_Cam01_RGB_MB_page_5.png,-0.21309125423431396
random_k@k=1,contrast,1.1,1.0,-0.213323712348938,pbs,/home/dineth/focus_measure/datasets/New folder/bma pbf tfa/pbs_imgs/FieldPos255_Cam01_RGB_MB/FieldPos255_Cam01_RGB_MB_page_5.png,-0.213323712348938
random_k@k=3,blur,0.8,1.0,2.059343934059143,pbs,/home/dineth/focus_measure/datasets/New folder/bma pbf tfa/pbs_imgs/FieldPos255_Cam01_RGB_MB/FieldPos255_Cam01_RGB_MB_page_5.png,2.059343934059143
random_k@k=3,blur,1.2,1.0,2.485476851463318,pbs,/home/dineth/focus_measure/datasets/New folder/bma pbf tfa/pbs_imgs/FieldPos255_Cam01_RGB_MB/FieldPos255_Cam01_RGB_MB_page_5.png,2.485476851463318
random_k@k=3,noise,0.01,1.0,0.329520583152771,pbs,/home/dineth/focus_measure/datasets/New folder/bma pbf tfa/pbs_imgs/FieldPos255_Cam01_RGB_MB/FieldPos255_Cam01_RGB_MB_page_5.png,0.329520583152771
random_k@k=3,noise,0.02,1.0,0.4630469083786011,pbs,/home/dineth/focus_measure/datasets/New folder/bma pbf tfa/pbs_imgs/FieldPos255_Cam01_RGB_MB/FieldPos255_Cam01_RGB_MB_page_5.png,0.4630469083786011
random_k@k=3,brightness,0.05,1.0,0.1360858678817749,pbs,/home/dineth/focus_measure/datasets/New folder/bma pbf tfa/pbs_imgs/FieldPos255_Cam01_RGB_MB/FieldPos255_Cam01_RGB_MB_page_5.png,0.1360858678817749
random_k@k=3,brightness,-0.05,1.0,0.1360701322555542,pbs,/home/dineth/focus_measure/datasets/New folder/bma pbf tfa/pbs_imgs/FieldPos255_Cam01_RGB_MB/FieldPos255_Cam01_RGB_MB_page_5.png,0.1360701322555542
random_k@k=3,contrast,0.9,1.0,0.13605749607086182,pbs,/home/dineth/focus_measure/datasets/New folder/bma pbf tfa/pbs_imgs/FieldPos255_Cam01_RGB_MB/FieldPos255_Cam01_RGB_MB_page_5.png,0.13605749607086182
random_k@k=3,contrast,1.1,1.0,0.13627922534942627,pbs,/home/dineth/focus_measure/datasets/New folder/bma pbf tfa/pbs_imgs/FieldPos255_Cam01_RGB_MB/FieldPos255_Cam01_RGB_MB_page_5.png,0.13627922534942627
random_k@k=5,blur,0.8,1.0,-0.23597180843353271,pbs,/home/dineth/focus_measure/datasets/New folder/bma pbf tfa/pbs_imgs/FieldPos255_Cam01_RGB_MB/FieldPos255_Cam01_RGB_MB_page_5.png,-0.23597180843353271
random_k@k=5,blur,1.2,1.0,2.058524489402771,pbs,/home/dineth/focus_measure/datasets/New folder/bma pbf tfa/pbs_imgs/FieldPos255_Cam01_RGB_MB/FieldPos255_Cam01_RGB_MB_page_5.png,2.058524489402771
random_k@k=5,noise,0.01,1.0,0.08778166770935059,pbs,/home/dineth/focus_measure/datasets/New folder/bma pbf tfa/pbs_imgs/FieldPos255_Cam01_RGB_MB/FieldPos255_Cam01_RGB_MB_page_5.png,0.08778166770935059
random_k@k=5,noise,0.02,1.0,0.22113311290740967,pbs,/home/dineth/focus_measure/datasets/New folder/bma pbf tfa/pbs_imgs/FieldPos255_Cam01_RGB_MB/FieldPos255_Cam01_RGB_MB_page_5.png,0.22113311290740967
random_k@k=5,brightness,0.05,1.0,-0.10537469387054443,pbs,/home/dineth/focus_measure/datasets/New folder/bma pbf tfa/pbs_imgs/FieldPos255_Cam01_RGB_MB/FieldPos255_Cam01_RGB_MB_page_5.png,-0.10537469387054443
random_k@k=5,brightness,-0.05,1.0,-0.10547709465026855,pbs,/home/dineth/focus_measure/datasets/New folder/bma pbf tfa/pbs_imgs/FieldPos255_Cam01_RGB_MB/FieldPos255_Cam01_RGB_MB_page_5.png,-0.10547709465026855
random_k@k=5,contrast,0.9,1.0,-0.10554957389831543,pbs,/home/dineth/focus_measure/datasets/New folder/bma pbf tfa/pbs_imgs/FieldPos255_Cam01_RGB_MB/FieldPos255_Cam01_RGB_MB_page_5.png,-0.10554957389831543
random_k@k=5,contrast,1.1,1.0,-0.10554635524749756,pbs,/home/dineth/focus_measure/datasets/New folder/bma pbf tfa/pbs_imgs/FieldPos255_Cam01_RGB_MB/FieldPos255_Cam01_RGB_MB_page_5.png,-0.10554635524749756
random_k@k=7,blur,0.8,1.0,1.9406025409698486,pbs,/home/dineth/focus_measure/datasets/New folder/bma pbf tfa/pbs_imgs/FieldPos255_Cam01_RGB_MB/FieldPos255_Cam01_RGB_MB_page_5.png,1.9406025409698486
random_k@k=7,blur,1.2,1.0,2.1813125610351562,pbs,/home/dineth/focus_measure/datasets/New folder/bma pbf tfa/pbs_imgs/FieldPos255_Cam01_RGB_MB/FieldPos255_Cam01_RGB_MB_page_5.png,2.1813125610351562
random_k@k=7,noise,0.01,1.0,0.2744816541671753,pbs,/home/dineth/focus_measure/datasets/New folder/bma pbf tfa/pbs_imgs/FieldPos255_Cam01_RGB_MB/FieldPos255_Cam01_RGB_MB_page_5.png,0.2744816541671753
random_k@k=7,noise,0.02,1.0,0.35378313064575195,pbs,/home/dineth/focus_measure/datasets/New folder/bma pbf tfa/pbs_imgs/FieldPos255_Cam01_RGB_MB/FieldPos255_Cam01_RGB_MB_page_5.png,0.35378313064575195
random_k@k=7,brightness,0.05,1.0,0.05327785015106201,pbs,/home/dineth/focus_measure/datasets/New folder/bma pbf tfa/pbs_imgs/FieldPos255_Cam01_RGB_MB/FieldPos255_Cam01_RGB_MB_page_5.png,0.05327785015106201
random_k@k=7,brightness,-0.05,1.0,0.053162336349487305,pbs,/home/dineth/focus_measure/datasets/New folder/bma pbf tfa/pbs_imgs/FieldPos255_Cam01_RGB_MB/FieldPos255_Cam01_RGB_MB_page_5.png,0.053162336349487305
random_k@k=7,contrast,0.9,1.0,0.05323433876037598,pbs,/home/dineth/focus_measure/datasets/New folder/bma pbf tfa/pbs_imgs/FieldPos255_Cam01_RGB_MB/FieldPos255_Cam01_RGB_MB_page_5.png,0.05323433876037598
random_k@k=7,contrast,1.1,1.0,0.053313493728637695,pbs,/home/dineth/focus_measure/datasets/New folder/bma pbf tfa/pbs_imgs/FieldPos255_Cam01_RGB_MB/FieldPos255_Cam01_RGB_MB_page_5.png,0.053313493728637695
focus_only_topk@k=1,blur,0.8,1.0,1.6417418718338013,pbs,/home/dineth/focus_measure/datasets/New folder/bma pbf tfa/pbs_imgs/FieldPos255_Cam01_RGB_MB/FieldPos255_Cam01_RGB_MB_page_5.png,1.6417418718338013
focus_only_topk@k=1,blur,1.2,0.0,2.204002261161804,pbs,/home/dineth/focus_measure/datasets/New folder/bma pbf tfa/pbs_imgs/FieldPos255_Cam01_RGB_MB/FieldPos255_Cam01_RGB_MB_page_5.png,2.204002261161804
focus_only_topk@k=1,noise,0.01,1.0,-0.006455421447753906,pbs,/home/dineth/focus_measure/datasets/New folder/bma pbf tfa/pbs_imgs/FieldPos255_Cam01_RGB_MB/FieldPos255_Cam01_RGB_MB_page_5.png,-0.006455421447753906
focus_only_topk@k=1,noise,0.02,1.0,0.28118228912353516,pbs,/home/dineth/focus_measure/datasets/New folder/bma pbf tfa/pbs_imgs/FieldPos255_Cam01_RGB_MB/FieldPos255_Cam01_RGB_MB_page_5.png,0.28118228912353516
focus_only_topk@k=1,brightness,0.05,1.0,-0.16222310066223145,pbs,/home/dineth/focus_measure/datasets/New folder/bma pbf tfa/pbs_imgs/FieldPos255_Cam01_RGB_MB/FieldPos255_Cam01_RGB_MB_page_5.png,-0.16222310066223145
focus_only_topk@k=1,brightness,-0.05,1.0,-0.16210007667541504,pbs,/home/dineth/focus_measure/datasets/New folder/bma pbf tfa/pbs_imgs/FieldPos255_Cam01_RGB_MB/FieldPos255_Cam01_RGB_MB_page_5.png,-0.16210007667541504
focus_only_topk@k=1,contrast,0.9,1.0,-0.1622791290283203,pbs,/home/dineth/focus_measure/datasets/New folder/bma pbf tfa/pbs_imgs/FieldPos255_Cam01_RGB_MB/FieldPos255_Cam01_RGB_MB_page_5.png,-0.1622791290283203
focus_only_topk@k=1,contrast,1.1,1.0,-0.16221380233764648,pbs,/home/dineth/focus_measure/datasets/New folder/bma pbf tfa/pbs_imgs/FieldPos255_Cam01_RGB_MB/FieldPos255_Cam01_RGB_MB_page_5.png,-0.16221380233764648
focus_only_topk@k=3,blur,0.8,0.5,1.7164173126220703,pbs,/home/dineth/focus_measure/datasets/New folder/bma pbf tfa/pbs_imgs/FieldPos255_Cam01_RGB_MB/FieldPos255_Cam01_RGB_MB_page_5.png,1.7164173126220703
focus_only_topk@k=3,blur,1.2,0.2,2.210022807121277,pbs,/home/dineth/focus_measure/datasets/New folder/bma pbf tfa/pbs_imgs/FieldPos255_Cam01_RGB_MB/FieldPos255_Cam01_RGB_MB_page_5.png,2.210022807121277
focus_only_topk@k=3,noise,0.01,1.0,-0.014515042304992676,pbs,/home/dineth/focus_measure/datasets/New folder/bma pbf tfa/pbs_imgs/FieldPos255_Cam01_RGB_MB/FieldPos255_Cam01_RGB_MB_page_5.png,-0.014515042304992676
focus_only_topk@k=3,noise,0.02,1.0,0.25392401218414307,pbs,/home/dineth/focus_measure/datasets/New folder/bma pbf tfa/pbs_imgs/FieldPos255_Cam01_RGB_MB/FieldPos255_Cam01_RGB_MB_page_5.png,0.25392401218414307
focus_only_topk@k=3,brightness,0.05,1.0,-0.2519404888153076,pbs,/home/dineth/focus_measure/datasets/New folder/bma pbf tfa/pbs_imgs/FieldPos255_Cam01_RGB_MB/FieldPos255_Cam01_RGB_MB_page_5.png,-0.2519404888153076
focus_only_topk@k=3,brightness,-0.05,1.0,-0.2517120838165283,pbs,/home/dineth/focus_measure/datasets/New folder/bma pbf tfa/pbs_imgs/FieldPos255_Cam01_RGB_MB/FieldPos255_Cam01_RGB_MB_page_5.png,-0.2517120838165283
focus_only_topk@k=3,contrast,0.9,0.5,-0.15608203411102295,pbs,/home/dineth/focus_measure/datasets/New folder/bma pbf tfa/pbs_imgs/FieldPos255_Cam01_RGB_MB/FieldPos255_Cam01_RGB_MB_page_5.png,-0.15608203411102295
focus_only_topk@k=3,contrast,1.1,1.0,-0.25167202949523926,pbs,/home/dineth/focus_measure/datasets/New folder/bma pbf tfa/pbs_imgs/FieldPos255_Cam01_RGB_MB/FieldPos255_Cam01_RGB_MB_page_5.png,-0.25167202949523926
focus_only_topk@k=5,blur,0.8,0.25,1.7165522575378418,pbs,/home/dineth/focus_measure/datasets/New folder/bma pbf tfa/pbs_imgs/FieldPos255_Cam01_RGB_MB/FieldPos255_Cam01_RGB_MB_page_5.png,1.7165522575378418
focus_only_topk@k=5,blur,1.2,0.42857142857142855,2.216644048690796,pbs,/home/dineth/focus_measure/datasets/New folder/bma pbf tfa/pbs_imgs/FieldPos255_Cam01_RGB_MB/FieldPos255_Cam01_RGB_MB_page_5.png,2.216644048690796
focus_only_topk@k=5,noise,0.01,1.0,-0.014615058898925781,pbs,/home/dineth/focus_measure/datasets/New folder/bma pbf tfa/pbs_imgs/FieldPos255_Cam01_RGB_MB/FieldPos255_Cam01_RGB_MB_page_5.png,-0.014615058898925781
focus_only_topk@k=5,noise,0.02,1.0,0.25393426418304443,pbs,/home/dineth/focus_measure/datasets/New folder/bma pbf tfa/pbs_imgs/FieldPos255_Cam01_RGB_MB/FieldPos255_Cam01_RGB_MB_page_5.png,0.25393426418304443
focus_only_topk@k=5,brightness,0.05,1.0,-0.1560807228088379,pbs,/home/dineth/focus_measure/datasets/New folder/bma pbf tfa/pbs_imgs/FieldPos255_Cam01_RGB_MB/FieldPos255_Cam01_RGB_MB_page_5.png,-0.1560807228088379
focus_only_topk@k=5,brightness,-0.05,1.0,-0.15594303607940674,pbs,/home/dineth/focus_measure/datasets/New folder/bma pbf tfa/pbs_imgs/FieldPos255_Cam01_RGB_MB/FieldPos255_Cam01_RGB_MB_page_5.png,-0.15594303607940674
focus_only_topk@k=5,contrast,0.9,0.6666666666666666,-0.15613508224487305,pbs,/home/dineth/focus_measure/datasets/New folder/bma pbf tfa/pbs_imgs/FieldPos255_Cam01_RGB_MB/FieldPos255_Cam01_RGB_MB_page_5.png,-0.15613508224487305
focus_only_topk@k=5,contrast,1.1,1.0,-0.1560659408569336,pbs,/home/dineth/focus_measure/datasets/New folder/bma pbf tfa/pbs_imgs/FieldPos255_Cam01_RGB_MB/FieldPos255_Cam01_RGB_MB_page_5.png,-0.1560659408569336
focus_only_topk@k=7,blur,0.8,0.16666666666666666,1.7165522575378418,pbs,/home/dineth/focus_measure/datasets/New folder/bma pbf tfa/pbs_imgs/FieldPos255_Cam01_RGB_MB/FieldPos255_Cam01_RGB_MB_page_5.png,1.7165522575378418
focus_only_topk@k=7,blur,1.2,0.2727272727272727,2.216644048690796,pbs,/home/dineth/focus_measure/datasets/New folder/bma pbf tfa/pbs_imgs/FieldPos255_Cam01_RGB_MB/FieldPos255_Cam01_RGB_MB_page_5.png,2.216644048690796
focus_only_topk@k=7,noise,0.01,1.0,-0.014615058898925781,pbs,/home/dineth/focus_measure/datasets/New folder/bma pbf tfa/pbs_imgs/FieldPos255_Cam01_RGB_MB/FieldPos255_Cam01_RGB_MB_page_5.png,-0.014615058898925781
focus_only_topk@k=7,noise,0.02,1.0,0.12589168548583984,pbs,/home/dineth/focus_measure/datasets/New folder/bma pbf tfa/pbs_imgs/FieldPos255_Cam01_RGB_MB/FieldPos255_Cam01_RGB_MB_page_5.png,0.12589168548583984
focus_only_topk@k=7,brightness,0.05,1.0,-0.1560807228088379,pbs,/home/dineth/focus_measure/datasets/New folder/bma pbf tfa/pbs_imgs/FieldPos255_Cam01_RGB_MB/FieldPos255_Cam01_RGB_MB_page_5.png,-0.1560807228088379
focus_only_topk@k=7,brightness,-0.05,1.0,-0.15594303607940674,pbs,/home/dineth/focus_measure/datasets/New folder/bma pbf tfa/pbs_imgs/FieldPos255_Cam01_RGB_MB/FieldPos255_Cam01_RGB_MB_page_5.png,-0.15594303607940674
focus_only_topk@k=7,contrast,0.9,0.75,-0.12192749977111816,pbs,/home/dineth/focus_measure/datasets/New folder/bma pbf tfa/pbs_imgs/FieldPos255_Cam01_RGB_MB/FieldPos255_Cam01_RGB_MB_page_5.png,-0.12192749977111816
focus_only_topk@k=7,contrast,1.1,1.0,-0.1560659408569336,pbs,/home/dineth/focus_measure/datasets/New folder/bma pbf tfa/pbs_imgs/FieldPos255_Cam01_RGB_MB/FieldPos255_Cam01_RGB_MB_page_5.png,-0.1560659408569336
occupancy_only_topk@k=1,blur,0.8,0.0,1.5786759853363037,pbs,/home/dineth/focus_measure/datasets/New folder/bma pbf tfa/pbs_imgs/FieldPos255_Cam01_RGB_MB/FieldPos255_Cam01_RGB_MB_page_5.png,1.5786759853363037
occupancy_only_topk@k=1,blur,1.2,0.0,2.2079330682754517,pbs,/home/dineth/focus_measure/datasets/New folder/bma pbf tfa/pbs_imgs/FieldPos255_Cam01_RGB_MB/FieldPos255_Cam01_RGB_MB_page_5.png,2.2079330682754517
occupancy_only_topk@k=1,noise,0.01,1.0,-0.005807161331176758,pbs,/home/dineth/focus_measure/datasets/New folder/bma pbf tfa/pbs_imgs/FieldPos255_Cam01_RGB_MB/FieldPos255_Cam01_RGB_MB_page_5.png,-0.005807161331176758
occupancy_only_topk@k=1,noise,0.02,1.0,0.22673273086547852,pbs,/home/dineth/focus_measure/datasets/New folder/bma pbf tfa/pbs_imgs/FieldPos255_Cam01_RGB_MB/FieldPos255_Cam01_RGB_MB_page_5.png,0.22673273086547852
occupancy_only_topk@k=1,brightness,0.05,1.0,-0.07836151123046875,pbs,/home/dineth/focus_measure/datasets/New folder/bma pbf tfa/pbs_imgs/FieldPos255_Cam01_RGB_MB/FieldPos255_Cam01_RGB_MB_page_5.png,-0.07836151123046875
occupancy_only_topk@k=1,brightness,-0.05,1.0,-0.07832026481628418,pbs,/home/dineth/focus_measure/datasets/New folder/bma pbf tfa/pbs_imgs/FieldPos255_Cam01_RGB_MB/FieldPos255_Cam01_RGB_MB_page_5.png,-0.07832026481628418
occupancy_only_topk@k=1,contrast,0.9,0.0,-0.22534501552581787,pbs,/home/dineth/focus_measure/datasets/New folder/bma pbf tfa/pbs_imgs/FieldPos255_Cam01_RGB_MB/FieldPos255_Cam01_RGB_MB_page_5.png,-0.22534501552581787
occupancy_only_topk@k=1,contrast,1.1,1.0,-0.07831192016601562,pbs,/home/dineth/focus_measure/datasets/New folder/bma pbf tfa/pbs_imgs/FieldPos255_Cam01_RGB_MB/FieldPos255_Cam01_RGB_MB_page_5.png,-0.07831192016601562
occupancy_only_topk@k=3,blur,0.8,1.0,1.6415667533874512,pbs,/home/dineth/focus_measure/datasets/New folder/bma pbf tfa/pbs_imgs/FieldPos255_Cam01_RGB_MB/FieldPos255_Cam01_RGB_MB_page_5.png,1.6415667533874512
occupancy_only_topk@k=3,blur,1.2,1.0,2.254265546798706,pbs,/home/dineth/focus_measure/datasets/New folder/bma pbf tfa/pbs_imgs/FieldPos255_Cam01_RGB_MB/FieldPos255_Cam01_RGB_MB_page_5.png,2.254265546798706
occupancy_only_topk@k=3,noise,0.01,1.0,0.057427287101745605,pbs,/home/dineth/focus_measure/datasets/New folder/bma pbf tfa/pbs_imgs/FieldPos255_Cam01_RGB_MB/FieldPos255_Cam01_RGB_MB_page_5.png,0.057427287101745605
occupancy_only_topk@k=3,noise,0.02,1.0,0.29024016857147217,pbs,/home/dineth/focus_measure/datasets/New folder/bma pbf tfa/pbs_imgs/FieldPos255_Cam01_RGB_MB/FieldPos255_Cam01_RGB_MB_page_5.png,0.29024016857147217
occupancy_only_topk@k=3,brightness,0.05,0.5,-0.01521289348602295,pbs,/home/dineth/focus_measure/datasets/New folder/bma pbf tfa/pbs_imgs/FieldPos255_Cam01_RGB_MB/FieldPos255_Cam01_RGB_MB_page_5.png,-0.01521289348602295
occupancy_only_topk@k=3,brightness,-0.05,1.0,-0.12826776504516602,pbs,/home/dineth/focus_measure/datasets/New folder/bma pbf tfa/pbs_imgs/FieldPos255_Cam01_RGB_MB/FieldPos255_Cam01_RGB_MB_page_5.png,-0.12826776504516602
occupancy_only_topk@k=3,contrast,0.9,1.0,-0.12828338146209717,pbs,/home/dineth/focus_measure/datasets/New folder/bma pbf tfa/pbs_imgs/FieldPos255_Cam01_RGB_MB/FieldPos255_Cam01_RGB_MB_page_5.png,-0.12828338146209717
occupancy_only_topk@k=3,contrast,1.1,1.0,-0.12835979461669922,pbs,/home/dineth/focus_measure/datasets/New folder/bma pbf tfa/pbs_imgs/FieldPos255_Cam01_RGB_MB/FieldPos255_Cam01_RGB_MB_page_5.png,-0.12835979461669922
occupancy_only_topk@k=5,blur,0.8,1.0,1.7636244297027588,pbs,/home/dineth/focus_measure/datasets/New folder/bma pbf tfa/pbs_imgs/FieldPos255_Cam01_RGB_MB/FieldPos255_Cam01_RGB_MB_page_5.png,1.7636244297027588
occupancy_only_topk@k=5,blur,1.2,1.0,2.2543829679489136,pbs,/home/dineth/focus_measure/datasets/New folder/bma pbf tfa/pbs_imgs/FieldPos255_Cam01_RGB_MB/FieldPos255_Cam01_RGB_MB_page_5.png,2.2543829679489136
occupancy_only_topk@k=5,noise,0.01,1.0,0.05726146697998047,pbs,/home/dineth/focus_measure/datasets/New folder/bma pbf tfa/pbs_imgs/FieldPos255_Cam01_RGB_MB/FieldPos255_Cam01_RGB_MB_page_5.png,0.05726146697998047
occupancy_only_topk@k=5,noise,0.02,1.0,0.28979992866516113,pbs,/home/dineth/focus_measure/datasets/New folder/bma pbf tfa/pbs_imgs/FieldPos255_Cam01_RGB_MB/FieldPos255_Cam01_RGB_MB_page_5.png,0.28979992866516113
occupancy_only_topk@k=5,brightness,0.05,0.6666666666666666,-0.015295028686523438,pbs,/home/dineth/focus_measure/datasets/New folder/bma pbf tfa/pbs_imgs/FieldPos255_Cam01_RGB_MB/FieldPos255_Cam01_RGB_MB_page_5.png,-0.015295028686523438
occupancy_only_topk@k=5,brightness,-0.05,1.0,-0.12811994552612305,pbs,/home/dineth/focus_measure/datasets/New folder/bma pbf tfa/pbs_imgs/FieldPos255_Cam01_RGB_MB/FieldPos255_Cam01_RGB_MB_page_5.png,-0.12811994552612305
occupancy_only_topk@k=5,contrast,0.9,1.0,-0.12807250022888184,pbs,/home/dineth/focus_measure/datasets/New folder/bma pbf tfa/pbs_imgs/FieldPos255_Cam01_RGB_MB/FieldPos255_Cam01_RGB_MB_page_5.png,-0.12807250022888184
occupancy_only_topk@k=5,contrast,1.1,1.0,-0.12793564796447754,pbs,/home/dineth/focus_measure/datasets/New folder/bma pbf tfa/pbs_imgs/FieldPos255_Cam01_RGB_MB/FieldPos255_Cam01_RGB_MB_page_5.png,-0.12793564796447754
occupancy_only_topk@k=7,blur,0.8,1.0,1.7636244297027588,pbs,/home/dineth/focus_measure/datasets/New folder/bma pbf tfa/pbs_imgs/FieldPos255_Cam01_RGB_MB/FieldPos255_Cam01_RGB_MB_page_5.png,1.7636244297027588
occupancy_only_topk@k=7,blur,1.2,1.0,2.2543829679489136,pbs,/home/dineth/focus_measure/datasets/New folder/bma pbf tfa/pbs_imgs/FieldPos255_Cam01_RGB_MB/FieldPos255_Cam01_RGB_MB_page_5.png,2.2543829679489136
occupancy_only_topk@k=7,noise,0.01,1.0,0.05726146697998047,pbs,/home/dineth/focus_measure/datasets/New folder/bma pbf tfa/pbs_imgs/FieldPos255_Cam01_RGB_MB/FieldPos255_Cam01_RGB_MB_page_5.png,0.05726146697998047
occupancy_only_topk@k=7,noise,0.02,1.0,0.28979992866516113,pbs,/home/dineth/focus_measure/datasets/New folder/bma pbf tfa/pbs_imgs/FieldPos255_Cam01_RGB_MB/FieldPos255_Cam01_RGB_MB_page_5.png,0.28979992866516113
occupancy_only_topk@k=7,brightness,0.05,1.0,-0.10233306884765625,pbs,/home/dineth/focus_measure/datasets/New folder/bma pbf tfa/pbs_imgs/FieldPos255_Cam01_RGB_MB/FieldPos255_Cam01_RGB_MB_page_5.png,-0.10233306884765625
occupancy_only_topk@k=7,brightness,-0.05,0.5555555555555556,-0.12811994552612305,pbs,/home/dineth/focus_measure/datasets/New folder/bma pbf tfa/pbs_imgs/FieldPos255_Cam01_RGB_MB/FieldPos255_Cam01_RGB_MB_page_5.png,-0.12811994552612305
occupancy_only_topk@k=7,contrast,0.9,0.75,-0.10229277610778809,pbs,/home/dineth/focus_measure/datasets/New folder/bma pbf tfa/pbs_imgs/FieldPos255_Cam01_RGB_MB/FieldPos255_Cam01_RGB_MB_page_5.png,-0.10229277610778809
occupancy_only_topk@k=7,contrast,1.1,1.0,-0.10237205028533936,pbs,/home/dineth/focus_measure/datasets/New folder/bma pbf tfa/pbs_imgs/FieldPos255_Cam01_RGB_MB/FieldPos255_Cam01_RGB_MB_page_5.png,-0.10237205028533936
hybrid_proposed,blur,0.8,0.5555555555555556,1.7001241445541382,pbs,/home/dineth/focus_measure/datasets/New folder/bma pbf tfa/pbs_imgs/FieldPos255_Cam01_RGB_MB/FieldPos255_Cam01_RGB_MB_page_5.png,1.7001241445541382
hybrid_proposed,blur,1.2,0.75,2.1751675605773926,pbs,/home/dineth/focus_measure/datasets/New folder/bma pbf tfa/pbs_imgs/FieldPos255_Cam01_RGB_MB/FieldPos255_Cam01_RGB_MB_page_5.png,2.1751675605773926
hybrid_proposed,noise,0.01,1.0,0.045905470848083496,pbs,/home/dineth/focus_measure/datasets/New folder/bma pbf tfa/pbs_imgs/FieldPos255_Cam01_RGB_MB/FieldPos255_Cam01_RGB_MB_page_5.png,0.045905470848083496
hybrid_proposed,noise,0.02,0.9649122807017544,0.17524182796478271,pbs,/home/dineth/focus_measure/datasets/New folder/bma pbf tfa/pbs_imgs/FieldPos255_Cam01_RGB_MB/FieldPos255_Cam01_RGB_MB_page_5.png,0.17524182796478271
hybrid_proposed,brightness,0.05,0.9649122807017544,-0.019750118255615234,pbs,/home/dineth/focus_measure/datasets/New folder/bma pbf tfa/pbs_imgs/FieldPos255_Cam01_RGB_MB/FieldPos255_Cam01_RGB_MB_page_5.png,-0.019750118255615234
hybrid_proposed,brightness,-0.05,0.9310344827586207,-0.020102858543395996,pbs,/home/dineth/focus_measure/datasets/New folder/bma pbf tfa/pbs_imgs/FieldPos255_Cam01_RGB_MB/FieldPos255_Cam01_RGB_MB_page_5.png,-0.020102858543395996
hybrid_proposed,contrast,0.9,0.9310344827586207,-0.030837178230285645,pbs,/home/dineth/focus_measure/datasets/New folder/bma pbf tfa/pbs_imgs/FieldPos255_Cam01_RGB_MB/FieldPos255_Cam01_RGB_MB_page_5.png,-0.030837178230285645
hybrid_proposed,contrast,1.1,1.0,-0.0308382511138916,pbs,/home/dineth/focus_measure/datasets/New folder/bma pbf tfa/pbs_imgs/FieldPos255_Cam01_RGB_MB/FieldPos255_Cam01_RGB_MB_page_5.png,-0.0308382511138916
all_rois,blur,0.8,1.0,1.725899577140808,pbs,/home/dineth/focus_measure/datasets/New folder/bma pbf tfa/pbs_imgs/FieldPos255_Cam01_RGB_MB/FieldPos255_Cam01_RGB_MB_page_5.png,1.725899577140808
all_rois,blur,1.2,1.0,2.183252692222595,pbs,/home/dineth/focus_measure/datasets/New folder/bma pbf tfa/pbs_imgs/FieldPos255_Cam01_RGB_MB/FieldPos255_Cam01_RGB_MB_page_5.png,2.183252692222595
all_rois,noise,0.01,1.0,0.09245586395263672,pbs,/home/dineth/focus_measure/datasets/New folder/bma pbf tfa/pbs_imgs/FieldPos255_Cam01_RGB_MB/FieldPos255_Cam01_RGB_MB_page_5.png,0.09245586395263672
all_rois,noise,0.02,1.0,0.2473381757736206,pbs,/home/dineth/focus_measure/datasets/New folder/bma pbf tfa/pbs_imgs/FieldPos255_Cam01_RGB_MB/FieldPos255_Cam01_RGB_MB_page_5.png,0.2473381757736206
all_rois,brightness,0.05,1.0,-0.008635401725769043,pbs,/home/dineth/focus_measure/datasets/New folder/bma pbf tfa/pbs_imgs/FieldPos255_Cam01_RGB_MB/FieldPos255_Cam01_RGB_MB_page_5.png,-0.008635401725769043
all_rois,brightness,-0.05,1.0,-0.008614420890808105,pbs,/home/dineth/focus_measure/datasets/New folder/bma pbf tfa/pbs_imgs/FieldPos255_Cam01_RGB_MB/FieldPos255_Cam01_RGB_MB_page_5.png,-0.008614420890808105
all_rois,contrast,0.9,1.0,-0.008582472801208496,pbs,/home/dineth/focus_measure/datasets/New folder/bma pbf tfa/pbs_imgs/FieldPos255_Cam01_RGB_MB/FieldPos255_Cam01_RGB_MB_page_5.png,-0.008582472801208496
all_rois,contrast,1.1,1.0,-0.008696317672729492,pbs,/home/dineth/focus_measure/datasets/New folder/bma pbf tfa/pbs_imgs/FieldPos255_Cam01_RGB_MB/FieldPos255_Cam01_RGB_MB_page_5.png,-0.008696317672729492
cnn_adaptive,blur,0.8,0.5555555555555556,1.7001241445541382,pbs,/home/dineth/focus_measure/datasets/New folder/bma pbf tfa/pbs_imgs/FieldPos255_Cam01_RGB_MB/FieldPos255_Cam01_RGB_MB_page_5.png,1.7001241445541382
cnn_adaptive,blur,1.2,0.75,2.1751675605773926,pbs,/home/dineth/focus_measure/datasets/New folder/bma pbf tfa/pbs_imgs/FieldPos255_Cam01_RGB_MB/FieldPos255_Cam01_RGB_MB_page_5.png,2.1751675605773926
cnn_adaptive,noise,0.01,1.0,0.045905470848083496,pbs,/home/dineth/focus_measure/datasets/New folder/bma pbf tfa/pbs_imgs/FieldPos255_Cam01_RGB_MB/FieldPos255_Cam01_RGB_MB_page_5.png,0.045905470848083496
cnn_adaptive,noise,0.02,0.9649122807017544,0.17524182796478271,pbs,/home/dineth/focus_measure/datasets/New folder/bma pbf tfa/pbs_imgs/FieldPos255_Cam01_RGB_MB/FieldPos255_Cam01_RGB_MB_page_5.png,0.17524182796478271
cnn_adaptive,brightness,0.05,0.9649122807017544,-0.019750118255615234,pbs,/home/dineth/focus_measure/datasets/New folder/bma pbf tfa/pbs_imgs/FieldPos255_Cam01_RGB_MB/FieldPos255_Cam01_RGB_MB_page_5.png,-0.019750118255615234
cnn_adaptive,brightness,-0.05,0.9310344827586207,-0.020102858543395996,pbs,/home/dineth/focus_measure/datasets/New folder/bma pbf tfa/pbs_imgs/FieldPos255_Cam01_RGB_MB/FieldPos255_Cam01_RGB_MB_page_5.png,-0.020102858543395996
cnn_adaptive,contrast,0.9,0.9310344827586207,-0.030837178230285645,pbs,/home/dineth/focus_measure/datasets/New folder/bma pbf tfa/pbs_imgs/FieldPos255_Cam01_RGB_MB/FieldPos255_Cam01_RGB_MB_page_5.png,-0.030837178230285645
cnn_adaptive,contrast,1.1,1.0,-0.0308382511138916,pbs,/home/dineth/focus_measure/datasets/New folder/bma pbf tfa/pbs_imgs/FieldPos255_Cam01_RGB_MB/FieldPos255_Cam01_RGB_MB_page_5.png,-0.0308382511138916
center_top1,blur,0.8,1.0,,pbs,/home/dineth/focus_measure/datasets/New folder/bma pbf tfa/pbs_imgs/FieldPos256_Cam01_RGB_MB/FieldPos256_Cam01_RGB_MB_page_5.png,
center_top1,blur,1.2,1.0,1.2914432287216187,pbs,/home/dineth/focus_measure/datasets/New folder/bma pbf tfa/pbs_imgs/FieldPos256_Cam01_RGB_MB/FieldPos256_Cam01_RGB_MB_page_5.png,1.2914432287216187
center_top1,noise,0.01,1.0,-0.04216742515563965,pbs,/home/dineth/focus_measure/datasets/New folder/bma pbf tfa/pbs_imgs/FieldPos256_Cam01_RGB_MB/FieldPos256_Cam01_RGB_MB_page_5.png,-0.04216742515563965
center_top1,noise,0.02,1.0,-0.07239699363708496,pbs,/home/dineth/focus_measure/datasets/New folder/bma pbf tfa/pbs_imgs/FieldPos256_Cam01_RGB_MB/FieldPos256_Cam01_RGB_MB_page_5.png,-0.07239699363708496
center_top1,brightness,0.05,1.0,-0.11037242412567139,pbs,/home/dineth/focus_measure/datasets/New folder/bma pbf tfa/pbs_imgs/FieldPos256_Cam01_RGB_MB/FieldPos256_Cam01_RGB_MB_page_5.png,-0.11037242412567139
center_top1,brightness,-0.05,1.0,-0.11046528816223145,pbs,/home/dineth/focus_measure/datasets/New folder/bma pbf tfa/pbs_imgs/FieldPos256_Cam01_RGB_MB/FieldPos256_Cam01_RGB_MB_page_5.png,-0.11046528816223145
center_top1,contrast,0.9,1.0,-0.11031973361968994,pbs,/home/dineth/focus_measure/datasets/New folder/bma pbf tfa/pbs_imgs/FieldPos256_Cam01_RGB_MB/FieldPos256_Cam01_RGB_MB_page_5.png,-0.11031973361968994
center_top1,contrast,1.1,1.0,-0.11041009426116943,pbs,/home/dineth/focus_measure/datasets/New folder/bma pbf tfa/pbs_imgs/FieldPos256_Cam01_RGB_MB/FieldPos256_Cam01_RGB_MB_page_5.png,-0.11041009426116943
random_k@k=1,blur,0.8,1.0,0.17810848355293274,pbs,/home/dineth/focus_measure/datasets/New folder/bma pbf tfa/pbs_imgs/FieldPos256_Cam01_RGB_MB/FieldPos256_Cam01_RGB_MB_page_5.png,0.17810848355293274
random_k@k=1,blur,1.2,1.0,0.22006240487098694,pbs,/home/dineth/focus_measure/datasets/New folder/bma pbf tfa/pbs_imgs/FieldPos256_Cam01_RGB_MB/FieldPos256_Cam01_RGB_MB_page_5.png,0.22006240487098694
random_k@k=1,noise,0.01,1.0,-0.2515678405761719,pbs,/home/dineth/focus_measure/datasets/New folder/bma pbf tfa/pbs_imgs/FieldPos256_Cam01_RGB_MB/FieldPos256_Cam01_RGB_MB_page_5.png,-0.2515678405761719
random_k@k=1,noise,0.02,1.0,-0.23212993144989014,pbs,/home/dineth/focus_measure/datasets/New folder/bma pbf tfa/pbs_imgs/FieldPos256_Cam01_RGB_MB/FieldPos256_Cam01_RGB_MB_page_5.png,-0.23212993144989014
random_k@k=1,brightness,0.05,1.0,-0.2148725986480713,pbs,/home/dineth/focus_measure/datasets/New folder/bma pbf tfa/pbs_imgs/FieldPos256_Cam01_RGB_MB/FieldPos256_Cam01_RGB_MB_page_5.png,-0.2148725986480713
random_k@k=1,brightness,-0.05,1.0,-0.21473491191864014,pbs,/home/dineth/focus_measure/datasets/New folder/bma pbf tfa/pbs_imgs/FieldPos256_Cam01_RGB_MB/FieldPos256_Cam01_RGB_MB_page_5.png,-0.21473491191864014
random_k@k=1,contrast,0.9,1.0,-0.21470344066619873,pbs,/home/dineth/focus_measure/datasets/New folder/bma pbf tfa/pbs_imgs/FieldPos256_Cam01_RGB_MB/FieldPos256_Cam01_RGB_MB_page_5.png,-0.21470344066619873
random_k@k=1,contrast,1.1,1.0,-0.21470558643341064,pbs,/home/dineth/focus_measure/datasets/New folder/bma pbf tfa/pbs_imgs/FieldPos256_Cam01_RGB_MB/FieldPos256_Cam01_RGB_MB_page_5.png,-0.21470558643341064
random_k@k=3,blur,0.8,1.0,0.26613324880599976,pbs,/home/dineth/focus_measure/datasets/New folder/bma pbf tfa/pbs_imgs/FieldPos256_Cam01_RGB_MB/FieldPos256_Cam01_RGB_MB_page_5.png,0.26613324880599976
random_k@k=3,blur,1.2,1.0,0.07663506269454956,pbs,/home/dineth/focus_measure/datasets/New folder/bma pbf tfa/pbs_imgs/FieldPos256_Cam01_RGB_MB/FieldPos256_Cam01_RGB_MB_page_5.png,0.07663506269454956
random_k@k=3,noise,0.01,1.0,0.05947530269622803,pbs,/home/dineth/focus_measure/datasets/New folder/bma pbf tfa/pbs_imgs/FieldPos256_Cam01_RGB_MB/FieldPos256_Cam01_RGB_MB_page_5.png,0.05947530269622803
random_k@k=3,noise,0.02,1.0,0.10072052478790283,pbs,/home/dineth/focus_measure/datasets/New folder/bma pbf tfa/pbs_imgs/FieldPos256_Cam01_RGB_MB/FieldPos256_Cam01_RGB_MB_page_5.png,0.10072052478790283
random_k@k=3,brightness,0.05,1.0,0.08884763717651367,pbs,/home/dineth/focus_measure/datasets/New folder/bma pbf tfa/pbs_imgs/FieldPos256_Cam01_RGB_MB/FieldPos256_Cam01_RGB_MB_page_5.png,0.08884763717651367
random_k@k=3,brightness,-0.05,1.0,0.08874320983886719,pbs,/home/dineth/focus_measure/datasets/New folder/bma pbf tfa/pbs_imgs/FieldPos256_Cam01_RGB_MB/FieldPos256_Cam01_RGB_MB_page_5.png,0.08874320983886719
random_k@k=3,contrast,0.9,1.0,0.08889234066009521,pbs,/home/dineth/focus_measure/datasets/New folder/bma pbf tfa/pbs_imgs/FieldPos256_Cam01_RGB_MB/FieldPos256_Cam01_RGB_MB_page_5.png,0.08889234066009521
random_k@k=3,contrast,1.1,1.0,0.08888816833496094,pbs,/home/dineth/focus_measure/datasets/New folder/bma pbf tfa/pbs_imgs/FieldPos256_Cam01_RGB_MB/FieldPos256_Cam01_RGB_MB_page_5.png,0.08888816833496094
random_k@k=5,blur,0.8,1.0,-0.13356292247772217,pbs,/home/dineth/focus_measure/datasets/New folder/bma pbf tfa/pbs_imgs/FieldPos256_Cam01_RGB_MB/FieldPos256_Cam01_RGB_MB_page_5.png,-0.13356292247772217
random_k@k=5,blur,1.2,1.0,-0.07379728555679321,pbs,/home/dineth/focus_measure/datasets/New folder/bma pbf tfa/pbs_imgs/FieldPos256_Cam01_RGB_MB/FieldPos256_Cam01_RGB_MB_page_5.png,-0.07379728555679321
random_k@k=5,noise,0.01,1.0,-0.23639190196990967,pbs,/home/dineth/focus_measure/datasets/New folder/bma pbf tfa/pbs_imgs/FieldPos256_Cam01_RGB_MB/FieldPos256_Cam01_RGB_MB_page_5.png,-0.23639190196990967
random_k@k=5,noise,0.02,1.0,-0.29476094245910645,pbs,/home/dineth/focus_measure/datasets/New folder/bma pbf tfa/pbs_imgs/FieldPos256_Cam01_RGB_MB/FieldPos256_Cam01_RGB_MB_page_5.png,-0.29476094245910645
random_k@k=5,brightness,0.05,1.0,-0.17376410961151123,pbs,/home/dineth/focus_measure/datasets/New folder/bma pbf tfa/pbs_imgs/FieldPos256_Cam01_RGB_MB/FieldPos256_Cam01_RGB_MB_page_5.png,-0.17376410961151123
random_k@k=5,brightness,-0.05,1.0,-0.17381691932678223,pbs,/home/dineth/focus_measure/datasets/New folder/bma pbf tfa/pbs_imgs/FieldPos256_Cam01_RGB_MB/FieldPos256_Cam01_RGB_MB_page_5.png,-0.17381691932678223
random_k@k=5,contrast,0.9,1.0,-0.17358767986297607,pbs,/home/dineth/focus_measure/datasets/New folder/bma pbf tfa/pbs_imgs/FieldPos256_Cam01_RGB_MB/FieldPos256_Cam01_RGB_MB_page_5.png,-0.17358767986297607
random_k@k=5,contrast,1.1,1.0,-0.1735779047012329,pbs,/home/dineth/focus_measure/datasets/New folder/bma pbf tfa/pbs_imgs/FieldPos256_Cam01_RGB_MB/FieldPos256_Cam01_RGB_MB_page_5.png,-0.1735779047012329
random_k@k=7,blur,0.8,1.0,0.117317795753479,pbs,/home/dineth/focus_measure/datasets/New folder/bma pbf tfa/pbs_imgs/FieldPos256_Cam01_RGB_MB/FieldPos256_Cam01_RGB_MB_page_5.png,0.117317795753479
random_k@k=7,blur,1.2,1.0,0.23119115829467773,pbs,/home/dineth/focus_measure/datasets/New folder/bma pbf tfa/pbs_imgs/FieldPos256_Cam01_RGB_MB/FieldPos256_Cam01_RGB_MB_page_5.png,0.23119115829467773
random_k@k=7,noise,0.01,1.0,0.014488816261291504,pbs,/home/dineth/focus_measure/datasets/New folder/bma pbf tfa/pbs_imgs/FieldPos256_Cam01_RGB_MB/FieldPos256_Cam01_RGB_MB_page_5.png,0.014488816261291504
random_k@k=7,noise,0.02,1.0,-0.006445527076721191,pbs,/home/dineth/focus_measure/datasets/New folder/bma pbf tfa/pbs_imgs/FieldPos256_Cam01_RGB_MB/FieldPos256_Cam01_RGB_MB_page_5.png,-0.006445527076721191
random_k@k=7,brightness,0.05,1.0,0.044179320335388184,pbs,/home/dineth/focus_measure/datasets/New folder/bma pbf tfa/pbs_imgs/FieldPos256_Cam01_RGB_MB/FieldPos256_Cam01_RGB_MB_page_5.png,0.044179320335388184
random_k@k=7,brightness,-0.05,1.0,0.04431140422821045,pbs,/home/dineth/focus_measure/datasets/New folder/bma pbf tfa/pbs_imgs/FieldPos256_Cam01_RGB_MB/FieldPos256_Cam01_RGB_MB_page_5.png,0.04431140422821045
random_k@k=7,contrast,0.9,1.0,0.04419660568237305,pbs,/home/dineth/focus_measure/datasets/New folder/bma pbf tfa/pbs_imgs/FieldPos256_Cam01_RGB_MB/FieldPos256_Cam01_RGB_MB_page_5.png,0.04419660568237305
random_k@k=7,contrast,1.1,1.0,0.04411900043487549,pbs,/home/dineth/focus_measure/datasets/New folder/bma pbf tfa/pbs_imgs/FieldPos256_Cam01_RGB_MB/FieldPos256_Cam01_RGB_MB_page_5.png,0.04411900043487549
focus_only_topk@k=1,blur,0.8,0.0,-0.027387142181396484,pbs,/home/dineth/focus_measure/datasets/New folder/bma pbf tfa/pbs_imgs/FieldPos256_Cam01_RGB_MB/FieldPos256_Cam01_RGB_MB_page_5.png,-0.027387142181396484
focus_only_topk@k=1,blur,1.2,0.0,-0.29859602451324463,pbs,/home/dineth/focus_measure/datasets/New folder/bma pbf tfa/pbs_imgs/FieldPos256_Cam01_RGB_MB/FieldPos256_Cam01_RGB_MB_page_5.png,-0.29859602451324463
focus_only_topk@k=1,noise,0.01,1.0,0.3234555721282959,pbs,/home/dineth/focus_measure/datasets/New folder/bma pbf tfa/pbs_imgs/FieldPos256_Cam01_RGB_MB/FieldPos256_Cam01_RGB_MB_page_5.png,0.3234555721282959
focus_only_topk@k=1,noise,0.02,1.0,0.37426745891571045,pbs,/home/dineth/focus_measure/datasets/New folder/bma pbf tfa/pbs_imgs/FieldPos256_Cam01_RGB_MB/FieldPos256_Cam01_RGB_MB_page_5.png,0.37426745891571045
focus_only_topk@k=1,brightness,0.05,1.0,0.22752594947814941,pbs,/home/dineth/focus_measure/datasets/New folder/bma pbf tfa/pbs_imgs/FieldPos256_Cam01_RGB_MB/FieldPos256_Cam01_RGB_MB_page_5.png,0.22752594947814941
focus_only_topk@k=1,brightness,-0.05,1.0,0.22730958461761475,pbs,/home/dineth/focus_measure/datasets/New folder/bma pbf tfa/pbs_imgs/FieldPos256_Cam01_RGB_MB/FieldPos256_Cam01_RGB_MB_page_5.png,0.22730958461761475
focus_only_topk@k=1,contrast,0.9,1.0,0.22744500637054443,pbs,/home/dineth/focus_measure/datasets/New folder/bma pbf tfa/pbs_imgs/FieldPos256_Cam01_RGB_MB/FieldPos256_Cam01_RGB_MB_page_5.png,0.22744500637054443
focus_only_topk@k=1,contrast,1.1,1.0,0.2274254560470581,pbs,/home/dineth/focus_measure/datasets/New folder/bma pbf tfa/pbs_imgs/FieldPos256_Cam01_RGB_MB/FieldPos256_Cam01_RGB_MB_page_5.png,0.2274254560470581
focus_only_topk@k=3,blur,0.8,0.5,0.19425642490386963,pbs,/home/dineth/focus_measure/datasets/New folder/bma pbf tfa/pbs_imgs/FieldPos256_Cam01_RGB_MB/FieldPos256_Cam01_RGB_MB_page_5.png,0.19425642490386963
focus_only_topk@k=3,blur,1.2,0.5,0.05150103569030762,pbs,/home/dineth/focus_measure/datasets/New folder/bma pbf tfa/pbs_imgs/FieldPos256_Cam01_RGB_MB/FieldPos256_Cam01_RGB_MB_page_5.png,0.05150103569030762
focus_only_topk@k=3,noise,0.01,1.0,0.3821134567260742,pbs,/home/dineth/focus_measure/datasets/New folder/bma pbf tfa/pbs_imgs/FieldPos256_Cam01_RGB_MB/FieldPos256_Cam01_RGB_MB_page_5.png,0.3821134567260742
focus_only_topk@k=3,noise,0.02,1.0,0.3800363540649414,pbs,/home/dineth/focus_measure/datasets/New folder/bma pbf tfa/pbs_imgs/FieldPos256_Cam01_RGB_MB/FieldPos256_Cam01_RGB_MB_page_5.png,0.3800363540649414
focus_only_topk@k=3,brightness,0.05,1.0,0.1940079927444458,pbs,/home/dineth/focus_measure/datasets/New folder/bma pbf tfa/pbs_imgs/FieldPos256_Cam01_RGB_MB/FieldPos256_Cam01_RGB_MB_page_5.png,0.1940079927444458
focus_only_topk@k=3,brightness,-0.05,1.0,0.19401776790618896,pbs,/home/dineth/focus_measure/datasets/New folder/bma pbf tfa/pbs_imgs/FieldPos256_Cam01_RGB_MB/FieldPos256_Cam01_RGB_MB_page_5.png,0.19401776790618896
focus_only_topk@k=3,contrast,0.9,1.0,0.19389116764068604,pbs,/home/dineth/focus_measure/datasets/New folder/bma pbf tfa/pbs_imgs/FieldPos256_Cam01_RGB_MB/FieldPos256_Cam01_RGB_MB_page_5.png,0.19389116764068604
focus_only_topk@k=3,contrast,1.1,1.0,0.19388198852539062,pbs,/home/dineth/focus_measure/datasets/New folder/bma pbf tfa/pbs_imgs/FieldPos256_Cam01_RGB_MB/FieldPos256_Cam01_RGB_MB_page_5.png,0.19388198852539062
focus_only_topk@k=5,blur,0.8,0.6666666666666666,0.0782318115234375,pbs,/home/dineth/focus_measure/datasets/New folder/bma pbf tfa/pbs_imgs/FieldPos256_Cam01_RGB_MB/FieldPos256_Cam01_RGB_MB_page_5.png,0.0782318115234375
focus_only_topk@k=5,blur,1.2,0.6666666666666666,2.125882863998413,pbs,/home/dineth/focus_measure/datasets/New folder/bma pbf tfa/pbs_imgs/FieldPos256_Cam01_RGB_MB/FieldPos256_Cam01_RGB_MB_page_5.png,2.125882863998413
focus_only_topk@k=5,noise,0.01,1.0,-0.0897214412689209,pbs,/home/dineth/focus_measure/datasets/New folder/bma pbf tfa/pbs_imgs/FieldPos256_Cam01_RGB_MB/FieldPos256_Cam01_RGB_MB_page_5.png,-0.0897214412689209
focus_only_topk@k=5,noise,0.02,1.0,-0.07461798191070557,pbs,/home/dineth/focus_measure/datasets/New folder/bma pbf tfa/pbs_imgs/FieldPos256_Cam01_RGB_MB/FieldPos256_Cam01_RGB_MB_page_5.png,-0.07461798191070557
focus_only_topk@k=5,brightness,0.05,1.0,-0.0505220890045166,pbs,/home/dineth/focus_measure/datasets/New folder/bma pbf tfa/pbs_imgs/FieldPos256_Cam01_RGB_MB/FieldPos256_Cam01_RGB_MB_page_5.png,-0.0505220890045166
focus_only_topk@k=5,brightness,-0.05,1.0,-0.050537705421447754,pbs,/home/dineth/focus_measure/datasets/New folder/bma pbf tfa/pbs_imgs/FieldPos256_Cam01_RGB_MB/FieldPos256_Cam01_RGB_MB_page_5.png,-0.050537705421447754
focus_only_topk@k=5,contrast,0.9,1.0,-0.050508975982666016,pbs,/home/dineth/focus_measure/datasets/New folder/bma pbf tfa/pbs_imgs/FieldPos256_Cam01_RGB_MB/FieldPos256_Cam01_RGB_MB_page_5.png,-0.050508975982666016
focus_only_topk@k=5,contrast,1.1,1.0,-0.050273776054382324,pbs,/home/dineth/focus_measure/datasets/New folder/bma pbf tfa/pbs_imgs/FieldPos256_Cam01_RGB_MB/FieldPos256_Cam01_RGB_MB_page_5.png,-0.050273776054382324
focus_only_topk@k=7,blur,0.8,0.75,0.36378180980682373,pbs,/home/dineth/focus_measure/datasets/New folder/bma pbf tfa/pbs_imgs/FieldPos256_Cam01_RGB_MB/FieldPos256_Cam01_RGB_MB_page_5.png,0.36378180980682373
focus_only_topk@k=7,blur,1.2,0.75,2.253390073776245,pbs,/home/dineth/focus_measure/datasets/New folder/bma pbf tfa/pbs_imgs/FieldPos256_Cam01_RGB_MB/FieldPos256_Cam01_RGB_MB_page_5.png,2.253390073776245
focus_only_topk@k=7,noise,0.01,1.0,-0.017487049102783203,pbs,/home/dineth/focus_measure/datasets/New folder/bma pbf tfa/pbs_imgs/FieldPos256_Cam01_RGB_MB/FieldPos256_Cam01_RGB_MB_page_5.png,-0.017487049102783203
focus_only_topk@k=7,noise,0.02,1.0,0.030547261238098145,pbs,/home/dineth/focus_measure/datasets/New folder/bma pbf tfa/pbs_imgs/FieldPos256_Cam01_RGB_MB/FieldPos256_Cam01_RGB_MB_page_5.png,0.030547261238098145
focus_only_topk@k=7,brightness,0.05,1.0,0.022862792015075684,pbs,/home/dineth/focus_measure/datasets/New folder/bma pbf tfa/pbs_imgs/FieldPos256_Cam01_RGB_MB/FieldPos256_Cam01_RGB_MB_page_5.png,0.022862792015075684
focus_only_topk@k=7,brightness,-0.05,1.0,0.022878408432006836,pbs,/home/dineth/focus_measure/datasets/New folder/bma pbf tfa/pbs_imgs/FieldPos256_Cam01_RGB_MB/FieldPos256_Cam01_RGB_MB_page_5.png,0.022878408432006836
focus_only_topk@k=7,contrast,0.9,1.0,0.02279365062713623,pbs,/home/dineth/focus_measure/datasets/New folder/bma pbf tfa/pbs_imgs/FieldPos256_Cam01_RGB_MB/FieldPos256_Cam01_RGB_MB_page_5.png,0.02279365062713623
focus_only_topk@k=7,contrast,1.1,1.0,0.022822856903076172,pbs,/home/dineth/focus_measure/datasets/New folder/bma pbf tfa/pbs_imgs/FieldPos256_Cam01_RGB_MB/FieldPos256_Cam01_RGB_MB_page_5.png,0.022822856903076172
occupancy_only_topk@k=1,blur,0.8,1.0,1.735029399394989,pbs,/home/dineth/focus_measure/datasets/New folder/bma pbf tfa/pbs_imgs/FieldPos256_Cam01_RGB_MB/FieldPos256_Cam01_RGB_MB_page_5.png,1.735029399394989
occupancy_only_topk@k=1,blur,1.2,1.0,1.7174017429351807,pbs,/home/dineth/focus_measure/datasets/New folder/bma pbf tfa/pbs_imgs/FieldPos256_Cam01_RGB_MB/FieldPos256_Cam01_RGB_MB_page_5.png,1.7174017429351807
occupancy_only_topk@k=1,noise,0.01,1.0,-0.08972132205963135,pbs,/home/dineth/focus_measure/datasets/New folder/bma pbf tfa/pbs_imgs/FieldPos256_Cam01_RGB_MB/FieldPos256_Cam01_RGB_MB_page_5.png,-0.08972132205963135
occupancy_only_topk@k=1,noise,0.02,1.0,-0.07461762428283691,pbs,/home/dineth/focus_measure/datasets/New folder/bma pbf tfa/pbs_imgs/FieldPos256_Cam01_RGB_MB/FieldPos256_Cam01_RGB_MB_page_5.png,-0.07461762428283691
occupancy_only_topk@k=1,brightness,0.05,1.0,-0.05052030086517334,pbs,/home/dineth/focus_measure/datasets/New folder/bma pbf tfa/pbs_imgs/FieldPos256_Cam01_RGB_MB/FieldPos256_Cam01_RGB_MB_page_5.png,-0.05052030086517334
occupancy_only_topk@k=1,brightness,-0.05,0.0,-0.09493112564086914,pbs,/home/dineth/focus_measure/datasets/New folder/bma pbf tfa/pbs_imgs/FieldPos256_Cam01_RGB_MB/FieldPos256_Cam01_RGB_MB_page_5.png,-0.09493112564086914
occupancy_only_topk@k=1,contrast,0.9,1.0,-0.050513267517089844,pbs,/home/dineth/focus_measure/datasets/New folder/bma pbf tfa/pbs_imgs/FieldPos256_Cam01_RGB_MB/FieldPos256_Cam01_RGB_MB_page_5.png,-0.050513267517089844
occupancy_only_topk@k=1,contrast,1.1,1.0,-0.05027008056640625,pbs,/home/dineth/focus_measure/datasets/New folder/bma pbf tfa/pbs_imgs/FieldPos256_Cam01_RGB_MB/FieldPos256_Cam01_RGB_MB_page_5.png,-0.05027008056640625
occupancy_only_topk@k=3,blur,0.8,1.0,1.8687883019447327,pbs,/home/dineth/focus_measure/datasets/New folder/bma pbf tfa/pbs_imgs/FieldPos256_Cam01_RGB_MB/FieldPos256_Cam01_RGB_MB_page_5.png,1.8687883019447327
occupancy_only_topk@k=3,blur,1.2,0.5,1.71731436252594,pbs,/home/dineth/focus_measure/datasets/New folder/bma pbf tfa/pbs_imgs/FieldPos256_Cam01_RGB_MB/FieldPos256_Cam01_RGB_MB_page_5.png,1.71731436252594
occupancy_only_topk@k=3,noise,0.01,1.0,-0.08951449394226074,pbs,/home/dineth/focus_measure/datasets/New folder/bma pbf tfa/pbs_imgs/FieldPos256_Cam01_RGB_MB/FieldPos256_Cam01_RGB_MB_page_5.png,-0.08951449394226074
occupancy_only_topk@k=3,noise,0.02,1.0,-0.07452797889709473,pbs,/home/dineth/focus_measure/datasets/New folder/bma pbf tfa/pbs_imgs/FieldPos256_Cam01_RGB_MB/FieldPos256_Cam01_RGB_MB_page_5.png,-0.07452797889709473
occupancy_only_topk@k=3,brightness,0.05,1.0,-0.09491991996765137,pbs,/home/dineth/focus_measure/datasets/New folder/bma pbf tfa/pbs_imgs/FieldPos256_Cam01_RGB_MB/FieldPos256_Cam01_RGB_MB_page_5.png,-0.09491991996765137
occupancy_only_topk@k=3,brightness,-0.05,1.0,-0.09488213062286377,pbs,/home/dineth/focus_measure/datasets/New folder/bma pbf tfa/pbs_imgs/FieldPos256_Cam01_RGB_MB/FieldPos256_Cam01_RGB_MB_page_5.png,-0.09488213062286377
occupancy_only_topk@k=3,contrast,0.9,1.0,-0.09494554996490479,pbs,/home/dineth/focus_measure/datasets/New folder/bma pbf tfa/pbs_imgs/FieldPos256_Cam01_RGB_MB/FieldPos256_Cam01_RGB_MB_page_5.png,-0.09494554996490479
occupancy_only_topk@k=3,contrast,1.1,1.0,-0.09499406814575195,pbs,/home/dineth/focus_measure/datasets/New folder/bma pbf tfa/pbs_imgs/FieldPos256_Cam01_RGB_MB/FieldPos256_Cam01_RGB_MB_page_5.png,-0.09499406814575195
occupancy_only_topk@k=5,blur,0.8,1.0,2.1247581243515015,pbs,/home/dineth/focus_measure/datasets/New folder/bma pbf tfa/pbs_imgs/FieldPos256_Cam01_RGB_MB/FieldPos256_Cam01_RGB_MB_page_5.png,2.1247581243515015
occupancy_only_topk@k=5,blur,1.2,1.0,1.9423283338546753,pbs,/home/dineth/focus_measure/datasets/New folder/bma pbf tfa/pbs_imgs/FieldPos256_Cam01_RGB_MB/FieldPos256_Cam01_RGB_MB_page_5.png,1.9423283338546753
occupancy_only_topk@k=5,noise,0.01,1.0,-0.0016188621520996094,pbs,/home/dineth/focus_measure/datasets/New folder/bma pbf tfa/pbs_imgs/FieldPos256_Cam01_RGB_MB/FieldPos256_Cam01_RGB_MB_page_5.png,-0.0016188621520996094
occupancy_only_topk@k=5,noise,0.02,1.0,0.013484597206115723,pbs,/home/dineth/focus_measure/datasets/New folder/bma pbf tfa/pbs_imgs/FieldPos256_Cam01_RGB_MB/FieldPos256_Cam01_RGB_MB_page_5.png,0.013484597206115723
occupancy_only_topk@k=5,brightness,0.05,1.0,-0.006813526153564453,pbs,/home/dineth/focus_measure/datasets/New folder/bma pbf tfa/pbs_imgs/FieldPos256_Cam01_RGB_MB/FieldPos256_Cam01_RGB_MB_page_5.png,-0.006813526153564453
occupancy_only_topk@k=5,brightness,-0.05,0.6666666666666666,-0.006829500198364258,pbs,/home/dineth/focus_measure/datasets/New folder/bma pbf tfa/pbs_imgs/FieldPos256_Cam01_RGB_MB/FieldPos256_Cam01_RGB_MB_page_5.png,-0.006829500198364258
occupancy_only_topk@k=5,contrast,0.9,1.0,-0.006886839866638184,pbs,/home/dineth/focus_measure/datasets/New folder/bma pbf tfa/pbs_imgs/FieldPos256_Cam01_RGB_MB/FieldPos256_Cam01_RGB_MB_page_5.png,-0.006886839866638184
occupancy_only_topk@k=5,contrast,1.1,1.0,-0.006944179534912109,pbs,/home/dineth/focus_measure/datasets/New folder/bma pbf tfa/pbs_imgs/FieldPos256_Cam01_RGB_MB/FieldPos256_Cam01_RGB_MB_page_5.png,-0.006944179534912109
occupancy_only_topk@k=7,blur,0.8,1.0,1.956927239894867,pbs,/home/dineth/focus_measure/datasets/New folder/bma pbf tfa/pbs_imgs/FieldPos256_Cam01_RGB_MB/FieldPos256_Cam01_RGB_MB_page_5.png,1.956927239894867
occupancy_only_topk@k=7,blur,1.2,1.0,1.876013159751892,pbs,/home/dineth/focus_measure/datasets/New folder/bma pbf tfa/pbs_imgs/FieldPos256_Cam01_RGB_MB/FieldPos256_Cam01_RGB_MB_page_5.png,1.876013159751892
occupancy_only_topk@k=7,noise,0.01,1.0,-0.0016188621520996094,pbs,/home/dineth/focus_measure/datasets/New folder/bma pbf tfa/pbs_imgs/FieldPos256_Cam01_RGB_MB/FieldPos256_Cam01_RGB_MB_page_5.png,-0.0016188621520996094
occupancy_only_topk@k=7,noise,0.02,1.0,0.013484597206115723,pbs,/home/dineth/focus_measure/datasets/New folder/bma pbf tfa/pbs_imgs/FieldPos256_Cam01_RGB_MB/FieldPos256_Cam01_RGB_MB_page_5.png,0.013484597206115723
occupancy_only_topk@k=7,brightness,0.05,1.0,-0.006813526153564453,pbs,/home/dineth/focus_measure/datasets/New folder/bma pbf tfa/pbs_imgs/FieldPos256_Cam01_RGB_MB/FieldPos256_Cam01_RGB_MB_page_5.png,-0.006813526153564453
occupancy_only_topk@k=7,brightness,-0.05,0.75,-0.006829500198364258,pbs,/home/dineth/focus_measure/datasets/New folder/bma pbf tfa/pbs_imgs/FieldPos256_Cam01_RGB_MB/FieldPos256_Cam01_RGB_MB_page_5.png,-0.006829500198364258
occupancy_only_topk@k=7,contrast,0.9,1.0,-0.006886839866638184,pbs,/home/dineth/focus_measure/datasets/New folder/bma pbf tfa/pbs_imgs/FieldPos256_Cam01_RGB_MB/FieldPos256_Cam01_RGB_MB_page_5.png,-0.006886839866638184
occupancy_only_topk@k=7,contrast,1.1,1.0,-0.006944179534912109,pbs,/home/dineth/focus_measure/datasets/New folder/bma pbf tfa/pbs_imgs/FieldPos256_Cam01_RGB_MB/FieldPos256_Cam01_RGB_MB_page_5.png,-0.006944179534912109
hybrid_proposed,blur,0.8,0.9649122807017544,0.19630128145217896,pbs,/home/dineth/focus_measure/datasets/New folder/bma pbf tfa/pbs_imgs/FieldPos256_Cam01_RGB_MB/FieldPos256_Cam01_RGB_MB_page_5.png,0.19630128145217896
hybrid_proposed,blur,1.2,0.9649122807017544,0.2586345672607422,pbs,/home/dineth/focus_measure/datasets/New folder/bma pbf tfa/pbs_imgs/FieldPos256_Cam01_RGB_MB/FieldPos256_Cam01_RGB_MB_page_5.png,0.2586345672607422
hybrid_proposed,noise,0.01,1.0,-0.008780598640441895,pbs,/home/dineth/focus_measure/datasets/New folder/bma pbf tfa/pbs_imgs/FieldPos256_Cam01_RGB_MB/FieldPos256_Cam01_RGB_MB_page_5.png,-0.008780598640441895
hybrid_proposed,noise,0.02,0.9649122807017544,-0.047587037086486816,pbs,/home/dineth/focus_measure/datasets/New folder/bma pbf tfa/pbs_imgs/FieldPos256_Cam01_RGB_MB/FieldPos256_Cam01_RGB_MB_page_5.png,-0.047587037086486816
hybrid_proposed,brightness,0.05,0.9310344827586207,0.021392226219177246,pbs,/home/dineth/focus_measure/datasets/New folder/bma pbf tfa/pbs_imgs/FieldPos256_Cam01_RGB_MB/FieldPos256_Cam01_RGB_MB_page_5.png,0.021392226219177246
hybrid_proposed,brightness,-0.05,0.9649122807017544,0.012657880783081055,pbs,/home/dineth/focus_measure/datasets/New folder/bma pbf tfa/pbs_imgs/FieldPos256_Cam01_RGB_MB/FieldPos256_Cam01_RGB_MB_page_5.png,0.012657880783081055
hybrid_proposed,contrast,0.9,1.0,0.012543082237243652,pbs,/home/dineth/focus_measure/datasets/New folder/bma pbf tfa/pbs_imgs/FieldPos256_Cam01_RGB_MB/FieldPos256_Cam01_RGB_MB_page_5.png,0.012543082237243652
hybrid_proposed,contrast,1.1,1.0,0.012465476989746094,pbs,/home/dineth/focus_measure/datasets/New folder/bma pbf tfa/pbs_imgs/FieldPos256_Cam01_RGB_MB/FieldPos256_Cam01_RGB_MB_page_5.png,0.012465476989746094
all_rois,blur,0.8,1.0,0.10235929489135742,pbs,/home/dineth/focus_measure/datasets/New folder/bma pbf tfa/pbs_imgs/FieldPos256_Cam01_RGB_MB/FieldPos256_Cam01_RGB_MB_page_5.png,0.10235929489135742
all_rois,blur,1.2,1.0,0.17362260818481445,pbs,/home/dineth/focus_measure/datasets/New folder/bma pbf tfa/pbs_imgs/FieldPos256_Cam01_RGB_MB/FieldPos256_Cam01_RGB_MB_page_5.png,0.17362260818481445
all_rois,noise,0.01,1.0,0.016401290893554688,pbs,/home/dineth/focus_measure/datasets/New folder/bma pbf tfa/pbs_imgs/FieldPos256_Cam01_RGB_MB/FieldPos256_Cam01_RGB_MB_page_5.png,0.016401290893554688
all_rois,noise,0.02,1.0,-0.05707085132598877,pbs,/home/dineth/focus_measure/datasets/New folder/bma pbf tfa/pbs_imgs/FieldPos256_Cam01_RGB_MB/FieldPos256_Cam01_RGB_MB_page_5.png,-0.05707085132598877
all_rois,brightness,0.05,1.0,-0.012815237045288086,pbs,/home/dineth/focus_measure/datasets/New folder/bma pbf tfa/pbs_imgs/FieldPos256_Cam01_RGB_MB/FieldPos256_Cam01_RGB_MB_page_5.png,-0.012815237045288086
all_rois,brightness,-0.05,1.0,-0.012700200080871582,pbs,/home/dineth/focus_measure/datasets/New folder/bma pbf tfa/pbs_imgs/FieldPos256_Cam01_RGB_MB/FieldPos256_Cam01_RGB_MB_page_5.png,-0.012700200080871582
all_rois,contrast,0.9,1.0,-0.012819647789001465,pbs,/home/dineth/focus_measure/datasets/New folder/bma pbf tfa/pbs_imgs/FieldPos256_Cam01_RGB_MB/FieldPos256_Cam01_RGB_MB_page_5.png,-0.012819647789001465
all_rois,contrast,1.1,1.0,-0.012737274169921875,pbs,/home/dineth/focus_measure/datasets/New folder/bma pbf tfa/pbs_imgs/FieldPos256_Cam01_RGB_MB/FieldPos256_Cam01_RGB_MB_page_5.png,-0.012737274169921875
cnn_adaptive,blur,0.8,0.9649122807017544,0.19630128145217896,pbs,/home/dineth/focus_measure/datasets/New folder/bma pbf tfa/pbs_imgs/FieldPos256_Cam01_RGB_MB/FieldPos256_Cam01_RGB_MB_page_5.png,0.19630128145217896
cnn_adaptive,blur,1.2,0.9649122807017544,0.2586345672607422,pbs,/home/dineth/focus_measure/datasets/New folder/bma pbf tfa/pbs_imgs/FieldPos256_Cam01_RGB_MB/FieldPos256_Cam01_RGB_MB_page_5.png,0.2586345672607422
cnn_adaptive,noise,0.01,1.0,-0.008780598640441895,pbs,/home/dineth/focus_measure/datasets/New folder/bma pbf tfa/pbs_imgs/FieldPos256_Cam01_RGB_MB/FieldPos256_Cam01_RGB_MB_page_5.png,-0.008780598640441895
cnn_adaptive,noise,0.02,0.9649122807017544,-0.047587037086486816,pbs,/home/dineth/focus_measure/datasets/New folder/bma pbf tfa/pbs_imgs/FieldPos256_Cam01_RGB_MB/FieldPos256_Cam01_RGB_MB_page_5.png,-0.047587037086486816
cnn_adaptive,brightness,0.05,0.9310344827586207,0.021392226219177246,pbs,/home/dineth/focus_measure/datasets/New folder/bma pbf tfa/pbs_imgs/FieldPos256_Cam01_RGB_MB/FieldPos256_Cam01_RGB_MB_page_5.png,0.021392226219177246
cnn_adaptive,brightness,-0.05,0.9649122807017544,0.012657880783081055,pbs,/home/dineth/focus_measure/datasets/New folder/bma pbf tfa/pbs_imgs/FieldPos256_Cam01_RGB_MB/FieldPos256_Cam01_RGB_MB_page_5.png,0.012657880783081055
cnn_adaptive,contrast,0.9,1.0,0.012543082237243652,pbs,/home/dineth/focus_measure/datasets/New folder/bma pbf tfa/pbs_imgs/FieldPos256_Cam01_RGB_MB/FieldPos256_Cam01_RGB_MB_page_5.png,0.012543082237243652
cnn_adaptive,contrast,1.1,1.0,0.012465476989746094,pbs,/home/dineth/focus_measure/datasets/New folder/bma pbf tfa/pbs_imgs/FieldPos256_Cam01_RGB_MB/FieldPos256_Cam01_RGB_MB_page_5.png,0.012465476989746094
center_top1,blur,0.8,1.0,0.6592276096343994,pbs,/home/dineth/focus_measure/datasets/New folder/bma pbf tfa/pbs_imgs/FieldPos280_Cam01_RGB_MB/FieldPos280_Cam01_RGB_MB_page_14.png,0.6592276096343994
center_top1,blur,1.2,1.0,0.9094128608703613,pbs,/home/dineth/focus_measure/datasets/New folder/bma pbf tfa/pbs_imgs/FieldPos280_Cam01_RGB_MB/FieldPos280_Cam01_RGB_MB_page_14.png,0.9094128608703613
center_top1,noise,0.01,1.0,0.2043595314025879,pbs,/home/dineth/focus_measure/datasets/New folder/bma pbf tfa/pbs_imgs/FieldPos280_Cam01_RGB_MB/FieldPos280_Cam01_RGB_MB_page_14.png,0.2043595314025879
center_top1,noise,0.02,1.0,0.3651289939880371,pbs,/home/dineth/focus_measure/datasets/New folder/bma pbf tfa/pbs_imgs/FieldPos280_Cam01_RGB_MB/FieldPos280_Cam01_RGB_MB_page_14.png,0.3651289939880371
center_top1,brightness,0.05,1.0,0.1662154197692871,pbs,/home/dineth/focus_measure/datasets/New folder/bma pbf tfa/pbs_imgs/FieldPos280_Cam01_RGB_MB/FieldPos280_Cam01_RGB_MB_page_14.png,0.1662154197692871
center_top1,brightness,-0.05,1.0,0.1662282943725586,pbs,/home/dineth/focus_measure/datasets/New folder/bma pbf tfa/pbs_imgs/FieldPos280_Cam01_RGB_MB/FieldPos280_Cam01_RGB_MB_page_14.png,0.1662282943725586
center_top1,contrast,0.9,1.0,0.16623163223266602,pbs,/home/dineth/focus_measure/datasets/New folder/bma pbf tfa/pbs_imgs/FieldPos280_Cam01_RGB_MB/FieldPos280_Cam01_RGB_MB_page_14.png,0.16623163223266602
center_top1,contrast,1.1,1.0,0.16602849960327148,pbs,/home/dineth/focus_measure/datasets/New folder/bma pbf tfa/pbs_imgs/FieldPos280_Cam01_RGB_MB/FieldPos280_Cam01_RGB_MB_page_14.png,0.16602849960327148
random_k@k=1,blur,0.8,1.0,0.3577566146850586,pbs,/home/dineth/focus_measure/datasets/New folder/bma pbf tfa/pbs_imgs/FieldPos280_Cam01_RGB_MB/FieldPos280_Cam01_RGB_MB_page_14.png,0.3577566146850586
random_k@k=1,blur,1.2,1.0,0.5224974155426025,pbs,/home/dineth/focus_measure/datasets/New folder/bma pbf tfa/pbs_imgs/FieldPos280_Cam01_RGB_MB/FieldPos280_Cam01_RGB_MB_page_14.png,0.5224974155426025
random_k@k=1,noise,0.01,1.0,0.296292781829834,pbs,/home/dineth/focus_measure/datasets/New folder/bma pbf tfa/pbs_imgs/FieldPos280_Cam01_RGB_MB/FieldPos280_Cam01_RGB_MB_page_14.png,0.296292781829834
random_k@k=1,noise,0.02,1.0,0.15071392059326172,pbs,/home/dineth/focus_measure/datasets/New folder/bma pbf tfa/pbs_imgs/FieldPos280_Cam01_RGB_MB/FieldPos280_Cam01_RGB_MB_page_14.png,0.15071392059326172
random_k@k=1,brightness,0.05,1.0,0.19671344757080078,pbs,/home/dineth/focus_measure/datasets/New folder/bma pbf tfa/pbs_imgs/FieldPos280_Cam01_RGB_MB/FieldPos280_Cam01_RGB_MB_page_14.png,0.19671344757080078
random_k@k=1,brightness,-0.05,1.0,0.1969308853149414,pbs,/home/dineth/focus_measure/datasets/New folder/bma pbf tfa/pbs_imgs/FieldPos280_Cam01_RGB_MB/FieldPos280_Cam01_RGB_MB_page_14.png,0.1969308853149414
random_k@k=1,contrast,0.9,1.0,0.1970210075378418,pbs,/home/dineth/focus_measure/datasets/New folder/bma pbf tfa/pbs_imgs/FieldPos280_Cam01_RGB_MB/FieldPos280_Cam01_RGB_MB_page_14.png,0.1970210075378418
random_k@k=1,contrast,1.1,1.0,0.19681692123413086,pbs,/home/dineth/focus_measure/datasets/New folder/bma pbf tfa/pbs_imgs/FieldPos280_Cam01_RGB_MB/FieldPos280_Cam01_RGB_MB_page_14.png,0.19681692123413086
random_k@k=3,blur,0.8,1.0,0.671522855758667,pbs,/home/dineth/focus_measure/datasets/New folder/bma pbf tfa/pbs_imgs/FieldPos280_Cam01_RGB_MB/FieldPos280_Cam01_RGB_MB_page_14.png,0.671522855758667
random_k@k=3,blur,1.2,1.0,0.8770413398742676,pbs,/home/dineth/focus_measure/datasets/New folder/bma pbf tfa/pbs_imgs/FieldPos280_Cam01_RGB_MB/FieldPos280_Cam01_RGB_MB_page_14.png,0.8770413398742676
random_k@k=3,noise,0.01,1.0,-0.03301715850830078,pbs,/home/dineth/focus_measure/datasets/New folder/bma pbf tfa/pbs_imgs/FieldPos280_Cam01_RGB_MB/FieldPos280_Cam01_RGB_MB_page_14.png,-0.03301715850830078
random_k@k=3,noise,0.02,1.0,0.1515803337097168,pbs,/home/dineth/focus_measure/datasets/New folder/bma pbf tfa/pbs_imgs/FieldPos280_Cam01_RGB_MB/FieldPos280_Cam01_RGB_MB_page_14.png,0.1515803337097168
random_k@k=3,brightness,0.05,1.0,0.21622943878173828,pbs,/home/dineth/focus_measure/datasets/New folder/bma pbf tfa/pbs_imgs/FieldPos280_Cam01_RGB_MB/FieldPos280_Cam01_RGB_MB_page_14.png,0.21622943878173828
random_k@k=3,brightness,-0.05,1.0,0.21621322631835938,pbs,/home/dineth/focus_measure/datasets/New folder/bma pbf tfa/pbs_imgs/FieldPos280_Cam01_RGB_MB/FieldPos280_Cam01_RGB_MB_page_14.png,0.21621322631835938
random_k@k=3,contrast,0.9,1.0,0.21635103225708008,pbs,/home/dineth/focus_measure/datasets/New folder/bma pbf tfa/pbs_imgs/FieldPos280_Cam01_RGB_MB/FieldPos280_Cam01_RGB_MB_page_14.png,0.21635103225708008
random_k@k=3,contrast,1.1,1.0,0.21622180938720703,pbs,/home/dineth/focus_measure/datasets/New folder/bma pbf tfa/pbs_imgs/FieldPos280_Cam01_RGB_MB/FieldPos280_Cam01_RGB_MB_page_14.png,0.21622180938720703
random_k@k=5,blur,0.8,1.0,0.8264846801757812,pbs,/home/dineth/focus_measure/datasets/New folder/bma pbf tfa/pbs_imgs/FieldPos280_Cam01_RGB_MB/FieldPos280_Cam01_RGB_MB_page_14.png,0.8264846801757812
random_k@k=5,blur,1.2,1.0,0.9799890518188477,pbs,/home/dineth/focus_measure/datasets/New folder/bma pbf tfa/pbs_imgs/FieldPos280_Cam01_RGB_MB/FieldPos280_Cam01_RGB_MB_page_14.png,0.9799890518188477
random_k@k=5,noise,0.01,1.0,0.20236873626708984,pbs,/home/dineth/focus_measure/datasets/New folder/bma pbf tfa/pbs_imgs/FieldPos280_Cam01_RGB_MB/FieldPos280_Cam01_RGB_MB_page_14.png,0.20236873626708984
random_k@k=5,noise,0.02,1.0,0.30548858642578125,pbs,/home/dineth/focus_measure/datasets/New folder/bma pbf tfa/pbs_imgs/FieldPos280_Cam01_RGB_MB/FieldPos280_Cam01_RGB_MB_page_14.png,0.30548858642578125
random_k@k=5,brightness,0.05,1.0,0.31928443908691406,pbs,/home/dineth/focus_measure/datasets/New folder/bma pbf tfa/pbs_imgs/FieldPos280_Cam01_RGB_MB/FieldPos280_Cam01_RGB_MB_page_14.png,0.31928443908691406
random_k@k=5,brightness,-0.05,1.0,0.3192873001098633,pbs,/home/dineth/focus_measure/datasets/New folder/bma pbf tfa/pbs_imgs/FieldPos280_Cam01_RGB_MB/FieldPos280_Cam01_RGB_MB_page_14.png,0.3192873001098633
random_k@k=5,contrast,0.9,1.0,0.31954288482666016,pbs,/home/dineth/focus_measure/datasets/New folder/bma pbf tfa/pbs_imgs/FieldPos280_Cam01_RGB_MB/FieldPos280_Cam01_RGB_MB_page_14.png,0.31954288482666016
random_k@k=5,contrast,1.1,1.0,0.31897449493408203,pbs,/home/dineth/focus_measure/datasets/New folder/bma pbf tfa/pbs_imgs/FieldPos280_Cam01_RGB_MB/FieldPos280_Cam01_RGB_MB_page_14.png,0.31897449493408203
random_k@k=7,blur,0.8,1.0,0.6443295478820801,pbs,/home/dineth/focus_measure/datasets/New folder/bma pbf tfa/pbs_imgs/FieldPos280_Cam01_RGB_MB/FieldPos280_Cam01_RGB_MB_page_14.png,0.6443295478820801
random_k@k=7,blur,1.2,1.0,0.8479461669921875,pbs,/home/dineth/focus_measure/datasets/New folder/bma pbf tfa/pbs_imgs/FieldPos280_Cam01_RGB_MB/FieldPos280_Cam01_RGB_MB_page_14.png,0.8479461669921875
random_k@k=7,noise,0.01,1.0,0.09375476837158203,pbs,/home/dineth/focus_measure/datasets/New folder/bma pbf tfa/pbs_imgs/FieldPos280_Cam01_RGB_MB/FieldPos280_Cam01_RGB_MB_page_14.png,0.09375476837158203
random_k@k=7,noise,0.02,1.0,0.34751343727111816,pbs,/home/dineth/focus_measure/datasets/New folder/bma pbf tfa/pbs_imgs/FieldPos280_Cam01_RGB_MB/FieldPos280_Cam01_RGB_MB_page_14.png,0.34751343727111816
random_k@k=7,brightness,0.05,1.0,0.19254159927368164,pbs,/home/dineth/focus_measure/datasets/New folder/bma pbf tfa/pbs_imgs/FieldPos280_Cam01_RGB_MB/FieldPos280_Cam01_RGB_MB_page_14.png,0.19254159927368164
random_k@k=7,brightness,-0.05,1.0,0.19257736206054688,pbs,/home/dineth/focus_measure/datasets/New folder/bma pbf tfa/pbs_imgs/FieldPos280_Cam01_RGB_MB/FieldPos280_Cam01_RGB_MB_page_14.png,0.19257736206054688
random_k@k=7,contrast,0.9,1.0,0.19254684448242188,pbs,/home/dineth/focus_measure/datasets/New folder/bma pbf tfa/pbs_imgs/FieldPos280_Cam01_RGB_MB/FieldPos280_Cam01_RGB_MB_page_14.png,0.19254684448242188
random_k@k=7,contrast,1.1,1.0,0.19268226623535156,pbs,/home/dineth/focus_measure/datasets/New folder/bma pbf tfa/pbs_imgs/FieldPos280_Cam01_RGB_MB/FieldPos280_Cam01_RGB_MB_page_14.png,0.19268226623535156
focus_only_topk@k=1,blur,0.8,0.0,0.5434274673461914,pbs,/home/dineth/focus_measure/datasets/New folder/bma pbf tfa/pbs_imgs/FieldPos280_Cam01_RGB_MB/FieldPos280_Cam01_RGB_MB_page_14.png,0.5434274673461914
focus_only_topk@k=1,blur,1.2,0.0,0.9511027336120605,pbs,/home/dineth/focus_measure/datasets/New folder/bma pbf tfa/pbs_imgs/FieldPos280_Cam01_RGB_MB/FieldPos280_Cam01_RGB_MB_page_14.png,0.9511027336120605
focus_only_topk@k=1,noise,0.01,1.0,0.9189038276672363,pbs,/home/dineth/focus_measure/datasets/New folder/bma pbf tfa/pbs_imgs/FieldPos280_Cam01_RGB_MB/FieldPos280_Cam01_RGB_MB_page_14.png,0.9189038276672363
focus_only_topk@k=1,noise,0.02,0.0,0.43462705612182617,pbs,/home/dineth/focus_measure/datasets/New folder/bma pbf tfa/pbs_imgs/FieldPos280_Cam01_RGB_MB/FieldPos280_Cam01_RGB_MB_page_14.png,0.43462705612182617
focus_only_topk@k=1,brightness,0.05,1.0,0.20586252212524414,pbs,/home/dineth/focus_measure/datasets/New folder/bma pbf tfa/pbs_imgs/FieldPos280_Cam01_RGB_MB/FieldPos280_Cam01_RGB_MB_page_14.png,0.20586252212524414
focus_only_topk@k=1,brightness,-0.05,1.0,0.20587825775146484,pbs,/home/dineth/focus_measure/datasets/New folder/bma pbf tfa/pbs_imgs/FieldPos280_Cam01_RGB_MB/FieldPos280_Cam01_RGB_MB_page_14.png,0.20587825775146484
focus_only_topk@k=1,contrast,0.9,1.0,0.20586204528808594,pbs,/home/dineth/focus_measure/datasets/New folder/bma pbf tfa/pbs_imgs/FieldPos280_Cam01_RGB_MB/FieldPos280_Cam01_RGB_MB_page_14.png,0.20586204528808594
focus_only_topk@k=1,contrast,1.1,1.0,0.20598793029785156,pbs,/home/dineth/focus_measure/datasets/New folder/bma pbf tfa/pbs_imgs/FieldPos280_Cam01_RGB_MB/FieldPos280_Cam01_RGB_MB_page_14.png,0.20598793029785156
focus_only_topk@k=3,blur,0.8,0.5,0.45279979705810547,pbs,/home/dineth/focus_measure/datasets/New folder/bma pbf tfa/pbs_imgs/FieldPos280_Cam01_RGB_MB/FieldPos280_Cam01_RGB_MB_page_14.png,0.45279979705810547
focus_only_topk@k=3,blur,1.2,0.5,0.9008734226226807,pbs,/home/dineth/focus_measure/datasets/New folder/bma pbf tfa/pbs_imgs/FieldPos280_Cam01_RGB_MB/FieldPos280_Cam01_RGB_MB_page_14.png,0.9008734226226807
focus_only_topk@k=3,noise,0.01,0.5,0.6851344108581543,pbs,/home/dineth/focus_measure/datasets/New folder/bma pbf tfa/pbs_imgs/FieldPos280_Cam01_RGB_MB/FieldPos280_Cam01_RGB_MB_page_14.png,0.6851344108581543
focus_only_topk@k=3,noise,0.02,0.5,0.8444757461547852,pbs,/home/dineth/focus_measure/datasets/New folder/bma pbf tfa/pbs_imgs/FieldPos280_Cam01_RGB_MB/FieldPos280_Cam01_RGB_MB_page_14.png,0.8444757461547852
focus_only_topk@k=3,brightness,0.05,1.0,0.2053084373474121,pbs,/home/dineth/focus_measure/datasets/New folder/bma pbf tfa/pbs_imgs/FieldPos280_Cam01_RGB_MB/FieldPos280_Cam01_RGB_MB_page_14.png,0.2053084373474121
focus_only_topk@k=3,brightness,-0.05,1.0,0.2052783966064453,pbs,/home/dineth/focus_measure/datasets/New folder/bma pbf tfa/pbs_imgs/FieldPos280_Cam01_RGB_MB/FieldPos280_Cam01_RGB_MB_page_14.png,0.2052783966064453
focus_only_topk@k=3,contrast,0.9,1.0,0.20508146286010742,pbs,/home/dineth/focus_measure/datasets/New folder/bma pbf tfa/pbs_imgs/FieldPos280_Cam01_RGB_MB/FieldPos280_Cam01_RGB_MB_page_14.png,0.20508146286010742
focus_only_topk@k=3,contrast,1.1,1.0,0.20525455474853516,pbs,/home/dineth/focus_measure/datasets/New folder/bma pbf tfa/pbs_imgs/FieldPos280_Cam01_RGB_MB/FieldPos280_Cam01_RGB_MB_page_14.png,0.20525455474853516
focus_only_topk@k=5,blur,0.8,1.0,0.48122167587280273,pbs,/home/dineth/focus_measure/datasets/New folder/bma pbf tfa/pbs_imgs/FieldPos280_Cam01_RGB_MB/FieldPos280_Cam01_RGB_MB_page_14.png,0.48122167587280273
focus_only_topk@k=5,blur,1.2,1.0,0.690300703048706,pbs,/home/dineth/focus_measure/datasets/New folder/bma pbf tfa/pbs_imgs/FieldPos280_Cam01_RGB_MB/FieldPos280_Cam01_RGB_MB_page_14.png,0.690300703048706
focus_only_topk@k=5,noise,0.01,1.0,0.7938830852508545,pbs,/home/dineth/focus_measure/datasets/New folder/bma pbf tfa/pbs_imgs/FieldPos280_Cam01_RGB_MB/FieldPos280_Cam01_RGB_MB_page_14.png,0.7938830852508545
focus_only_topk@k=5,noise,0.02,0.6666666666666666,0.5431597232818604,pbs,/home/dineth/focus_measure/datasets/New folder/bma pbf tfa/pbs_imgs/FieldPos280_Cam01_RGB_MB/FieldPos280_Cam01_RGB_MB_page_14.png,0.5431597232818604
focus_only_topk@k=5,brightness,0.05,1.0,0.19616174697875977,pbs,/home/dineth/focus_measure/datasets/New folder/bma pbf tfa/pbs_imgs/FieldPos280_Cam01_RGB_MB/FieldPos280_Cam01_RGB_MB_page_14.png,0.19616174697875977
focus_only_topk@k=5,brightness,-0.05,0.6666666666666666,0.15633440017700195,pbs,/home/dineth/focus_measure/datasets/New folder/bma pbf tfa/pbs_imgs/FieldPos280_Cam01_RGB_MB/FieldPos280_Cam01_RGB_MB_page_14.png,0.15633440017700195
focus_only_topk@k=5,contrast,0.9,1.0,0.19641590118408203,pbs,/home/dineth/focus_measure/datasets/New folder/bma pbf tfa/pbs_imgs/FieldPos280_Cam01_RGB_MB/FieldPos280_Cam01_RGB_MB_page_14.png,0.19641590118408203
focus_only_topk@k=5,contrast,1.1,0.6666666666666666,0.15656566619873047,pbs,/home/dineth/focus_measure/datasets/New folder/bma pbf tfa/pbs_imgs/FieldPos280_Cam01_RGB_MB/FieldPos280_Cam01_RGB_MB_page_14.png,0.15656566619873047
focus_only_topk@k=7,blur,0.8,1.0,0.581416130065918,pbs,/home/dineth/focus_measure/datasets/New folder/bma pbf tfa/pbs_imgs/FieldPos280_Cam01_RGB_MB/FieldPos280_Cam01_RGB_MB_page_14.png,0.581416130065918
focus_only_topk@k=7,blur,1.2,0.75,0.7159192562103271,pbs,/home/dineth/focus_measure/datasets/New folder/bma pbf tfa/pbs_imgs/FieldPos280_Cam01_RGB_MB/FieldPos280_Cam01_RGB_MB_page_14.png,0.7159192562103271
focus_only_topk@k=7,noise,0.01,1.0,0.6045088768005371,pbs,/home/dineth/focus_measure/datasets/New folder/bma pbf tfa/pbs_imgs/FieldPos280_Cam01_RGB_MB/FieldPos280_Cam01_RGB_MB_page_14.png,0.6045088768005371
focus_only_topk@k=7,noise,0.02,0.75,0.4054908752441406,pbs,/home/dineth/focus_measure/datasets/New folder/bma pbf tfa/pbs_imgs/FieldPos280_Cam01_RGB_MB/FieldPos280_Cam01_RGB_MB_page_14.png,0.4054908752441406
focus_only_topk@k=7,brightness,0.05,1.0,0.2566380500793457,pbs,/home/dineth/focus_measure/datasets/New folder/bma pbf tfa/pbs_imgs/FieldPos280_Cam01_RGB_MB/FieldPos280_Cam01_RGB_MB_page_14.png,0.2566380500793457
focus_only_topk@k=7,brightness,-0.05,0.75,0.24608516693115234,pbs,/home/dineth/focus_measure/datasets/New folder/bma pbf tfa/pbs_imgs/FieldPos280_Cam01_RGB_MB/FieldPos280_Cam01_RGB_MB_page_14.png,0.24608516693115234
focus_only_topk@k=7,contrast,0.9,1.0,0.2570366859436035,pbs,/home/dineth/focus_measure/datasets/New folder/bma pbf tfa/pbs_imgs/FieldPos280_Cam01_RGB_MB/FieldPos280_Cam01_RGB_MB_page_14.png,0.2570366859436035
focus_only_topk@k=7,contrast,1.1,1.0,0.2567601203918457,pbs,/home/dineth/focus_measure/datasets/New folder/bma pbf tfa/pbs_imgs/FieldPos280_Cam01_RGB_MB/FieldPos280_Cam01_RGB_MB_page_14.png,0.2567601203918457
occupancy_only_topk@k=1,blur,0.8,1.0,0.28287410736083984,pbs,/home/dineth/focus_measure/datasets/New folder/bma pbf tfa/pbs_imgs/FieldPos280_Cam01_RGB_MB/FieldPos280_Cam01_RGB_MB_page_14.png,0.28287410736083984
occupancy_only_topk@k=1,blur,1.2,1.0,0.690549373626709,pbs,/home/dineth/focus_measure/datasets/New folder/bma pbf tfa/pbs_imgs/FieldPos280_Cam01_RGB_MB/FieldPos280_Cam01_RGB_MB_page_14.png,0.690549373626709
occupancy_only_topk@k=1,noise,0.01,0.0,-0.2597923278808594,pbs,/home/dineth/focus_measure/datasets/New folder/bma pbf tfa/pbs_imgs/FieldPos280_Cam01_RGB_MB/FieldPos280_Cam01_RGB_MB_page_14.png,-0.2597923278808594
occupancy_only_topk@k=1,noise,0.02,0.0,-0.2024369239807129,pbs,/home/dineth/focus_measure/datasets/New folder/bma pbf tfa/pbs_imgs/FieldPos280_Cam01_RGB_MB/FieldPos280_Cam01_RGB_MB_page_14.png,-0.2024369239807129
occupancy_only_topk@k=1,brightness,0.05,1.0,0.47926783561706543,pbs,/home/dineth/focus_measure/datasets/New folder/bma pbf tfa/pbs_imgs/FieldPos280_Cam01_RGB_MB/FieldPos280_Cam01_RGB_MB_page_14.png,0.47926783561706543
occupancy_only_topk@k=1,brightness,-0.05,0.0,-0.0452122688293457,pbs,/home/dineth/focus_measure/datasets/New folder/bma pbf tfa/pbs_imgs/FieldPos280_Cam01_RGB_MB/FieldPos280_Cam01_RGB_MB_page_14.png,-0.0452122688293457
occupancy_only_topk@k=1,contrast,0.9,1.0,0.47900986671447754,pbs,/home/dineth/focus_measure/datasets/New folder/bma pbf tfa/pbs_imgs/FieldPos280_Cam01_RGB_MB/FieldPos280_Cam01_RGB_MB_page_14.png,0.47900986671447754
occupancy_only_topk@k=1,contrast,1.1,1.0,0.4792027473449707,pbs,/home/dineth/focus_measure/datasets/New folder/bma pbf tfa/pbs_imgs/FieldPos280_Cam01_RGB_MB/FieldPos280_Cam01_RGB_MB_page_14.png,0.4792027473449707
occupancy_only_topk@k=3,blur,0.8,0.5,0.0303192138671875,pbs,/home/dineth/focus_measure/datasets/New folder/bma pbf tfa/pbs_imgs/FieldPos280_Cam01_RGB_MB/FieldPos280_Cam01_RGB_MB_page_14.png,0.0303192138671875
occupancy_only_topk@k=3,blur,1.2,0.5,0.26740407943725586,pbs,/home/dineth/focus_measure/datasets/New folder/bma pbf tfa/pbs_imgs/FieldPos280_Cam01_RGB_MB/FieldPos280_Cam01_RGB_MB_page_14.png,0.26740407943725586
occupancy_only_topk@k=3,noise,0.01,0.5,0.6224007606506348,pbs,/home/dineth/focus_measure/datasets/New folder/bma pbf tfa/pbs_imgs/FieldPos280_Cam01_RGB_MB/FieldPos280_Cam01_RGB_MB_page_14.png,0.6224007606506348
occupancy_only_topk@k=3,noise,0.02,0.2,0.4230070114135742,pbs,/home/dineth/focus_measure/datasets/New folder/bma pbf tfa/pbs_imgs/FieldPos280_Cam01_RGB_MB/FieldPos280_Cam01_RGB_MB_page_14.png,0.4230070114135742
occupancy_only_topk@k=3,brightness,0.05,0.2,0.45690488815307617,pbs,/home/dineth/focus_measure/datasets/New folder/bma pbf tfa/pbs_imgs/FieldPos280_Cam01_RGB_MB/FieldPos280_Cam01_RGB_MB_page_14.png,0.45690488815307617
occupancy_only_topk@k=3,brightness,-0.05,0.5,0.4174962043762207,pbs,/home/dineth/focus_measure/datasets/New folder/bma pbf tfa/pbs_imgs/FieldPos280_Cam01_RGB_MB/FieldPos280_Cam01_RGB_MB_page_14.png,0.4174962043762207
occupancy_only_topk@k=3,contrast,0.9,0.5,0.45725297927856445,pbs,/home/dineth/focus_measure/datasets/New folder/bma pbf tfa/pbs_imgs/FieldPos280_Cam01_RGB_MB/FieldPos280_Cam01_RGB_MB_page_14.png,0.45725297927856445
occupancy_only_topk@k=3,contrast,1.1,0.5,0.41762542724609375,pbs,/home/dineth/focus_measure/datasets/New folder/bma pbf tfa/pbs_imgs/FieldPos280_Cam01_RGB_MB/FieldPos280_Cam01_RGB_MB_page_14.png,0.41762542724609375
occupancy_only_topk@k=5,blur,0.8,0.6666666666666666,0.16719532012939453,pbs,/home/dineth/focus_measure/datasets/New folder/bma pbf tfa/pbs_imgs/FieldPos280_Cam01_RGB_MB/FieldPos280_Cam01_RGB_MB_page_14.png,0.16719532012939453
occupancy_only_topk@k=5,blur,1.2,0.6666666666666666,0.47219300270080566,pbs,/home/dineth/focus_measure/datasets/New folder/bma pbf tfa/pbs_imgs/FieldPos280_Cam01_RGB_MB/FieldPos280_Cam01_RGB_MB_page_14.png,0.47219300270080566
occupancy_only_topk@k=5,noise,0.01,0.6666666666666666,0.4201030731201172,pbs,/home/dineth/focus_measure/datasets/New folder/bma pbf tfa/pbs_imgs/FieldPos280_Cam01_RGB_MB/FieldPos280_Cam01_RGB_MB_page_14.png,0.4201030731201172
occupancy_only_topk@k=5,noise,0.02,0.25,0.19422626495361328,pbs,/home/dineth/focus_measure/datasets/New folder/bma pbf tfa/pbs_imgs/FieldPos280_Cam01_RGB_MB/FieldPos280_Cam01_RGB_MB_page_14.png,0.19422626495361328
occupancy_only_topk@k=5,brightness,0.05,0.42857142857142855,0.20585298538208008,pbs,/home/dineth/focus_measure/datasets/New folder/bma pbf tfa/pbs_imgs/FieldPos280_Cam01_RGB_MB/FieldPos280_Cam01_RGB_MB_page_14.png,0.20585298538208008
occupancy_only_topk@k=5,brightness,-0.05,1.0,0.2058887481689453,pbs,/home/dineth/focus_measure/datasets/New folder/bma pbf tfa/pbs_imgs/FieldPos280_Cam01_RGB_MB/FieldPos280_Cam01_RGB_MB_page_14.png,0.2058887481689453
occupancy_only_topk@k=5,contrast,0.9,0.6666666666666666,0.2058582305908203,pbs,/home/dineth/focus_measure/datasets/New folder/bma pbf tfa/pbs_imgs/FieldPos280_Cam01_RGB_MB/FieldPos280_Cam01_RGB_MB_page_14.png,0.2058582305908203
occupancy_only_topk@k=5,contrast,1.1,0.6666666666666666,0.11022758483886719,pbs,/home/dineth/focus_measure/datasets/New folder/bma pbf tfa/pbs_imgs/FieldPos280_Cam01_RGB_MB/FieldPos280_Cam01_RGB_MB_page_14.png,0.11022758483886719
occupancy_only_topk@k=7,blur,0.8,1.0,0.48122167587280273,pbs,/home/dineth/focus_measure/datasets/New folder/bma pbf tfa/pbs_imgs/FieldPos280_Cam01_RGB_MB/FieldPos280_Cam01_RGB_MB_page_14.png,0.48122167587280273
occupancy_only_topk@k=7,blur,1.2,1.0,0.690300703048706,pbs,/home/dineth/focus_measure/datasets/New folder/bma pbf tfa/pbs_imgs/FieldPos280_Cam01_RGB_MB/FieldPos280_Cam01_RGB_MB_page_14.png,0.690300703048706
occupancy_only_topk@k=7,noise,0.01,0.75,0.5043144226074219,pbs,/home/dineth/focus_measure/datasets/New folder/bma pbf tfa/pbs_imgs/FieldPos280_Cam01_RGB_MB/FieldPos280_Cam01_RGB_MB_page_14.png,0.5043144226074219
occupancy_only_topk@k=7,noise,0.02,0.4,0.32968568801879883,pbs,/home/dineth/focus_measure/datasets/New folder/bma pbf tfa/pbs_imgs/FieldPos280_Cam01_RGB_MB/FieldPos280_Cam01_RGB_MB_page_14.png,0.32968568801879883
occupancy_only_topk@k=7,brightness,0.05,0.75,0.19616174697875977,pbs,/home/dineth/focus_measure/datasets/New folder/bma pbf tfa/pbs_imgs/FieldPos280_Cam01_RGB_MB/FieldPos280_Cam01_RGB_MB_page_14.png,0.19616174697875977
occupancy_only_topk@k=7,brightness,-0.05,0.5555555555555556,0.1458907127380371,pbs,/home/dineth/focus_measure/datasets/New folder/bma pbf tfa/pbs_imgs/FieldPos280_Cam01_RGB_MB/FieldPos280_Cam01_RGB_MB_page_14.png,0.1458907127380371
occupancy_only_topk@k=7,contrast,0.9,1.0,0.3143935203552246,pbs,/home/dineth/focus_measure/datasets/New folder/bma pbf tfa/pbs_imgs/FieldPos280_Cam01_RGB_MB/FieldPos280_Cam01_RGB_MB_page_14.png,0.3143935203552246
occupancy_only_topk@k=7,contrast,1.1,1.0,0.3145289421081543,pbs,/home/dineth/focus_measure/datasets/New folder/bma pbf tfa/pbs_imgs/FieldPos280_Cam01_RGB_MB/FieldPos280_Cam01_RGB_MB_page_14.png,0.3145289421081543
hybrid_proposed,blur,0.8,0.75,0.46146106719970703,pbs,/home/dineth/focus_measure/datasets/New folder/bma pbf tfa/pbs_imgs/FieldPos280_Cam01_RGB_MB/FieldPos280_Cam01_RGB_MB_page_14.png,0.46146106719970703
hybrid_proposed,blur,1.2,0.75,0.687324047088623,pbs,/home/dineth/focus_measure/datasets/New folder/bma pbf tfa/pbs_imgs/FieldPos280_Cam01_RGB_MB/FieldPos280_Cam01_RGB_MB_page_14.png,0.687324047088623
hybrid_proposed,noise,0.01,0.8983050847457628,0.26701927185058594,pbs,/home/dineth/focus_measure/datasets/New folder/bma pbf tfa/pbs_imgs/FieldPos280_Cam01_RGB_MB/FieldPos280_Cam01_RGB_MB_page_14.png,0.26701927185058594
hybrid_proposed,noise,0.02,0.7230769230769231,0.4237327575683594,pbs,/home/dineth/focus_measure/datasets/New folder/bma pbf tfa/pbs_imgs/FieldPos280_Cam01_RGB_MB/FieldPos280_Cam01_RGB_MB_page_14.png,0.4237327575683594
hybrid_proposed,brightness,0.05,0.9649122807017544,0.1927332878112793,pbs,/home/dineth/focus_measure/datasets/New folder/bma pbf tfa/pbs_imgs/FieldPos280_Cam01_RGB_MB/FieldPos280_Cam01_RGB_MB_page_14.png,0.1927332878112793
hybrid_proposed,brightness,-0.05,0.8983050847457628,0.13872957229614258,pbs,/home/dineth/focus_measure/datasets/New folder/bma pbf tfa/pbs_imgs/FieldPos280_Cam01_RGB_MB/FieldPos280_Cam01_RGB_MB_page_14.png,0.13872957229614258
hybrid_proposed,contrast,0.9,0.7777777777777778,0.13161993026733398,pbs,/home/dineth/focus_measure/datasets/New folder/bma pbf tfa/pbs_imgs/FieldPos280_Cam01_RGB_MB/FieldPos280_Cam01_RGB_MB_page_14.png,0.13161993026733398
hybrid_proposed,contrast,1.1,0.8360655737704918,0.14458274841308594,pbs,/home/dineth/focus_measure/datasets/New folder/bma pbf tfa/pbs_imgs/FieldPos280_Cam01_RGB_MB/FieldPos280_Cam01_RGB_MB_page_14.png,0.14458274841308594
all_rois,blur,0.8,1.0,0.5316827297210693,pbs,/home/dineth/focus_measure/datasets/New folder/bma pbf tfa/pbs_imgs/FieldPos280_Cam01_RGB_MB/FieldPos280_Cam01_RGB_MB_page_14.png,0.5316827297210693
all_rois,blur,1.2,1.0,0.780442476272583,pbs,/home/dineth/focus_measure/datasets/New folder/bma pbf tfa/pbs_imgs/FieldPos280_Cam01_RGB_MB/FieldPos280_Cam01_RGB_MB_page_14.png,0.780442476272583
all_rois,noise,0.01,1.0,0.2563290596008301,pbs,/home/dineth/focus_measure/datasets/New folder/bma pbf tfa/pbs_imgs/FieldPos280_Cam01_RGB_MB/FieldPos280_Cam01_RGB_MB_page_14.png,0.2563290596008301
all_rois,noise,0.02,1.0,0.4843900203704834,pbs,/home/dineth/focus_measure/datasets/New folder/bma pbf tfa/pbs_imgs/FieldPos280_Cam01_RGB_MB/FieldPos280_Cam01_RGB_MB_page_14.png,0.4843900203704834
all_rois,brightness,0.05,1.0,0.1855330467224121,pbs,/home/dineth/focus_measure/datasets/New folder/bma pbf tfa/pbs_imgs/FieldPos280_Cam01_RGB_MB/FieldPos280_Cam01_RGB_MB_page_14.png,0.1855330467224121
all_rois,brightness,-0.05,1.0,0.1857771873474121,pbs,/home/dineth/focus_measure/datasets/New folder/bma pbf tfa/pbs_imgs/FieldPos280_Cam01_RGB_MB/FieldPos280_Cam01_RGB_MB_page_14.png,0.1857771873474121
all_rois,contrast,0.9,1.0,0.18578386306762695,pbs,/home/dineth/focus_measure/datasets/New folder/bma pbf tfa/pbs_imgs/FieldPos280_Cam01_RGB_MB/FieldPos280_Cam01_RGB_MB_page_14.png,0.18578386306762695
all_rois,contrast,1.1,1.0,0.1856689453125,pbs,/home/dineth/focus_measure/datasets/New folder/bma pbf tfa/pbs_imgs/FieldPos280_Cam01_RGB_MB/FieldPos280_Cam01_RGB_MB_page_14.png,0.1856689453125
cnn_adaptive,blur,0.8,0.75,0.46146106719970703,pbs,/home/dineth/focus_measure/datasets/New folder/bma pbf tfa/pbs_imgs/FieldPos280_Cam01_RGB_MB/FieldPos280_Cam01_RGB_MB_page_14.png,0.46146106719970703
cnn_adaptive,blur,1.2,0.75,0.687324047088623,pbs,/home/dineth/focus_measure/datasets/New folder/bma pbf tfa/pbs_imgs/FieldPos280_Cam01_RGB_MB/FieldPos280_Cam01_RGB_MB_page_14.png,0.687324047088623
cnn_adaptive,noise,0.01,0.8983050847457628,0.26701927185058594,pbs,/home/dineth/focus_measure/datasets/New folder/bma pbf tfa/pbs_imgs/FieldPos280_Cam01_RGB_MB/FieldPos280_Cam01_RGB_MB_page_14.png,0.26701927185058594
cnn_adaptive,noise,0.02,0.7230769230769231,0.4237327575683594,pbs,/home/dineth/focus_measure/datasets/New folder/bma pbf tfa/pbs_imgs/FieldPos280_Cam01_RGB_MB/FieldPos280_Cam01_RGB_MB_page_14.png,0.4237327575683594
cnn_adaptive,brightness,0.05,0.9649122807017544,0.1927332878112793,pbs,/home/dineth/focus_measure/datasets/New folder/bma pbf tfa/pbs_imgs/FieldPos280_Cam01_RGB_MB/FieldPos280_Cam01_RGB_MB_page_14.png,0.1927332878112793
cnn_adaptive,brightness,-0.05,0.8983050847457628,0.13872957229614258,pbs,/home/dineth/focus_measure/datasets/New folder/bma pbf tfa/pbs_imgs/FieldPos280_Cam01_RGB_MB/FieldPos280_Cam01_RGB_MB_page_14.png,0.13872957229614258
cnn_adaptive,contrast,0.9,0.7777777777777778,0.13161993026733398,pbs,/home/dineth/focus_measure/datasets/New folder/bma pbf tfa/pbs_imgs/FieldPos280_Cam01_RGB_MB/FieldPos280_Cam01_RGB_MB_page_14.png,0.13161993026733398
cnn_adaptive,contrast,1.1,0.8360655737704918,0.14458274841308594,pbs,/home/dineth/focus_measure/datasets/New folder/bma pbf tfa/pbs_imgs/FieldPos280_Cam01_RGB_MB/FieldPos280_Cam01_RGB_MB_page_14.png,0.14458274841308594
center_top1,blur,0.8,1.0,0.019808292388916016,pbs,/home/dineth/focus_measure/datasets/New folder/bma pbf tfa/pbs_imgs/FieldPos302_Cam01_RGB_MB/FieldPos302_Cam01_RGB_MB_page_11.png,0.019808292388916016
center_top1,blur,1.2,1.0,0.07072848081588745,pbs,/home/dineth/focus_measure/datasets/New folder/bma pbf tfa/pbs_imgs/FieldPos302_Cam01_RGB_MB/FieldPos302_Cam01_RGB_MB_page_11.png,0.07072848081588745
center_top1,noise,0.01,1.0,0.08854329586029053,pbs,/home/dineth/focus_measure/datasets/New folder/bma pbf tfa/pbs_imgs/FieldPos302_Cam01_RGB_MB/FieldPos302_Cam01_RGB_MB_page_11.png,0.08854329586029053
center_top1,noise,0.02,1.0,0.8018538951873779,pbs,/home/dineth/focus_measure/datasets/New folder/bma pbf tfa/pbs_imgs/FieldPos302_Cam01_RGB_MB/FieldPos302_Cam01_RGB_MB_page_11.png,0.8018538951873779
center_top1,brightness,0.05,1.0,0.00587993860244751,pbs,/home/dineth/focus_measure/datasets/New folder/bma pbf tfa/pbs_imgs/FieldPos302_Cam01_RGB_MB/FieldPos302_Cam01_RGB_MB_page_11.png,0.00587993860244751
center_top1,brightness,-0.05,1.0,0.005900979042053223,pbs,/home/dineth/focus_measure/datasets/New folder/bma pbf tfa/pbs_imgs/FieldPos302_Cam01_RGB_MB/FieldPos302_Cam01_RGB_MB_page_11.png,0.005900979042053223
center_top1,contrast,0.9,1.0,0.0059548020362854,pbs,/home/dineth/focus_measure/datasets/New folder/bma pbf tfa/pbs_imgs/FieldPos302_Cam01_RGB_MB/FieldPos302_Cam01_RGB_MB_page_11.png,0.0059548020362854
center_top1,contrast,1.1,1.0,0.00592881441116333,pbs,/home/dineth/focus_measure/datasets/New folder/bma pbf tfa/pbs_imgs/FieldPos302_Cam01_RGB_MB/FieldPos302_Cam01_RGB_MB_page_11.png,0.00592881441116333
random_k@k=1,blur,0.8,1.0,-0.02670004963874817,pbs,/home/dineth/focus_measure/datasets/New folder/bma pbf tfa/pbs_imgs/FieldPos302_Cam01_RGB_MB/FieldPos302_Cam01_RGB_MB_page_11.png,-0.02670004963874817
random_k@k=1,blur,1.2,1.0,-0.05070120096206665,pbs,/home/dineth/focus_measure/datasets/New folder/bma pbf tfa/pbs_imgs/FieldPos302_Cam01_RGB_MB/FieldPos302_Cam01_RGB_MB_page_11.png,-0.05070120096206665
random_k@k=1,noise,0.01,1.0,-0.023291021585464478,pbs,/home/dineth/focus_measure/datasets/New folder/bma pbf tfa/pbs_imgs/FieldPos302_Cam01_RGB_MB/FieldPos302_Cam01_RGB_MB_page_11.png,-0.023291021585464478
random_k@k=1,noise,0.02,1.0,0.37215012311935425,pbs,/home/dineth/focus_measure/datasets/New folder/bma pbf tfa/pbs_imgs/FieldPos302_Cam01_RGB_MB/FieldPos302_Cam01_RGB_MB_page_11.png,0.37215012311935425
random_k@k=1,brightness,0.05,1.0,-0.021062761545181274,pbs,/home/dineth/focus_measure/datasets/New folder/bma pbf tfa/pbs_imgs/FieldPos302_Cam01_RGB_MB/FieldPos302_Cam01_RGB_MB_page_11.png,-0.021062761545181274
random_k@k=1,brightness,-0.05,1.0,-0.021174132823944092,pbs,/home/dineth/focus_measure/datasets/New folder/bma pbf tfa/pbs_imgs/FieldPos302_Cam01_RGB_MB/FieldPos302_Cam01_RGB_MB_page_11.png,-0.021174132823944092
random_k@k=1,contrast,0.9,1.0,-0.021124571561813354,pbs,/home/dineth/focus_measure/datasets/New folder/bma pbf tfa/pbs_imgs/FieldPos302_Cam01_RGB_MB/FieldPos302_Cam01_RGB_MB_page_11.png,-0.021124571561813354
random_k@k=1,contrast,1.1,1.0,-0.021167874336242676,pbs,/home/dineth/focus_measure/datasets/New folder/bma pbf tfa/pbs_imgs/FieldPos302_Cam01_RGB_MB/FieldPos302_Cam01_RGB_MB_page_11.png,-0.021167874336242676
random_k@k=3,blur,0.8,1.0,0.02259725332260132,pbs,/home/dineth/focus_measure/datasets/New folder/bma pbf tfa/pbs_imgs/FieldPos302_Cam01_RGB_MB/FieldPos302_Cam01_RGB_MB_page_11.png,0.02259725332260132
random_k@k=3,blur,1.2,1.0,-0.0012293756008148193,pbs,/home/dineth/focus_measure/datasets/New folder/bma pbf tfa/pbs_imgs/FieldPos302_Cam01_RGB_MB/FieldPos302_Cam01_RGB_MB_page_11.png,-0.0012293756008148193
random_k@k=3,noise,0.01,1.0,0.020748227834701538,pbs,/home/dineth/focus_measure/datasets/New folder/bma pbf tfa/pbs_imgs/FieldPos302_Cam01_RGB_MB/FieldPos302_Cam01_RGB_MB_page_11.png,0.020748227834701538
random_k@k=3,noise,0.02,1.0,0.7527276575565338,pbs,/home/dineth/focus_measure/datasets/New folder/bma pbf tfa/pbs_imgs/FieldPos302_Cam01_RGB_MB/FieldPos302_Cam01_RGB_MB_page_11.png,0.7527276575565338
random_k@k=3,brightness,0.05,1.0,0.02832832932472229,pbs,/home/dineth/focus_measure/datasets/New folder/bma pbf tfa/pbs_imgs/FieldPos302_Cam01_RGB_MB/FieldPos302_Cam01_RGB_MB_page_11.png,0.02832832932472229
random_k@k=3,brightness,-0.05,1.0,0.028314143419265747,pbs,/home/dineth/focus_measure/datasets/New folder/bma pbf tfa/pbs_imgs/FieldPos302_Cam01_RGB_MB/FieldPos302_Cam01_RGB_MB_page_11.png,0.028314143419265747
random_k@k=3,contrast,0.9,1.0,0.028370320796966553,pbs,/home/dineth/focus_measure/datasets/New folder/bma pbf tfa/pbs_imgs/FieldPos302_Cam01_RGB_MB/FieldPos302_Cam01_RGB_MB_page_11.png,0.028370320796966553
random_k@k=3,contrast,1.1,1.0,0.028328031301498413,pbs,/home/dineth/focus_measure/datasets/New folder/bma pbf tfa/pbs_imgs/FieldPos302_Cam01_RGB_MB/FieldPos302_Cam01_RGB_MB_page_11.png,0.028328031301498413
random_k@k=5,blur,0.8,1.0,0.06741783022880554,pbs,/home/dineth/focus_measure/datasets/New folder/bma pbf tfa/pbs_imgs/FieldPos302_Cam01_RGB_MB/FieldPos302_Cam01_RGB_MB_page_11.png,0.06741783022880554
random_k@k=5,blur,1.2,1.0,0.03588908910751343,pbs,/home/dineth/focus_measure/datasets/New folder/bma pbf tfa/pbs_imgs/FieldPos302_Cam01_RGB_MB/FieldPos302_Cam01_RGB_MB_page_11.png,0.03588908910751343
random_k@k=5,noise,0.01,1.0,0.10173732042312622,pbs,/home/dineth/focus_measure/datasets/New folder/bma pbf tfa/pbs_imgs/FieldPos302_Cam01_RGB_MB/FieldPos302_Cam01_RGB_MB_page_11.png,0.10173732042312622
random_k@k=5,noise,0.02,1.0,0.8077167272567749,pbs,/home/dineth/focus_measure/datasets/New folder/bma pbf tfa/pbs_imgs/FieldPos302_Cam01_RGB_MB/FieldPos302_Cam01_RGB_MB_page_11.png,0.8077167272567749
random_k@k=5,brightness,0.05,1.0,0.027942687273025513,pbs,/home/dineth/focus_measure/datasets/New folder/bma pbf tfa/pbs_imgs/FieldPos302_Cam01_RGB_MB/FieldPos302_Cam01_RGB_MB_page_11.png,0.027942687273025513
random_k@k=5,brightness,-0.05,1.0,0.02792668342590332,pbs,/home/dineth/focus_measure/datasets/New folder/bma pbf tfa/pbs_imgs/FieldPos302_Cam01_RGB_MB/FieldPos302_Cam01_RGB_MB_page_11.png,0.02792668342590332
random_k@k=5,contrast,0.9,1.0,0.02779671549797058,pbs,/home/dineth/focus_measure/datasets/New folder/bma pbf tfa/pbs_imgs/FieldPos302_Cam01_RGB_MB/FieldPos302_Cam01_RGB_MB_page_11.png,0.02779671549797058
random_k@k=5,contrast,1.1,1.0,0.027843177318572998,pbs,/home/dineth/focus_measure/datasets/New folder/bma pbf tfa/pbs_imgs/FieldPos302_Cam01_RGB_MB/FieldPos302_Cam01_RGB_MB_page_11.png,0.027843177318572998
random_k@k=7,blur,0.8,1.0,-0.00934290885925293,pbs,/home/dineth/focus_measure/datasets/New folder/bma pbf tfa/pbs_imgs/FieldPos302_Cam01_RGB_MB/FieldPos302_Cam01_RGB_MB_page_11.png,-0.00934290885925293
random_k@k=7,blur,1.2,1.0,-0.01193380355834961,pbs,/home/dineth/focus_measure/datasets/New folder/bma pbf tfa/pbs_imgs/FieldPos302_Cam01_RGB_MB/FieldPos302_Cam01_RGB_MB_page_11.png,-0.01193380355834961
random_k@k=7,noise,0.01,1.0,-0.03143280744552612,pbs,/home/dineth/focus_measure/datasets/New folder/bma pbf tfa/pbs_imgs/FieldPos302_Cam01_RGB_MB/FieldPos302_Cam01_RGB_MB_page_11.png,-0.03143280744552612
random_k@k=7,noise,0.02,1.0,0.7598938345909119,pbs,/home/dineth/focus_measure/datasets/New folder/bma pbf tfa/pbs_imgs/FieldPos302_Cam01_RGB_MB/FieldPos302_Cam01_RGB_MB_page_11.png,0.7598938345909119
random_k@k=7,brightness,0.05,1.0,-0.019880205392837524,pbs,/home/dineth/focus_measure/datasets/New folder/bma pbf tfa/pbs_imgs/FieldPos302_Cam01_RGB_MB/FieldPos302_Cam01_RGB_MB_page_11.png,-0.019880205392837524
random_k@k=7,brightness,-0.05,1.0,-0.019896209239959717,pbs,/home/dineth/focus_measure/datasets/New folder/bma pbf tfa/pbs_imgs/FieldPos302_Cam01_RGB_MB/FieldPos302_Cam01_RGB_MB_page_11.png,-0.019896209239959717
random_k@k=7,contrast,0.9,1.0,-0.020026177167892456,pbs,/home/dineth/focus_measure/datasets/New folder/bma pbf tfa/pbs_imgs/FieldPos302_Cam01_RGB_MB/FieldPos302_Cam01_RGB_MB_page_11.png,-0.020026177167892456
random_k@k=7,contrast,1.1,1.0,-0.01997971534729004,pbs,/home/dineth/focus_measure/datasets/New folder/bma pbf tfa/pbs_imgs/FieldPos302_Cam01_RGB_MB/FieldPos302_Cam01_RGB_MB_page_11.png,-0.01997971534729004
focus_only_topk@k=1,blur,0.8,1.0,-0.01978975534439087,pbs,/home/dineth/focus_measure/datasets/New folder/bma pbf tfa/pbs_imgs/FieldPos302_Cam01_RGB_MB/FieldPos302_Cam01_RGB_MB_page_11.png,-0.01978975534439087
focus_only_topk@k=1,blur,1.2,1.0,-0.002781510353088379,pbs,/home/dineth/focus_measure/datasets/New folder/bma pbf tfa/pbs_imgs/FieldPos302_Cam01_RGB_MB/FieldPos302_Cam01_RGB_MB_page_11.png,-0.002781510353088379
focus_only_topk@k=1,noise,0.01,1.0,0.02549922466278076,pbs,/home/dineth/focus_measure/datasets/New folder/bma pbf tfa/pbs_imgs/FieldPos302_Cam01_RGB_MB/FieldPos302_Cam01_RGB_MB_page_11.png,0.02549922466278076
focus_only_topk@k=1,noise,0.02,1.0,0.13250404596328735,pbs,/home/dineth/focus_measure/datasets/New folder/bma pbf tfa/pbs_imgs/FieldPos302_Cam01_RGB_MB/FieldPos302_Cam01_RGB_MB_page_11.png,0.13250404596328735
focus_only_topk@k=1,brightness,0.05,1.0,-0.007605612277984619,pbs,/home/dineth/focus_measure/datasets/New folder/bma pbf tfa/pbs_imgs/FieldPos302_Cam01_RGB_MB/FieldPos302_Cam01_RGB_MB_page_11.png,-0.007605612277984619
focus_only_topk@k=1,brightness,-0.05,1.0,-0.007554352283477783,pbs,/home/dineth/focus_measure/datasets/New folder/bma pbf tfa/pbs_imgs/FieldPos302_Cam01_RGB_MB/FieldPos302_Cam01_RGB_MB_page_11.png,-0.007554352283477783
focus_only_topk@k=1,contrast,0.9,1.0,-0.007547616958618164,pbs,/home/dineth/focus_measure/datasets/New folder/bma pbf tfa/pbs_imgs/FieldPos302_Cam01_RGB_MB/FieldPos302_Cam01_RGB_MB_page_11.png,-0.007547616958618164
focus_only_topk@k=1,contrast,1.1,1.0,-0.007603883743286133,pbs,/home/dineth/focus_measure/datasets/New folder/bma pbf tfa/pbs_imgs/FieldPos302_Cam01_RGB_MB/FieldPos302_Cam01_RGB_MB_page_11.png,-0.007603883743286133
focus_only_topk@k=3,blur,0.8,1.0,-0.019666671752929688,pbs,/home/dineth/focus_measure/datasets/New folder/bma pbf tfa/pbs_imgs/FieldPos302_Cam01_RGB_MB/FieldPos302_Cam01_RGB_MB_page_11.png,-0.019666671752929688
focus_only_topk@k=3,blur,1.2,1.0,-0.0026813745498657227,pbs,/home/dineth/focus_measure/datasets/New folder/bma pbf tfa/pbs_imgs/FieldPos302_Cam01_RGB_MB/FieldPos302_Cam01_RGB_MB_page_11.png,-0.0026813745498657227
focus_only_topk@k=3,noise,0.01,1.0,0.025555133819580078,pbs,/home/dineth/focus_measure/datasets/New folder/bma pbf tfa/pbs_imgs/FieldPos302_Cam01_RGB_MB/FieldPos302_Cam01_RGB_MB_page_11.png,0.025555133819580078
focus_only_topk@k=3,noise,0.02,1.0,0.13249796628952026,pbs,/home/dineth/focus_measure/datasets/New folder/bma pbf tfa/pbs_imgs/FieldPos302_Cam01_RGB_MB/FieldPos302_Cam01_RGB_MB_page_11.png,0.13249796628952026
focus_only_topk@k=3,brightness,0.05,1.0,-0.007513284683227539,pbs,/home/dineth/focus_measure/datasets/New folder/bma pbf tfa/pbs_imgs/FieldPos302_Cam01_RGB_MB/FieldPos302_Cam01_RGB_MB_page_11.png,-0.007513284683227539
focus_only_topk@k=3,brightness,-0.05,0.5,-0.0340690016746521,pbs,/home/dineth/focus_measure/datasets/New folder/bma pbf tfa/pbs_imgs/FieldPos302_Cam01_RGB_MB/FieldPos302_Cam01_RGB_MB_page_11.png,-0.0340690016746521
focus_only_topk@k=3,contrast,0.9,1.0,-0.007490277290344238,pbs,/home/dineth/focus_measure/datasets/New folder/bma pbf tfa/pbs_imgs/FieldPos302_Cam01_RGB_MB/FieldPos302_Cam01_RGB_MB_page_11.png,-0.007490277290344238
focus_only_topk@k=3,contrast,1.1,0.5,-0.03495144844055176,pbs,/home/dineth/focus_measure/datasets/New folder/bma pbf tfa/pbs_imgs/FieldPos302_Cam01_RGB_MB/FieldPos302_Cam01_RGB_MB_page_11.png,-0.03495144844055176
focus_only_topk@k=5,blur,0.8,1.0,-0.01240319013595581,pbs,/home/dineth/focus_measure/datasets/New folder/bma pbf tfa/pbs_imgs/FieldPos302_Cam01_RGB_MB/FieldPos302_Cam01_RGB_MB_page_11.png,-0.01240319013595581
focus_only_topk@k=5,blur,1.2,1.0,0.05134320259094238,pbs,/home/dineth/focus_measure/datasets/New folder/bma pbf tfa/pbs_imgs/FieldPos302_Cam01_RGB_MB/FieldPos302_Cam01_RGB_MB_page_11.png,0.05134320259094238
focus_only_topk@k=5,noise,0.01,1.0,0.027035236358642578,pbs,/home/dineth/focus_measure/datasets/New folder/bma pbf tfa/pbs_imgs/FieldPos302_Cam01_RGB_MB/FieldPos302_Cam01_RGB_MB_page_11.png,0.027035236358642578
focus_only_topk@k=5,noise,0.02,1.0,0.26386362314224243,pbs,/home/dineth/focus_measure/datasets/New folder/bma pbf tfa/pbs_imgs/FieldPos302_Cam01_RGB_MB/FieldPos302_Cam01_RGB_MB_page_11.png,0.26386362314224243
focus_only_topk@k=5,brightness,0.05,1.0,-0.006073117256164551,pbs,/home/dineth/focus_measure/datasets/New folder/bma pbf tfa/pbs_imgs/FieldPos302_Cam01_RGB_MB/FieldPos302_Cam01_RGB_MB_page_11.png,-0.006073117256164551
focus_only_topk@k=5,brightness,-0.05,1.0,-0.006024479866027832,pbs,/home/dineth/focus_measure/datasets/New folder/bma pbf tfa/pbs_imgs/FieldPos302_Cam01_RGB_MB/FieldPos302_Cam01_RGB_MB_page_11.png,-0.006024479866027832
focus_only_topk@k=5,contrast,0.9,1.0,-0.006015181541442871,pbs,/home/dineth/focus_measure/datasets/New folder/bma pbf tfa/pbs_imgs/FieldPos302_Cam01_RGB_MB/FieldPos302_Cam01_RGB_MB_page_11.png,-0.006015181541442871
focus_only_topk@k=5,contrast,1.1,1.0,-0.0060836076736450195,pbs,/home/dineth/focus_measure/datasets/New folder/bma pbf tfa/pbs_imgs/FieldPos302_Cam01_RGB_MB/FieldPos302_Cam01_RGB_MB_page_11.png,-0.0060836076736450195
focus_only_topk@k=7,blur,0.8,1.0,0.18524980545043945,pbs,/home/dineth/focus_measure/datasets/New folder/bma pbf tfa/pbs_imgs/FieldPos302_Cam01_RGB_MB/FieldPos302_Cam01_RGB_MB_page_11.png,0.18524980545043945
focus_only_topk@k=7,blur,1.2,1.0,0.22364288568496704,pbs,/home/dineth/focus_measure/datasets/New folder/bma pbf tfa/pbs_imgs/FieldPos302_Cam01_RGB_MB/FieldPos302_Cam01_RGB_MB_page_11.png,0.22364288568496704
focus_only_topk@k=7,noise,0.01,1.0,0.029954195022583008,pbs,/home/dineth/focus_measure/datasets/New folder/bma pbf tfa/pbs_imgs/FieldPos302_Cam01_RGB_MB/FieldPos302_Cam01_RGB_MB_page_11.png,0.029954195022583008
focus_only_topk@k=7,noise,0.02,0.75,0.26233428716659546,pbs,/home/dineth/focus_measure/datasets/New folder/bma pbf tfa/pbs_imgs/FieldPos302_Cam01_RGB_MB/FieldPos302_Cam01_RGB_MB_page_11.png,0.26233428716659546
focus_only_topk@k=7,brightness,0.05,1.0,0.16937708854675293,pbs,/home/dineth/focus_measure/datasets/New folder/bma pbf tfa/pbs_imgs/FieldPos302_Cam01_RGB_MB/FieldPos302_Cam01_RGB_MB_page_11.png,0.16937708854675293
focus_only_topk@k=7,brightness,-0.05,1.0,0.16940879821777344,pbs,/home/dineth/focus_measure/datasets/New folder/bma pbf tfa/pbs_imgs/FieldPos302_Cam01_RGB_MB/FieldPos302_Cam01_RGB_MB_page_11.png,0.16940879821777344
focus_only_topk@k=7,contrast,0.9,1.0,0.16932940483093262,pbs,/home/dineth/focus_measure/datasets/New folder/bma pbf tfa/pbs_imgs/FieldPos302_Cam01_RGB_MB/FieldPos302_Cam01_RGB_MB_page_11.png,0.16932940483093262
focus_only_topk@k=7,contrast,1.1,1.0,0.16950905323028564,pbs,/home/dineth/focus_measure/datasets/New folder/bma pbf tfa/pbs_imgs/FieldPos302_Cam01_RGB_MB/FieldPos302_Cam01_RGB_MB_page_11.png,0.16950905323028564
occupancy_only_topk@k=1,blur,0.8,1.0,,pbs,/home/dineth/focus_measure/datasets/New folder/bma pbf tfa/pbs_imgs/FieldPos302_Cam01_RGB_MB/FieldPos302_Cam01_RGB_MB_page_11.png,
occupancy_only_topk@k=1,blur,1.2,1.0,,pbs,/home/dineth/focus_measure/datasets/New folder/bma pbf tfa/pbs_imgs/FieldPos302_Cam01_RGB_MB/FieldPos302_Cam01_RGB_MB_page_11.png,
occupancy_only_topk@k=1,noise,0.01,1.0,0.018910646438598633,pbs,/home/dineth/focus_measure/datasets/New folder/bma pbf tfa/pbs_imgs/FieldPos302_Cam01_RGB_MB/FieldPos302_Cam01_RGB_MB_page_11.png,0.018910646438598633
occupancy_only_topk@k=1,noise,0.02,1.0,,pbs,/home/dineth/focus_measure/datasets/New folder/bma pbf tfa/pbs_imgs/FieldPos302_Cam01_RGB_MB/FieldPos302_Cam01_RGB_MB_page_11.png,
occupancy_only_topk@k=1,brightness,0.05,1.0,0.016281068325042725,pbs,/home/dineth/focus_measure/datasets/New folder/bma pbf tfa/pbs_imgs/FieldPos302_Cam01_RGB_MB/FieldPos302_Cam01_RGB_MB_page_11.png,0.016281068325042725
occupancy_only_topk@k=1,brightness,-0.05,1.0,0.016212046146392822,pbs,/home/dineth/focus_measure/datasets/New folder/bma pbf tfa/pbs_imgs/FieldPos302_Cam01_RGB_MB/FieldPos302_Cam01_RGB_MB_page_11.png,0.016212046146392822
occupancy_only_topk@k=1,contrast,0.9,1.0,0.016204416751861572,pbs,/home/dineth/focus_measure/datasets/New folder/bma pbf tfa/pbs_imgs/FieldPos302_Cam01_RGB_MB/FieldPos302_Cam01_RGB_MB_page_11.png,0.016204416751861572
occupancy_only_topk@k=1,contrast,1.1,1.0,0.01620030403137207,pbs,/home/dineth/focus_measure/datasets/New folder/bma pbf tfa/pbs_imgs/FieldPos302_Cam01_RGB_MB/FieldPos302_Cam01_RGB_MB_page_11.png,0.01620030403137207
occupancy_only_topk@k=3,blur,0.8,1.0,0.0240786075592041,pbs,/home/dineth/focus_measure/datasets/New folder/bma pbf tfa/pbs_imgs/FieldPos302_Cam01_RGB_MB/FieldPos302_Cam01_RGB_MB_page_11.png,0.0240786075592041
occupancy_only_topk@k=3,blur,1.2,1.0,0.08759254217147827,pbs,/home/dineth/focus_measure/datasets/New folder/bma pbf tfa/pbs_imgs/FieldPos302_Cam01_RGB_MB/FieldPos302_Cam01_RGB_MB_page_11.png,0.08759254217147827
occupancy_only_topk@k=3,noise,0.01,1.0,0.06798410415649414,pbs,/home/dineth/focus_measure/datasets/New folder/bma pbf tfa/pbs_imgs/FieldPos302_Cam01_RGB_MB/FieldPos302_Cam01_RGB_MB_page_11.png,0.06798410415649414
occupancy_only_topk@k=3,noise,0.02,1.0,0.38072359561920166,pbs,/home/dineth/focus_measure/datasets/New folder/bma pbf tfa/pbs_imgs/FieldPos302_Cam01_RGB_MB/FieldPos302_Cam01_RGB_MB_page_11.png,0.38072359561920166
occupancy_only_topk@k=3,brightness,0.05,1.0,-0.0021216273307800293,pbs,/home/dineth/focus_measure/datasets/New folder/bma pbf tfa/pbs_imgs/FieldPos302_Cam01_RGB_MB/FieldPos302_Cam01_RGB_MB_page_11.png,-0.0021216273307800293
occupancy_only_topk@k=3,brightness,-0.05,1.0,0.003914058208465576,pbs,/home/dineth/focus_measure/datasets/New folder/bma pbf tfa/pbs_imgs/FieldPos302_Cam01_RGB_MB/FieldPos302_Cam01_RGB_MB_page_11.png,0.003914058208465576
occupancy_only_topk@k=3,contrast,0.9,1.0,-0.0020064115524291992,pbs,/home/dineth/focus_measure/datasets/New folder/bma pbf tfa/pbs_imgs/FieldPos302_Cam01_RGB_MB/FieldPos302_Cam01_RGB_MB_page_11.png,-0.0020064115524291992
occupancy_only_topk@k=3,contrast,1.1,1.0,0.003031611442565918,pbs,/home/dineth/focus_measure/datasets/New folder/bma pbf tfa/pbs_imgs/FieldPos302_Cam01_RGB_MB/FieldPos302_Cam01_RGB_MB_page_11.png,0.003031611442565918
occupancy_only_topk@k=5,blur,0.8,1.0,-0.01240319013595581,pbs,/home/dineth/focus_measure/datasets/New folder/bma pbf tfa/pbs_imgs/FieldPos302_Cam01_RGB_MB/FieldPos302_Cam01_RGB_MB_page_11.png,-0.01240319013595581
occupancy_only_topk@k=5,blur,1.2,1.0,0.05134320259094238,pbs,/home/dineth/focus_measure/datasets/New folder/bma pbf tfa/pbs_imgs/FieldPos302_Cam01_RGB_MB/FieldPos302_Cam01_RGB_MB_page_11.png,0.05134320259094238
occupancy_only_topk@k=5,noise,0.01,1.0,0.027035236358642578,pbs,/home/dineth/focus_measure/datasets/New folder/bma pbf tfa/pbs_imgs/FieldPos302_Cam01_RGB_MB/FieldPos302_Cam01_RGB_MB_page_11.png,0.027035236358642578
occupancy_only_topk@k=5,noise,0.02,0.6666666666666666,0.3446575999259949,pbs,/home/dineth/focus_measure/datasets/New folder/bma pbf tfa/pbs_imgs/FieldPos302_Cam01_RGB_MB/FieldPos302_Cam01_RGB_MB_page_11.png,0.3446575999259949
occupancy_only_topk@k=5,brightness,0.05,0.6666666666666666,-0.0242767333984375,pbs,/home/dineth/focus_measure/datasets/New folder/bma pbf tfa/pbs_imgs/FieldPos302_Cam01_RGB_MB/FieldPos302_Cam01_RGB_MB_page_11.png,-0.0242767333984375
occupancy_only_topk@k=5,brightness,-0.05,1.0,-0.006024479866027832,pbs,/home/dineth/focus_measure/datasets/New folder/bma pbf tfa/pbs_imgs/FieldPos302_Cam01_RGB_MB/FieldPos302_Cam01_RGB_MB_page_11.png,-0.006024479866027832
occupancy_only_topk@k=5,contrast,0.9,0.6666666666666666,-0.024262428283691406,pbs,/home/dineth/focus_measure/datasets/New folder/bma pbf tfa/pbs_imgs/FieldPos302_Cam01_RGB_MB/FieldPos302_Cam01_RGB_MB_page_11.png,-0.024262428283691406
occupancy_only_topk@k=5,contrast,1.1,1.0,-0.0060836076736450195,pbs,/home/dineth/focus_measure/datasets/New folder/bma pbf tfa/pbs_imgs/FieldPos302_Cam01_RGB_MB/FieldPos302_Cam01_RGB_MB_page_11.png,-0.0060836076736450195
occupancy_only_topk@k=7,blur,0.8,1.0,-0.01240319013595581,pbs,/home/dineth/focus_measure/datasets/New folder/bma pbf tfa/pbs_imgs/FieldPos302_Cam01_RGB_MB/FieldPos302_Cam01_RGB_MB_page_11.png,-0.01240319013595581
occupancy_only_topk@k=7,blur,1.2,1.0,0.05134320259094238,pbs,/home/dineth/focus_measure/datasets/New folder/bma pbf tfa/pbs_imgs/FieldPos302_Cam01_RGB_MB/FieldPos302_Cam01_RGB_MB_page_11.png,0.05134320259094238
occupancy_only_topk@k=7,noise,0.01,1.0,0.03148353099822998,pbs,/home/dineth/focus_measure/datasets/New folder/bma pbf tfa/pbs_imgs/FieldPos302_Cam01_RGB_MB/FieldPos302_Cam01_RGB_MB_page_11.png,0.03148353099822998
occupancy_only_topk@k=7,noise,0.02,1.0,0.3446575999259949,pbs,/home/dineth/focus_measure/datasets/New folder/bma pbf tfa/pbs_imgs/FieldPos302_Cam01_RGB_MB/FieldPos302_Cam01_RGB_MB_page_11.png,0.3446575999259949
occupancy_only_topk@k=7,brightness,0.05,1.0,-0.006073117256164551,pbs,/home/dineth/focus_measure/datasets/New folder/bma pbf tfa/pbs_imgs/FieldPos302_Cam01_RGB_MB/FieldPos302_Cam01_RGB_MB_page_11.png,-0.006073117256164551
occupancy_only_topk@k=7,brightness,-0.05,1.0,-0.006024479866027832,pbs,/home/dineth/focus_measure/datasets/New folder/bma pbf tfa/pbs_imgs/FieldPos302_Cam01_RGB_MB/FieldPos302_Cam01_RGB_MB_page_11.png,-0.006024479866027832
occupancy_only_topk@k=7,contrast,0.9,1.0,-0.006015181541442871,pbs,/home/dineth/focus_measure/datasets/New folder/bma pbf tfa/pbs_imgs/FieldPos302_Cam01_RGB_MB/FieldPos302_Cam01_RGB_MB_page_11.png,-0.006015181541442871
occupancy_only_topk@k=7,contrast,1.1,1.0,-0.0060836076736450195,pbs,/home/dineth/focus_measure/datasets/New folder/bma pbf tfa/pbs_imgs/FieldPos302_Cam01_RGB_MB/FieldPos302_Cam01_RGB_MB_page_11.png,-0.0060836076736450195
hybrid_proposed,blur,0.8,0.9649122807017544,0.015492677688598633,pbs,/home/dineth/focus_measure/datasets/New folder/bma pbf tfa/pbs_imgs/FieldPos302_Cam01_RGB_MB/FieldPos302_Cam01_RGB_MB_page_11.png,0.015492677688598633
hybrid_proposed,blur,1.2,0.9649122807017544,0.06098508834838867,pbs,/home/dineth/focus_measure/datasets/New folder/bma pbf tfa/pbs_imgs/FieldPos302_Cam01_RGB_MB/FieldPos302_Cam01_RGB_MB_page_11.png,0.06098508834838867
hybrid_proposed,noise,0.01,0.9649122807017544,0.05102837085723877,pbs,/home/dineth/focus_measure/datasets/New folder/bma pbf tfa/pbs_imgs/FieldPos302_Cam01_RGB_MB/FieldPos302_Cam01_RGB_MB_page_11.png,0.05102837085723877
hybrid_proposed,noise,0.02,0.9310344827586207,0.45330458879470825,pbs,/home/dineth/focus_measure/datasets/New folder/bma pbf tfa/pbs_imgs/FieldPos302_Cam01_RGB_MB/FieldPos302_Cam01_RGB_MB_page_11.png,0.45330458879470825
hybrid_proposed,brightness,0.05,0.9649122807017544,0.011056065559387207,pbs,/home/dineth/focus_measure/datasets/New folder/bma pbf tfa/pbs_imgs/FieldPos302_Cam01_RGB_MB/FieldPos302_Cam01_RGB_MB_page_11.png,0.011056065559387207
hybrid_proposed,brightness,-0.05,0.9649122807017544,0.013520359992980957,pbs,/home/dineth/focus_measure/datasets/New folder/bma pbf tfa/pbs_imgs/FieldPos302_Cam01_RGB_MB/FieldPos302_Cam01_RGB_MB_page_11.png,0.013520359992980957
hybrid_proposed,contrast,0.9,1.0,0.011139392852783203,pbs,/home/dineth/focus_measure/datasets/New folder/bma pbf tfa/pbs_imgs/FieldPos302_Cam01_RGB_MB/FieldPos302_Cam01_RGB_MB_page_11.png,0.011139392852783203
hybrid_proposed,contrast,1.1,0.9649122807017544,0.01346123218536377,pbs,/home/dineth/focus_measure/datasets/New folder/bma pbf tfa/pbs_imgs/FieldPos302_Cam01_RGB_MB/FieldPos302_Cam01_RGB_MB_page_11.png,0.01346123218536377
all_rois,blur,0.8,1.0,0.003617525100708008,pbs,/home/dineth/focus_measure/datasets/New folder/bma pbf tfa/pbs_imgs/FieldPos302_Cam01_RGB_MB/FieldPos302_Cam01_RGB_MB_page_11.png,0.003617525100708008
all_rois,blur,1.2,1.0,0.033808887004852295,pbs,/home/dineth/focus_measure/datasets/New folder/bma pbf tfa/pbs_imgs/FieldPos302_Cam01_RGB_MB/FieldPos302_Cam01_RGB_MB_page_11.png,0.033808887004852295
all_rois,noise,0.01,1.0,0.0679100751876831,pbs,/home/dineth/focus_measure/datasets/New folder/bma pbf tfa/pbs_imgs/FieldPos302_Cam01_RGB_MB/FieldPos302_Cam01_RGB_MB_page_11.png,0.0679100751876831
all_rois,noise,0.02,1.0,0.7085738778114319,pbs,/home/dineth/focus_measure/datasets/New folder/bma pbf tfa/pbs_imgs/FieldPos302_Cam01_RGB_MB/FieldPos302_Cam01_RGB_MB_page_11.png,0.7085738778114319
all_rois,brightness,0.05,1.0,-0.009868502616882324,pbs,/home/dineth/focus_measure/datasets/New folder/bma pbf tfa/pbs_imgs/FieldPos302_Cam01_RGB_MB/FieldPos302_Cam01_RGB_MB_page_11.png,-0.009868502616882324
all_rois,brightness,-0.05,1.0,-0.009978771209716797,pbs,/home/dineth/focus_measure/datasets/New folder/bma pbf tfa/pbs_imgs/FieldPos302_Cam01_RGB_MB/FieldPos302_Cam01_RGB_MB_page_11.png,-0.009978771209716797
all_rois,contrast,0.9,1.0,-0.009904742240905762,pbs,/home/dineth/focus_measure/datasets/New folder/bma pbf tfa/pbs_imgs/FieldPos302_Cam01_RGB_MB/FieldPos302_Cam01_RGB_MB_page_11.png,-0.009904742240905762
all_rois,contrast,1.1,1.0,-0.009886443614959717,pbs,/home/dineth/focus_measure/datasets/New folder/bma pbf tfa/pbs_imgs/FieldPos302_Cam01_RGB_MB/FieldPos302_Cam01_RGB_MB_page_11.png,-0.009886443614959717
cnn_adaptive,blur,0.8,0.9649122807017544,0.015492677688598633,pbs,/home/dineth/focus_measure/datasets/New folder/bma pbf tfa/pbs_imgs/FieldPos302_Cam01_RGB_MB/FieldPos302_Cam01_RGB_MB_page_11.png,0.015492677688598633
cnn_adaptive,blur,1.2,0.9649122807017544,0.06098508834838867,pbs,/home/dineth/focus_measure/datasets/New folder/bma pbf tfa/pbs_imgs/FieldPos302_Cam01_RGB_MB/FieldPos302_Cam01_RGB_MB_page_11.png,0.06098508834838867
cnn_adaptive,noise,0.01,0.9649122807017544,0.05102837085723877,pbs,/home/dineth/focus_measure/datasets/New folder/bma pbf tfa/pbs_imgs/FieldPos302_Cam01_RGB_MB/FieldPos302_Cam01_RGB_MB_page_11.png,0.05102837085723877
cnn_adaptive,noise,0.02,0.9310344827586207,0.45330458879470825,pbs,/home/dineth/focus_measure/datasets/New folder/bma pbf tfa/pbs_imgs/FieldPos302_Cam01_RGB_MB/FieldPos302_Cam01_RGB_MB_page_11.png,0.45330458879470825
cnn_adaptive,brightness,0.05,0.9649122807017544,0.011056065559387207,pbs,/home/dineth/focus_measure/datasets/New folder/bma pbf tfa/pbs_imgs/FieldPos302_Cam01_RGB_MB/FieldPos302_Cam01_RGB_MB_page_11.png,0.011056065559387207
cnn_adaptive,brightness,-0.05,0.9649122807017544,0.013520359992980957,pbs,/home/dineth/focus_measure/datasets/New folder/bma pbf tfa/pbs_imgs/FieldPos302_Cam01_RGB_MB/FieldPos302_Cam01_RGB_MB_page_11.png,0.013520359992980957
cnn_adaptive,contrast,0.9,1.0,0.011139392852783203,pbs,/home/dineth/focus_measure/datasets/New folder/bma pbf tfa/pbs_imgs/FieldPos302_Cam01_RGB_MB/FieldPos302_Cam01_RGB_MB_page_11.png,0.011139392852783203
cnn_adaptive,contrast,1.1,0.9649122807017544,0.01346123218536377,pbs,/home/dineth/focus_measure/datasets/New folder/bma pbf tfa/pbs_imgs/FieldPos302_Cam01_RGB_MB/FieldPos302_Cam01_RGB_MB_page_11.png,0.01346123218536377
center_top1,blur,0.8,1.0,-0.188615083694458,pbs,/home/dineth/focus_measure/datasets/New folder/bma pbf tfa/pbs_imgs/FieldPos317_Cam01_RGB_MB/FieldPos317_Cam01_RGB_MB_page_12.png,-0.188615083694458
center_top1,blur,1.2,1.0,-0.13183832168579102,pbs,/home/dineth/focus_measure/datasets/New folder/bma pbf tfa/pbs_imgs/FieldPos317_Cam01_RGB_MB/FieldPos317_Cam01_RGB_MB_page_12.png,-0.13183832168579102
center_top1,noise,0.01,1.0,-0.11348366737365723,pbs,/home/dineth/focus_measure/datasets/New folder/bma pbf tfa/pbs_imgs/FieldPos317_Cam01_RGB_MB/FieldPos317_Cam01_RGB_MB_page_12.png,-0.11348366737365723
center_top1,noise,0.02,1.0,0.6036579608917236,pbs,/home/dineth/focus_measure/datasets/New folder/bma pbf tfa/pbs_imgs/FieldPos317_Cam01_RGB_MB/FieldPos317_Cam01_RGB_MB_page_12.png,0.6036579608917236
center_top1,brightness,0.05,1.0,-0.2073507308959961,pbs,/home/dineth/focus_measure/datasets/New folder/bma pbf tfa/pbs_imgs/FieldPos317_Cam01_RGB_MB/FieldPos317_Cam01_RGB_MB_page_12.png,-0.2073507308959961
center_top1,brightness,-0.05,1.0,-0.2075810432434082,pbs,/home/dineth/focus_measure/datasets/New folder/bma pbf tfa/pbs_imgs/FieldPos317_Cam01_RGB_MB/FieldPos317_Cam01_RGB_MB_page_12.png,-0.2075810432434082
center_top1,contrast,0.9,1.0,-0.2073659896850586,pbs,/home/dineth/focus_measure/datasets/New folder/bma pbf tfa/pbs_imgs/FieldPos317_Cam01_RGB_MB/FieldPos317_Cam01_RGB_MB_page_12.png,-0.2073659896850586
center_top1,contrast,1.1,1.0,-0.20725655555725098,pbs,/home/dineth/focus_measure/datasets/New folder/bma pbf tfa/pbs_imgs/FieldPos317_Cam01_RGB_MB/FieldPos317_Cam01_RGB_MB_page_12.png,-0.20725655555725098
random_k@k=1,blur,0.8,1.0,0.0835561752319336,pbs,/home/dineth/focus_measure/datasets/New folder/bma pbf tfa/pbs_imgs/FieldPos317_Cam01_RGB_MB/FieldPos317_Cam01_RGB_MB_page_12.png,0.0835561752319336
random_k@k=1,blur,1.2,1.0,0.35811853408813477,pbs,/home/dineth/focus_measure/datasets/New folder/bma pbf tfa/pbs_imgs/FieldPos317_Cam01_RGB_MB/FieldPos317_Cam01_RGB_MB_page_12.png,0.35811853408813477
random_k@k=1,noise,0.01,1.0,0.15957021713256836,pbs,/home/dineth/focus_measure/datasets/New folder/bma pbf tfa/pbs_imgs/FieldPos317_Cam01_RGB_MB/FieldPos317_Cam01_RGB_MB_page_12.png,0.15957021713256836
random_k@k=1,noise,0.02,1.0,0.2971925735473633,pbs,/home/dineth/focus_measure/datasets/New folder/bma pbf tfa/pbs_imgs/FieldPos317_Cam01_RGB_MB/FieldPos317_Cam01_RGB_MB_page_12.png,0.2971925735473633
random_k@k=1,brightness,0.05,1.0,-0.10688591003417969,pbs,/home/dineth/focus_measure/datasets/New folder/bma pbf tfa/pbs_imgs/FieldPos317_Cam01_RGB_MB/FieldPos317_Cam01_RGB_MB_page_12.png,-0.10688591003417969
random_k@k=1,brightness,-0.05,1.0,-0.10662031173706055,pbs,/home/dineth/focus_measure/datasets/New folder/bma pbf tfa/pbs_imgs/FieldPos317_Cam01_RGB_MB/FieldPos317_Cam01_RGB_MB_page_12.png,-0.10662031173706055
random_k@k=1,contrast,0.9,1.0,-0.10666370391845703,pbs,/home/dineth/focus_measure/datasets/New folder/bma pbf tfa/pbs_imgs/FieldPos317_Cam01_RGB_MB/FieldPos317_Cam01_RGB_MB_page_12.png,-0.10666370391845703
random_k@k=1,contrast,1.1,1.0,-0.1064751148223877,pbs,/home/dineth/focus_measure/datasets/New folder/bma pbf tfa/pbs_imgs/FieldPos317_Cam01_RGB_MB/FieldPos317_Cam01_RGB_MB_page_12.png,-0.1064751148223877
random_k@k=3,blur,0.8,1.0,0.06983470916748047,pbs,/home/dineth/focus_measure/datasets/New folder/bma pbf tfa/pbs_imgs/FieldPos317_Cam01_RGB_MB/FieldPos317_Cam01_RGB_MB_page_12.png,0.06983470916748047
random_k@k=3,blur,1.2,1.0,0.281158447265625,pbs,/home/dineth/focus_measure/datasets/New folder/bma pbf tfa/pbs_imgs/FieldPos317_Cam01_RGB_MB/FieldPos317_Cam01_RGB_MB_page_12.png,0.281158447265625
random_k@k=3,noise,0.01,1.0,0.14629840850830078,pbs,/home/dineth/focus_measure/datasets/New folder/bma pbf tfa/pbs_imgs/FieldPos317_Cam01_RGB_MB/FieldPos317_Cam01_RGB_MB_page_12.png,0.14629840850830078
random_k@k=3,noise,0.02,1.0,0.2694106101989746,pbs,/home/dineth/focus_measure/datasets/New folder/bma pbf tfa/pbs_imgs/FieldPos317_Cam01_RGB_MB/FieldPos317_Cam01_RGB_MB_page_12.png,0.2694106101989746
random_k@k=3,brightness,0.05,1.0,-0.1201930046081543,pbs,/home/dineth/focus_measure/datasets/New folder/bma pbf tfa/pbs_imgs/FieldPos317_Cam01_RGB_MB/FieldPos317_Cam01_RGB_MB_page_12.png,-0.1201930046081543
random_k@k=3,brightness,-0.05,1.0,-0.12002277374267578,pbs,/home/dineth/focus_measure/datasets/New folder/bma pbf tfa/pbs_imgs/FieldPos317_Cam01_RGB_MB/FieldPos317_Cam01_RGB_MB_page_12.png,-0.12002277374267578
random_k@k=3,contrast,0.9,1.0,-0.12027311325073242,pbs,/home/dineth/focus_measure/datasets/New folder/bma pbf tfa/pbs_imgs/FieldPos317_Cam01_RGB_MB/FieldPos317_Cam01_RGB_MB_page_12.png,-0.12027311325073242
random_k@k=3,contrast,1.1,1.0,-0.12010335922241211,pbs,/home/dineth/focus_measure/datasets/New folder/bma pbf tfa/pbs_imgs/FieldPos317_Cam01_RGB_MB/FieldPos317_Cam01_RGB_MB_page_12.png,-0.12010335922241211
random_k@k=5,blur,0.8,1.0,0.1478731632232666,pbs,/home/dineth/focus_measure/datasets/New folder/bma pbf tfa/pbs_imgs/FieldPos317_Cam01_RGB_MB/FieldPos317_Cam01_RGB_MB_page_12.png,0.1478731632232666
random_k@k=5,blur,1.2,1.0,0.34686946868896484,pbs,/home/dineth/focus_measure/datasets/New folder/bma pbf tfa/pbs_imgs/FieldPos317_Cam01_RGB_MB/FieldPos317_Cam01_RGB_MB_page_12.png,0.34686946868896484
random_k@k=5,noise,0.01,1.0,0.2118697166442871,pbs,/home/dineth/focus_measure/datasets/New folder/bma pbf tfa/pbs_imgs/FieldPos317_Cam01_RGB_MB/FieldPos317_Cam01_RGB_MB_page_12.png,0.2118697166442871
random_k@k=5,noise,0.02,1.0,-0.022258758544921875,pbs,/home/dineth/focus_measure/datasets/New folder/bma pbf tfa/pbs_imgs/FieldPos317_Cam01_RGB_MB/FieldPos317_Cam01_RGB_MB_page_12.png,-0.022258758544921875
random_k@k=5,brightness,0.05,1.0,-0.04840421676635742,pbs,/home/dineth/focus_measure/datasets/New folder/bma pbf tfa/pbs_imgs/FieldPos317_Cam01_RGB_MB/FieldPos317_Cam01_RGB_MB_page_12.png,-0.04840421676635742
random_k@k=5,brightness,-0.05,1.0,-0.0483860969543457,pbs,/home/dineth/focus_measure/datasets/New folder/bma pbf tfa/pbs_imgs/FieldPos317_Cam01_RGB_MB/FieldPos317_Cam01_RGB_MB_page_12.png,-0.0483860969543457
random_k@k=5,contrast,0.9,1.0,-0.0481715202331543,pbs,/home/dineth/focus_measure/datasets/New folder/bma pbf tfa/pbs_imgs/FieldPos317_Cam01_RGB_MB/FieldPos317_Cam01_RGB_MB_page_12.png,-0.0481715202331543
random_k@k=5,contrast,1.1,1.0,-0.048193931579589844,pbs,/home/dineth/focus_measure/datasets/New folder/bma pbf tfa/pbs_imgs/FieldPos317_Cam01_RGB_MB/FieldPos317_Cam01_RGB_MB_page_12.png,-0.048193931579589844
random_k@k=7,blur,0.8,1.0,0.14432716369628906,pbs,/home/dineth/focus_measure/datasets/New folder/bma pbf tfa/pbs_imgs/FieldPos317_Cam01_RGB_MB/FieldPos317_Cam01_RGB_MB_page_12.png,0.14432716369628906
random_k@k=7,blur,1.2,1.0,0.3433234691619873,pbs,/home/dineth/focus_measure/datasets/New folder/bma pbf tfa/pbs_imgs/FieldPos317_Cam01_RGB_MB/FieldPos317_Cam01_RGB_MB_page_12.png,0.3433234691619873
random_k@k=7,noise,0.01,1.0,0.20832371711730957,pbs,/home/dineth/focus_measure/datasets/New folder/bma pbf tfa/pbs_imgs/FieldPos317_Cam01_RGB_MB/FieldPos317_Cam01_RGB_MB_page_12.png,0.20832371711730957
random_k@k=7,noise,0.02,1.0,-0.04145169258117676,pbs,/home/dineth/focus_measure/datasets/New folder/bma pbf tfa/pbs_imgs/FieldPos317_Cam01_RGB_MB/FieldPos317_Cam01_RGB_MB_page_12.png,-0.04145169258117676
random_k@k=7,brightness,0.05,1.0,-0.049082279205322266,pbs,/home/dineth/focus_measure/datasets/New folder/bma pbf tfa/pbs_imgs/FieldPos317_Cam01_RGB_MB/FieldPos317_Cam01_RGB_MB_page_12.png,-0.049082279205322266
random_k@k=7,brightness,-0.05,1.0,-0.04911327362060547,pbs,/home/dineth/focus_measure/datasets/New folder/bma pbf tfa/pbs_imgs/FieldPos317_Cam01_RGB_MB/FieldPos317_Cam01_RGB_MB_page_12.png,-0.04911327362060547
random_k@k=7,contrast,0.9,1.0,-0.04918241500854492,pbs,/home/dineth/focus_measure/datasets/New folder/bma pbf tfa/pbs_imgs/FieldPos317_Cam01_RGB_MB/FieldPos317_Cam01_RGB_MB_page_12.png,-0.04918241500854492
random_k@k=7,contrast,1.1,1.0,-0.048952579498291016,pbs,/home/dineth/focus_measure/datasets/New folder/bma pbf tfa/pbs_imgs/FieldPos317_Cam01_RGB_MB/FieldPos317_Cam01_RGB_MB_page_12.png,-0.048952579498291016
focus_only_topk@k=1,blur,0.8,1.0,0.15513396263122559,pbs,/home/dineth/focus_measure/datasets/New folder/bma pbf tfa/pbs_imgs/FieldPos317_Cam01_RGB_MB/FieldPos317_Cam01_RGB_MB_page_12.png,0.15513396263122559
focus_only_topk@k=1,blur,1.2,1.0,0.48394012451171875,pbs,/home/dineth/focus_measure/datasets/New folder/bma pbf tfa/pbs_imgs/FieldPos317_Cam01_RGB_MB/FieldPos317_Cam01_RGB_MB_page_12.png,0.48394012451171875
focus_only_topk@k=1,noise,0.01,1.0,-0.09319591522216797,pbs,/home/dineth/focus_measure/datasets/New folder/bma pbf tfa/pbs_imgs/FieldPos317_Cam01_RGB_MB/FieldPos317_Cam01_RGB_MB_page_12.png,-0.09319591522216797
focus_only_topk@k=1,noise,0.02,0.0,-0.02166748046875,pbs,/home/dineth/focus_measure/datasets/New folder/bma pbf tfa/pbs_imgs/FieldPos317_Cam01_RGB_MB/FieldPos317_Cam01_RGB_MB_page_12.png,-0.02166748046875
focus_only_topk@k=1,brightness,0.05,1.0,-0.06461548805236816,pbs,/home/dineth/focus_measure/datasets/New folder/bma pbf tfa/pbs_imgs/FieldPos317_Cam01_RGB_MB/FieldPos317_Cam01_RGB_MB_page_12.png,-0.06461548805236816
focus_only_topk@k=1,brightness,-0.05,1.0,-0.10159969329833984,pbs,/home/dineth/focus_measure/datasets/New folder/bma pbf tfa/pbs_imgs/FieldPos317_Cam01_RGB_MB/FieldPos317_Cam01_RGB_MB_page_12.png,-0.10159969329833984
focus_only_topk@k=1,contrast,0.9,1.0,-0.0645906925201416,pbs,/home/dineth/focus_measure/datasets/New folder/bma pbf tfa/pbs_imgs/FieldPos317_Cam01_RGB_MB/FieldPos317_Cam01_RGB_MB_page_12.png,-0.0645906925201416
focus_only_topk@k=1,contrast,1.1,1.0,-0.09670186042785645,pbs,/home/dineth/focus_measure/datasets/New folder/bma pbf tfa/pbs_imgs/FieldPos317_Cam01_RGB_MB/FieldPos317_Cam01_RGB_MB_page_12.png,-0.09670186042785645
focus_only_topk@k=3,blur,0.8,0.5,0.15507268905639648,pbs,/home/dineth/focus_measure/datasets/New folder/bma pbf tfa/pbs_imgs/FieldPos317_Cam01_RGB_MB/FieldPos317_Cam01_RGB_MB_page_12.png,0.15507268905639648
focus_only_topk@k=3,blur,1.2,1.0,0.48403167724609375,pbs,/home/dineth/focus_measure/datasets/New folder/bma pbf tfa/pbs_imgs/FieldPos317_Cam01_RGB_MB/FieldPos317_Cam01_RGB_MB_page_12.png,0.48403167724609375
focus_only_topk@k=3,noise,0.01,1.0,-0.09269881248474121,pbs,/home/dineth/focus_measure/datasets/New folder/bma pbf tfa/pbs_imgs/FieldPos317_Cam01_RGB_MB/FieldPos317_Cam01_RGB_MB_page_12.png,-0.09269881248474121
focus_only_topk@k=3,noise,0.02,0.0,-0.02163100242614746,pbs,/home/dineth/focus_measure/datasets/New folder/bma pbf tfa/pbs_imgs/FieldPos317_Cam01_RGB_MB/FieldPos317_Cam01_RGB_MB_page_12.png,-0.02163100242614746
focus_only_topk@k=3,brightness,0.05,1.0,-0.06423449516296387,pbs,/home/dineth/focus_measure/datasets/New folder/bma pbf tfa/pbs_imgs/FieldPos317_Cam01_RGB_MB/FieldPos317_Cam01_RGB_MB_page_12.png,-0.06423449516296387
focus_only_topk@k=3,brightness,-0.05,1.0,-0.10173702239990234,pbs,/home/dineth/focus_measure/datasets/New folder/bma pbf tfa/pbs_imgs/FieldPos317_Cam01_RGB_MB/FieldPos317_Cam01_RGB_MB_page_12.png,-0.10173702239990234
focus_only_topk@k=3,contrast,0.9,1.0,-0.06431055068969727,pbs,/home/dineth/focus_measure/datasets/New folder/bma pbf tfa/pbs_imgs/FieldPos317_Cam01_RGB_MB/FieldPos317_Cam01_RGB_MB_page_12.png,-0.06431055068969727
focus_only_topk@k=3,contrast,1.1,1.0,-0.09679961204528809,pbs,/home/dineth/focus_measure/datasets/New folder/bma pbf tfa/pbs_imgs/FieldPos317_Cam01_RGB_MB/FieldPos317_Cam01_RGB_MB_page_12.png,-0.09679961204528809
focus_only_topk@k=5,blur,0.8,0.42857142857142855,0.44667696952819824,pbs,/home/dineth/focus_measure/datasets/New folder/bma pbf tfa/pbs_imgs/FieldPos317_Cam01_RGB_MB/FieldPos317_Cam01_RGB_MB_page_12.png,0.44667696952819824
focus_only_topk@k=5,blur,1.2,0.42857142857142855,0.48393917083740234,pbs,/home/dineth/focus_measure/datasets/New folder/bma pbf tfa/pbs_imgs/FieldPos317_Cam01_RGB_MB/FieldPos317_Cam01_RGB_MB_page_12.png,0.48393917083740234
focus_only_topk@k=5,noise,0.01,0.6666666666666666,-0.010264396667480469,pbs,/home/dineth/focus_measure/datasets/New folder/bma pbf tfa/pbs_imgs/FieldPos317_Cam01_RGB_MB/FieldPos317_Cam01_RGB_MB_page_12.png,-0.010264396667480469
focus_only_topk@k=5,noise,0.02,0.1111111111111111,-0.02167344093322754,pbs,/home/dineth/focus_measure/datasets/New folder/bma pbf tfa/pbs_imgs/FieldPos317_Cam01_RGB_MB/FieldPos317_Cam01_RGB_MB_page_12.png,-0.02167344093322754
focus_only_topk@k=5,brightness,0.05,0.6666666666666666,-0.0646054744720459,pbs,/home/dineth/focus_measure/datasets/New folder/bma pbf tfa/pbs_imgs/FieldPos317_Cam01_RGB_MB/FieldPos317_Cam01_RGB_MB_page_12.png,-0.0646054744720459
focus_only_topk@k=5,brightness,-0.05,1.0,-0.10160374641418457,pbs,/home/dineth/focus_measure/datasets/New folder/bma pbf tfa/pbs_imgs/FieldPos317_Cam01_RGB_MB/FieldPos317_Cam01_RGB_MB_page_12.png,-0.10160374641418457
focus_only_topk@k=5,contrast,0.9,1.0,-0.06460165977478027,pbs,/home/dineth/focus_measure/datasets/New folder/bma pbf tfa/pbs_imgs/FieldPos317_Cam01_RGB_MB/FieldPos317_Cam01_RGB_MB_page_12.png,-0.06460165977478027
focus_only_topk@k=5,contrast,1.1,0.6666666666666666,-0.09671354293823242,pbs,/home/dineth/focus_measure/datasets/New folder/bma pbf tfa/pbs_imgs/FieldPos317_Cam01_RGB_MB/FieldPos317_Cam01_RGB_MB_page_12.png,-0.09671354293823242
focus_only_topk@k=7,blur,0.8,0.5555555555555556,0.3365209102630615,pbs,/home/dineth/focus_measure/datasets/New folder/bma pbf tfa/pbs_imgs/FieldPos317_Cam01_RGB_MB/FieldPos317_Cam01_RGB_MB_page_12.png,0.3365209102630615
focus_only_topk@k=7,blur,1.2,0.5555555555555556,0.5302784442901611,pbs,/home/dineth/focus_measure/datasets/New folder/bma pbf tfa/pbs_imgs/FieldPos317_Cam01_RGB_MB/FieldPos317_Cam01_RGB_MB_page_12.png,0.5302784442901611
focus_only_topk@k=7,noise,0.01,0.75,0.1465129852294922,pbs,/home/dineth/focus_measure/datasets/New folder/bma pbf tfa/pbs_imgs/FieldPos317_Cam01_RGB_MB/FieldPos317_Cam01_RGB_MB_page_12.png,0.1465129852294922
focus_only_topk@k=7,noise,0.02,0.07692307692307693,0.0905923843383789,pbs,/home/dineth/focus_measure/datasets/New folder/bma pbf tfa/pbs_imgs/FieldPos317_Cam01_RGB_MB/FieldPos317_Cam01_RGB_MB_page_12.png,0.0905923843383789
focus_only_topk@k=7,brightness,0.05,0.75,0.0011415481567382812,pbs,/home/dineth/focus_measure/datasets/New folder/bma pbf tfa/pbs_imgs/FieldPos317_Cam01_RGB_MB/FieldPos317_Cam01_RGB_MB_page_12.png,0.0011415481567382812
focus_only_topk@k=7,brightness,-0.05,1.0,0.0011868476867675781,pbs,/home/dineth/focus_measure/datasets/New folder/bma pbf tfa/pbs_imgs/FieldPos317_Cam01_RGB_MB/FieldPos317_Cam01_RGB_MB_page_12.png,0.0011868476867675781
focus_only_topk@k=7,contrast,0.9,1.0,0.0011587142944335938,pbs,/home/dineth/focus_measure/datasets/New folder/bma pbf tfa/pbs_imgs/FieldPos317_Cam01_RGB_MB/FieldPos317_Cam01_RGB_MB_page_12.png,0.0011587142944335938
focus_only_topk@k=7,contrast,1.1,0.75,0.0012602806091308594,pbs,/home/dineth/focus_measure/datasets/New folder/bma pbf tfa/pbs_imgs/FieldPos317_Cam01_RGB_MB/FieldPos317_Cam01_RGB_MB_page_12.png,0.0012602806091308594
occupancy_only_topk@k=1,blur,0.8,1.0,-0.1953878402709961,pbs,/home/dineth/focus_measure/datasets/New folder/bma pbf tfa/pbs_imgs/FieldPos317_Cam01_RGB_MB/FieldPos317_Cam01_RGB_MB_page_12.png,-0.1953878402709961
occupancy_only_topk@k=1,blur,1.2,1.0,0.09906363487243652,pbs,/home/dineth/focus_measure/datasets/New folder/bma pbf tfa/pbs_imgs/FieldPos317_Cam01_RGB_MB/FieldPos317_Cam01_RGB_MB_page_12.png,0.09906363487243652
occupancy_only_topk@k=1,noise,0.01,1.0,-0.10114455223083496,pbs,/home/dineth/focus_measure/datasets/New folder/bma pbf tfa/pbs_imgs/FieldPos317_Cam01_RGB_MB/FieldPos317_Cam01_RGB_MB_page_12.png,-0.10114455223083496
occupancy_only_topk@k=1,noise,0.02,1.0,-0.11254763603210449,pbs,/home/dineth/focus_measure/datasets/New folder/bma pbf tfa/pbs_imgs/FieldPos317_Cam01_RGB_MB/FieldPos317_Cam01_RGB_MB_page_12.png,-0.11254763603210449
occupancy_only_topk@k=1,brightness,0.05,0.0,0.3064718246459961,pbs,/home/dineth/focus_measure/datasets/New folder/bma pbf tfa/pbs_imgs/FieldPos317_Cam01_RGB_MB/FieldPos317_Cam01_RGB_MB_page_12.png,0.3064718246459961
occupancy_only_topk@k=1,brightness,-0.05,1.0,-0.02653646469116211,pbs,/home/dineth/focus_measure/datasets/New folder/bma pbf tfa/pbs_imgs/FieldPos317_Cam01_RGB_MB/FieldPos317_Cam01_RGB_MB_page_12.png,-0.02653646469116211
occupancy_only_topk@k=1,contrast,0.9,0.0,0.30672454833984375,pbs,/home/dineth/focus_measure/datasets/New folder/bma pbf tfa/pbs_imgs/FieldPos317_Cam01_RGB_MB/FieldPos317_Cam01_RGB_MB_page_12.png,0.30672454833984375
occupancy_only_topk@k=1,contrast,1.1,1.0,-0.027050018310546875,pbs,/home/dineth/focus_measure/datasets/New folder/bma pbf tfa/pbs_imgs/FieldPos317_Cam01_RGB_MB/FieldPos317_Cam01_RGB_MB_page_12.png,-0.027050018310546875
occupancy_only_topk@k=3,blur,0.8,1.0,0.07728266716003418,pbs,/home/dineth/focus_measure/datasets/New folder/bma pbf tfa/pbs_imgs/FieldPos317_Cam01_RGB_MB/FieldPos317_Cam01_RGB_MB_page_12.png,0.07728266716003418
occupancy_only_topk@k=3,blur,1.2,1.0,0.19678688049316406,pbs,/home/dineth/focus_measure/datasets/New folder/bma pbf tfa/pbs_imgs/FieldPos317_Cam01_RGB_MB/FieldPos317_Cam01_RGB_MB_page_12.png,0.19678688049316406
occupancy_only_topk@k=3,noise,0.01,1.0,-0.0031511783599853516,pbs,/home/dineth/focus_measure/datasets/New folder/bma pbf tfa/pbs_imgs/FieldPos317_Cam01_RGB_MB/FieldPos317_Cam01_RGB_MB_page_12.png,-0.0031511783599853516
occupancy_only_topk@k=3,noise,0.02,0.5,-0.014576435089111328,pbs,/home/dineth/focus_measure/datasets/New folder/bma pbf tfa/pbs_imgs/FieldPos317_Cam01_RGB_MB/FieldPos317_Cam01_RGB_MB_page_12.png,-0.014576435089111328
occupancy_only_topk@k=3,brightness,0.05,1.0,0.049027204513549805,pbs,/home/dineth/focus_measure/datasets/New folder/bma pbf tfa/pbs_imgs/FieldPos317_Cam01_RGB_MB/FieldPos317_Cam01_RGB_MB_page_12.png,0.049027204513549805
occupancy_only_topk@k=3,brightness,-0.05,0.5,0.05807614326477051,pbs,/home/dineth/focus_measure/datasets/New folder/bma pbf tfa/pbs_imgs/FieldPos317_Cam01_RGB_MB/FieldPos317_Cam01_RGB_MB_page_12.png,0.05807614326477051
occupancy_only_topk@k=3,contrast,0.9,1.0,0.0490415096282959,pbs,/home/dineth/focus_measure/datasets/New folder/bma pbf tfa/pbs_imgs/FieldPos317_Cam01_RGB_MB/FieldPos317_Cam01_RGB_MB_page_12.png,0.0490415096282959
occupancy_only_topk@k=3,contrast,1.1,0.5,0.058167457580566406,pbs,/home/dineth/focus_measure/datasets/New folder/bma pbf tfa/pbs_imgs/FieldPos317_Cam01_RGB_MB/FieldPos317_Cam01_RGB_MB_page_12.png,0.058167457580566406
occupancy_only_topk@k=5,blur,0.8,1.0,0.12476658821105957,pbs,/home/dineth/focus_measure/datasets/New folder/bma pbf tfa/pbs_imgs/FieldPos317_Cam01_RGB_MB/FieldPos317_Cam01_RGB_MB_page_12.png,0.12476658821105957
occupancy_only_topk@k=5,blur,1.2,1.0,0.24453258514404297,pbs,/home/dineth/focus_measure/datasets/New folder/bma pbf tfa/pbs_imgs/FieldPos317_Cam01_RGB_MB/FieldPos317_Cam01_RGB_MB_page_12.png,0.24453258514404297
occupancy_only_topk@k=5,noise,0.01,1.0,0.04431748390197754,pbs,/home/dineth/focus_measure/datasets/New folder/bma pbf tfa/pbs_imgs/FieldPos317_Cam01_RGB_MB/FieldPos317_Cam01_RGB_MB_page_12.png,0.04431748390197754
occupancy_only_topk@k=5,noise,0.02,1.0,-0.07456278800964355,pbs,/home/dineth/focus_measure/datasets/New folder/bma pbf tfa/pbs_imgs/FieldPos317_Cam01_RGB_MB/FieldPos317_Cam01_RGB_MB_page_12.png,-0.07456278800964355
occupancy_only_topk@k=5,brightness,0.05,0.6666666666666666,0.09664463996887207,pbs,/home/dineth/focus_measure/datasets/New folder/bma pbf tfa/pbs_imgs/FieldPos317_Cam01_RGB_MB/FieldPos317_Cam01_RGB_MB_page_12.png,0.09664463996887207
occupancy_only_topk@k=5,brightness,-0.05,1.0,0.09897160530090332,pbs,/home/dineth/focus_measure/datasets/New folder/bma pbf tfa/pbs_imgs/FieldPos317_Cam01_RGB_MB/FieldPos317_Cam01_RGB_MB_page_12.png,0.09897160530090332
occupancy_only_topk@k=5,contrast,0.9,1.0,0.09638071060180664,pbs,/home/dineth/focus_measure/datasets/New folder/bma pbf tfa/pbs_imgs/FieldPos317_Cam01_RGB_MB/FieldPos317_Cam01_RGB_MB_page_12.png,0.09638071060180664
occupancy_only_topk@k=5,contrast,1.1,1.0,0.09703803062438965,pbs,/home/dineth/focus_measure/datasets/New folder/bma pbf tfa/pbs_imgs/FieldPos317_Cam01_RGB_MB/FieldPos317_Cam01_RGB_MB_page_12.png,0.09703803062438965
occupancy_only_topk@k=7,blur,0.8,0.75,0.12476658821105957,pbs,/home/dineth/focus_measure/datasets/New folder/bma pbf tfa/pbs_imgs/FieldPos317_Cam01_RGB_MB/FieldPos317_Cam01_RGB_MB_page_12.png,0.12476658821105957
occupancy_only_topk@k=7,blur,1.2,0.75,0.24453258514404297,pbs,/home/dineth/focus_measure/datasets/New folder/bma pbf tfa/pbs_imgs/FieldPos317_Cam01_RGB_MB/FieldPos317_Cam01_RGB_MB_page_12.png,0.24453258514404297
occupancy_only_topk@k=7,noise,0.01,0.75,-0.038600921630859375,pbs,/home/dineth/focus_measure/datasets/New folder/bma pbf tfa/pbs_imgs/FieldPos317_Cam01_RGB_MB/FieldPos317_Cam01_RGB_MB_page_12.png,-0.038600921630859375
occupancy_only_topk@k=7,noise,0.02,0.75,-0.05620455741882324,pbs,/home/dineth/focus_measure/datasets/New folder/bma pbf tfa/pbs_imgs/FieldPos317_Cam01_RGB_MB/FieldPos317_Cam01_RGB_MB_page_12.png,-0.05620455741882324
occupancy_only_topk@k=7,brightness,0.05,0.75,0.06080508232116699,pbs,/home/dineth/focus_measure/datasets/New folder/bma pbf tfa/pbs_imgs/FieldPos317_Cam01_RGB_MB/FieldPos317_Cam01_RGB_MB_page_12.png,0.06080508232116699
occupancy_only_topk@k=7,brightness,-0.05,0.75,-0.03376317024230957,pbs,/home/dineth/focus_measure/datasets/New folder/bma pbf tfa/pbs_imgs/FieldPos317_Cam01_RGB_MB/FieldPos317_Cam01_RGB_MB_page_12.png,-0.03376317024230957
occupancy_only_topk@k=7,contrast,0.9,0.75,0.06081581115722656,pbs,/home/dineth/focus_measure/datasets/New folder/bma pbf tfa/pbs_imgs/FieldPos317_Cam01_RGB_MB/FieldPos317_Cam01_RGB_MB_page_12.png,0.06081581115722656
occupancy_only_topk@k=7,contrast,1.1,1.0,0.060741424560546875,pbs,/home/dineth/focus_measure/datasets/New folder/bma pbf tfa/pbs_imgs/FieldPos317_Cam01_RGB_MB/FieldPos317_Cam01_RGB_MB_page_12.png,0.060741424560546875
hybrid_proposed,blur,0.8,0.6470588235294118,0.3034639358520508,pbs,/home/dineth/focus_measure/datasets/New folder/bma pbf tfa/pbs_imgs/FieldPos317_Cam01_RGB_MB/FieldPos317_Cam01_RGB_MB_page_12.png,0.3034639358520508
hybrid_proposed,blur,1.2,0.6470588235294118,0.38481736183166504,pbs,/home/dineth/focus_measure/datasets/New folder/bma pbf tfa/pbs_imgs/FieldPos317_Cam01_RGB_MB/FieldPos317_Cam01_RGB_MB_page_12.png,0.38481736183166504
hybrid_proposed,noise,0.01,0.8360655737704918,0.10234236717224121,pbs,/home/dineth/focus_measure/datasets/New folder/bma pbf tfa/pbs_imgs/FieldPos317_Cam01_RGB_MB/FieldPos317_Cam01_RGB_MB_page_12.png,0.10234236717224121
hybrid_proposed,noise,0.02,0.6716417910447762,0.38402438163757324,pbs,/home/dineth/focus_measure/datasets/New folder/bma pbf tfa/pbs_imgs/FieldPos317_Cam01_RGB_MB/FieldPos317_Cam01_RGB_MB_page_12.png,0.38402438163757324
hybrid_proposed,brightness,0.05,0.9310344827586207,0.07979822158813477,pbs,/home/dineth/focus_measure/datasets/New folder/bma pbf tfa/pbs_imgs/FieldPos317_Cam01_RGB_MB/FieldPos317_Cam01_RGB_MB_page_12.png,0.07979822158813477
hybrid_proposed,brightness,-0.05,0.9649122807017544,0.08551692962646484,pbs,/home/dineth/focus_measure/datasets/New folder/bma pbf tfa/pbs_imgs/FieldPos317_Cam01_RGB_MB/FieldPos317_Cam01_RGB_MB_page_12.png,0.08551692962646484
hybrid_proposed,contrast,0.9,0.8983050847457628,0.07602262496948242,pbs,/home/dineth/focus_measure/datasets/New folder/bma pbf tfa/pbs_imgs/FieldPos317_Cam01_RGB_MB/FieldPos317_Cam01_RGB_MB_page_12.png,0.07602262496948242
hybrid_proposed,contrast,1.1,0.7777777777777778,0.09016656875610352,pbs,/home/dineth/focus_measure/datasets/New folder/bma pbf tfa/pbs_imgs/FieldPos317_Cam01_RGB_MB/FieldPos317_Cam01_RGB_MB_page_12.png,0.09016656875610352
all_rois,blur,0.8,1.0,0.3242762088775635,pbs,/home/dineth/focus_measure/datasets/New folder/bma pbf tfa/pbs_imgs/FieldPos317_Cam01_RGB_MB/FieldPos317_Cam01_RGB_MB_page_12.png,0.3242762088775635
all_rois,blur,1.2,1.0,0.4524526596069336,pbs,/home/dineth/focus_measure/datasets/New folder/bma pbf tfa/pbs_imgs/FieldPos317_Cam01_RGB_MB/FieldPos317_Cam01_RGB_MB_page_12.png,0.4524526596069336
all_rois,noise,0.01,1.0,-0.0018835067749023438,pbs,/home/dineth/focus_measure/datasets/New folder/bma pbf tfa/pbs_imgs/FieldPos317_Cam01_RGB_MB/FieldPos317_Cam01_RGB_MB_page_12.png,-0.0018835067749023438
all_rois,noise,0.02,1.0,0.37789249420166016,pbs,/home/dineth/focus_measure/datasets/New folder/bma pbf tfa/pbs_imgs/FieldPos317_Cam01_RGB_MB/FieldPos317_Cam01_RGB_MB_page_12.png,0.37789249420166016
all_rois,brightness,0.05,1.0,0.09289813041687012,pbs,/home/dineth/focus_measure/datasets/New folder/bma pbf tfa/pbs_imgs/FieldPos317_Cam01_RGB_MB/FieldPos317_Cam01_RGB_MB_page_12.png,0.09289813041687012
all_rois,brightness,-0.05,1.0,0.09283590316772461,pbs,/home/dineth/focus_measure/datasets/New folder/bma pbf tfa/pbs_imgs/FieldPos317_Cam01_RGB_MB/FieldPos317_Cam01_RGB_MB_page_12.png,0.09283590316772461
all_rois,contrast,0.9,1.0,0.09297013282775879,pbs,/home/dineth/focus_measure/datasets/New folder/bma pbf tfa/pbs_imgs/FieldPos317_Cam01_RGB_MB/FieldPos317_Cam01_RGB_MB_page_12.png,0.09297013282775879
all_rois,contrast,1.1,1.0,0.09301114082336426,pbs,/home/dineth/focus_measure/datasets/New folder/bma pbf tfa/pbs_imgs/FieldPos317_Cam01_RGB_MB/FieldPos317_Cam01_RGB_MB_page_12.png,0.09301114082336426
cnn_adaptive,blur,0.8,0.6470588235294118,0.3034639358520508,pbs,/home/dineth/focus_measure/datasets/New folder/bma pbf tfa/pbs_imgs/FieldPos317_Cam01_RGB_MB/FieldPos317_Cam01_RGB_MB_page_12.png,0.3034639358520508
cnn_adaptive,blur,1.2,0.6470588235294118,0.38481736183166504,pbs,/home/dineth/focus_measure/datasets/New folder/bma pbf tfa/pbs_imgs/FieldPos317_Cam01_RGB_MB/FieldPos317_Cam01_RGB_MB_page_12.png,0.38481736183166504
cnn_adaptive,noise,0.01,0.8360655737704918,0.10234236717224121,pbs,/home/dineth/focus_measure/datasets/New folder/bma pbf tfa/pbs_imgs/FieldPos317_Cam01_RGB_MB/FieldPos317_Cam01_RGB_MB_page_12.png,0.10234236717224121
cnn_adaptive,noise,0.02,0.6716417910447762,0.38402438163757324,pbs,/home/dineth/focus_measure/datasets/New folder/bma pbf tfa/pbs_imgs/FieldPos317_Cam01_RGB_MB/FieldPos317_Cam01_RGB_MB_page_12.png,0.38402438163757324
cnn_adaptive,brightness,0.05,0.9310344827586207,0.07979822158813477,pbs,/home/dineth/focus_measure/datasets/New folder/bma pbf tfa/pbs_imgs/FieldPos317_Cam01_RGB_MB/FieldPos317_Cam01_RGB_MB_page_12.png,0.07979822158813477
cnn_adaptive,brightness,-0.05,0.9649122807017544,0.08551692962646484,pbs,/home/dineth/focus_measure/datasets/New folder/bma pbf tfa/pbs_imgs/FieldPos317_Cam01_RGB_MB/FieldPos317_Cam01_RGB_MB_page_12.png,0.08551692962646484
cnn_adaptive,contrast,0.9,0.8983050847457628,0.07602262496948242,pbs,/home/dineth/focus_measure/datasets/New folder/bma pbf tfa/pbs_imgs/FieldPos317_Cam01_RGB_MB/FieldPos317_Cam01_RGB_MB_page_12.png,0.07602262496948242
cnn_adaptive,contrast,1.1,0.7777777777777778,0.09016656875610352,pbs,/home/dineth/focus_measure/datasets/New folder/bma pbf tfa/pbs_imgs/FieldPos317_Cam01_RGB_MB/FieldPos317_Cam01_RGB_MB_page_12.png,0.09016656875610352
center_top1,blur,0.8,1.0,0.11459779739379883,pbs,/home/dineth/focus_measure/datasets/New folder/bma pbf tfa/pbs_imgs/FieldPos318_Cam01_RGB_MB/FieldPos318_Cam01_RGB_MB_page_12.png,0.11459779739379883
center_top1,blur,1.2,1.0,0.2911210060119629,pbs,/home/dineth/focus_measure/datasets/New folder/bma pbf tfa/pbs_imgs/FieldPos318_Cam01_RGB_MB/FieldPos318_Cam01_RGB_MB_page_12.png,0.2911210060119629
center_top1,noise,0.01,1.0,-0.07950639724731445,pbs,/home/dineth/focus_measure/datasets/New folder/bma pbf tfa/pbs_imgs/FieldPos318_Cam01_RGB_MB/FieldPos318_Cam01_RGB_MB_page_12.png,-0.07950639724731445
center_top1,noise,0.02,1.0,-0.14731407165527344,pbs,/home/dineth/focus_measure/datasets/New folder/bma pbf tfa/pbs_imgs/FieldPos318_Cam01_RGB_MB/FieldPos318_Cam01_RGB_MB_page_12.png,-0.14731407165527344
center_top1,brightness,0.05,1.0,-0.13033771514892578,pbs,/home/dineth/focus_measure/datasets/New folder/bma pbf tfa/pbs_imgs/FieldPos318_Cam01_RGB_MB/FieldPos318_Cam01_RGB_MB_page_12.png,-0.13033771514892578
center_top1,brightness,-0.05,1.0,-0.13026189804077148,pbs,/home/dineth/focus_measure/datasets/New folder/bma pbf tfa/pbs_imgs/FieldPos318_Cam01_RGB_MB/FieldPos318_Cam01_RGB_MB_page_12.png,-0.13026189804077148
center_top1,contrast,0.9,1.0,-0.13022994995117188,pbs,/home/dineth/focus_measure/datasets/New folder/bma pbf tfa/pbs_imgs/FieldPos318_Cam01_RGB_MB/FieldPos318_Cam01_RGB_MB_page_12.png,-0.13022994995117188
center_top1,contrast,1.1,1.0,-0.1303415298461914,pbs,/home/dineth/focus_measure/datasets/New folder/bma pbf tfa/pbs_imgs/FieldPos318_Cam01_RGB_MB/FieldPos318_Cam01_RGB_MB_page_12.png,-0.1303415298461914
random_k@k=1,blur,0.8,1.0,0.4649169445037842,pbs,/home/dineth/focus_measure/datasets/New folder/bma pbf tfa/pbs_imgs/FieldPos318_Cam01_RGB_MB/FieldPos318_Cam01_RGB_MB_page_12.png,0.4649169445037842
random_k@k=1,blur,1.2,1.0,0.7861361503601074,pbs,/home/dineth/focus_measure/datasets/New folder/bma pbf tfa/pbs_imgs/FieldPos318_Cam01_RGB_MB/FieldPos318_Cam01_RGB_MB_page_12.png,0.7861361503601074
random_k@k=1,noise,0.01,1.0,0.09145450592041016,pbs,/home/dineth/focus_measure/datasets/New folder/bma pbf tfa/pbs_imgs/FieldPos318_Cam01_RGB_MB/FieldPos318_Cam01_RGB_MB_page_12.png,0.09145450592041016
random_k@k=1,noise,0.02,1.0,0.169830322265625,pbs,/home/dineth/focus_measure/datasets/New folder/bma pbf tfa/pbs_imgs/FieldPos318_Cam01_RGB_MB/FieldPos318_Cam01_RGB_MB_page_12.png,0.169830322265625
random_k@k=1,brightness,0.05,1.0,0.25673961639404297,pbs,/home/dineth/focus_measure/datasets/New folder/bma pbf tfa/pbs_imgs/FieldPos318_Cam01_RGB_MB/FieldPos318_Cam01_RGB_MB_page_12.png,0.25673961639404297
random_k@k=1,brightness,-0.05,1.0,0.256864070892334,pbs,/home/dineth/focus_measure/datasets/New folder/bma pbf tfa/pbs_imgs/FieldPos318_Cam01_RGB_MB/FieldPos318_Cam01_RGB_MB_page_12.png,0.256864070892334
random_k@k=1,contrast,0.9,1.0,0.25653791427612305,pbs,/home/dineth/focus_measure/datasets/New folder/bma pbf tfa/pbs_imgs/FieldPos318_Cam01_RGB_MB/FieldPos318_Cam01_RGB_MB_page_12.png,0.25653791427612305
random_k@k=1,contrast,1.1,1.0,0.25641775131225586,pbs,/home/dineth/focus_measure/datasets/New folder/bma pbf tfa/pbs_imgs/FieldPos318_Cam01_RGB_MB/FieldPos318_Cam01_RGB_MB_page_12.png,0.25641775131225586
random_k@k=3,blur,0.8,1.0,0.34314441680908203,pbs,/home/dineth/focus_measure/datasets/New folder/bma pbf tfa/pbs_imgs/FieldPos318_Cam01_RGB_MB/FieldPos318_Cam01_RGB_MB_page_12.png,0.34314441680908203
random_k@k=3,blur,1.2,1.0,0.6403203010559082,pbs,/home/dineth/focus_measure/datasets/New folder/bma pbf tfa/pbs_imgs/FieldPos318_Cam01_RGB_MB/FieldPos318_Cam01_RGB_MB_page_12.png,0.6403203010559082
random_k@k=3,noise,0.01,1.0,0.15960311889648438,pbs,/home/dineth/focus_measure/datasets/New folder/bma pbf tfa/pbs_imgs/FieldPos318_Cam01_RGB_MB/FieldPos318_Cam01_RGB_MB_page_12.png,0.15960311889648438
random_k@k=3,noise,0.02,1.0,0.22989511489868164,pbs,/home/dineth/focus_measure/datasets/New folder/bma pbf tfa/pbs_imgs/FieldPos318_Cam01_RGB_MB/FieldPos318_Cam01_RGB_MB_page_12.png,0.22989511489868164
random_k@k=3,brightness,0.05,1.0,0.16507720947265625,pbs,/home/dineth/focus_measure/datasets/New folder/bma pbf tfa/pbs_imgs/FieldPos318_Cam01_RGB_MB/FieldPos318_Cam01_RGB_MB_page_12.png,0.16507720947265625
random_k@k=3,brightness,-0.05,1.0,0.16500377655029297,pbs,/home/dineth/focus_measure/datasets/New folder/bma pbf tfa/pbs_imgs/FieldPos318_Cam01_RGB_MB/FieldPos318_Cam01_RGB_MB_page_12.png,0.16500377655029297
random_k@k=3,contrast,0.9,1.0,0.16521358489990234,pbs,/home/dineth/focus_measure/datasets/New folder/bma pbf tfa/pbs_imgs/FieldPos318_Cam01_RGB_MB/FieldPos318_Cam01_RGB_MB_page_12.png,0.16521358489990234
random_k@k=3,contrast,1.1,1.0,0.1650395393371582,pbs,/home/dineth/focus_measure/datasets/New folder/bma pbf tfa/pbs_imgs/FieldPos318_Cam01_RGB_MB/FieldPos318_Cam01_RGB_MB_page_12.png,0.1650395393371582
random_k@k=5,blur,0.8,1.0,0.15872812271118164,pbs,/home/dineth/focus_measure/datasets/New folder/bma pbf tfa/pbs_imgs/FieldPos318_Cam01_RGB_MB/FieldPos318_Cam01_RGB_MB_page_12.png,0.15872812271118164
random_k@k=5,blur,1.2,1.0,0.45618581771850586,pbs,/home/dineth/focus_measure/datasets/New folder/bma pbf tfa/pbs_imgs/FieldPos318_Cam01_RGB_MB/FieldPos318_Cam01_RGB_MB_page_12.png,0.45618581771850586
random_k@k=5,noise,0.01,1.0,-0.024459362030029297,pbs,/home/dineth/focus_measure/datasets/New folder/bma pbf tfa/pbs_imgs/FieldPos318_Cam01_RGB_MB/FieldPos318_Cam01_RGB_MB_page_12.png,-0.024459362030029297
random_k@k=5,noise,0.02,1.0,0.04606056213378906,pbs,/home/dineth/focus_measure/datasets/New folder/bma pbf tfa/pbs_imgs/FieldPos318_Cam01_RGB_MB/FieldPos318_Cam01_RGB_MB_page_12.png,0.04606056213378906
random_k@k=5,brightness,0.05,1.0,-0.019223690032958984,pbs,/home/dineth/focus_measure/datasets/New folder/bma pbf tfa/pbs_imgs/FieldPos318_Cam01_RGB_MB/FieldPos318_Cam01_RGB_MB_page_12.png,-0.019223690032958984
random_k@k=5,brightness,-0.05,1.0,-0.019084930419921875,pbs,/home/dineth/focus_measure/datasets/New folder/bma pbf tfa/pbs_imgs/FieldPos318_Cam01_RGB_MB/FieldPos318_Cam01_RGB_MB_page_12.png,-0.019084930419921875
random_k@k=5,contrast,0.9,1.0,-0.018946170806884766,pbs,/home/dineth/focus_measure/datasets/New folder/bma pbf tfa/pbs_imgs/FieldPos318_Cam01_RGB_MB/FieldPos318_Cam01_RGB_MB_page_12.png,-0.018946170806884766
random_k@k=5,contrast,1.1,1.0,-0.019082069396972656,pbs,/home/dineth/focus_measure/datasets/New folder/bma pbf tfa/pbs_imgs/FieldPos318_Cam01_RGB_MB/FieldPos318_Cam01_RGB_MB_page_12.png,-0.019082069396972656
random_k@k=7,blur,0.8,1.0,0.19756317138671875,pbs,/home/dineth/focus_measure/datasets/New folder/bma pbf tfa/pbs_imgs/FieldPos318_Cam01_RGB_MB/FieldPos318_Cam01_RGB_MB_page_12.png,0.19756317138671875
random_k@k=7,blur,1.2,1.0,0.6552095413208008,pbs,/home/dineth/focus_measure/datasets/New folder/bma pbf tfa/pbs_imgs/FieldPos318_Cam01_RGB_MB/FieldPos318_Cam01_RGB_MB_page_12.png,0.6552095413208008
random_k@k=7,noise,0.01,1.0,0.16671180725097656,pbs,/home/dineth/focus_measure/datasets/New folder/bma pbf tfa/pbs_imgs/FieldPos318_Cam01_RGB_MB/FieldPos318_Cam01_RGB_MB_page_12.png,0.16671180725097656
random_k@k=7,noise,0.02,1.0,0.06969165802001953,pbs,/home/dineth/focus_measure/datasets/New folder/bma pbf tfa/pbs_imgs/FieldPos318_Cam01_RGB_MB/FieldPos318_Cam01_RGB_MB_page_12.png,0.06969165802001953
random_k@k=7,brightness,0.05,1.0,-0.030937671661376953,pbs,/home/dineth/focus_measure/datasets/New folder/bma pbf tfa/pbs_imgs/FieldPos318_Cam01_RGB_MB/FieldPos318_Cam01_RGB_MB_page_12.png,-0.030937671661376953
random_k@k=7,brightness,-0.05,1.0,-0.03139781951904297,pbs,/home/dineth/focus_measure/datasets/New folder/bma pbf tfa/pbs_imgs/FieldPos318_Cam01_RGB_MB/FieldPos318_Cam01_RGB_MB_page_12.png,-0.03139781951904297
random_k@k=7,contrast,0.9,1.0,-0.03101491928100586,pbs,/home/dineth/focus_measure/datasets/New folder/bma pbf tfa/pbs_imgs/FieldPos318_Cam01_RGB_MB/FieldPos318_Cam01_RGB_MB_page_12.png,-0.03101491928100586
random_k@k=7,contrast,1.1,1.0,-0.031162738800048828,pbs,/home/dineth/focus_measure/datasets/New folder/bma pbf tfa/pbs_imgs/FieldPos318_Cam01_RGB_MB/FieldPos318_Cam01_RGB_MB_page_12.png,-0.031162738800048828
focus_only_topk@k=1,blur,0.8,0.0,0.24429559707641602,pbs,/home/dineth/focus_measure/datasets/New folder/bma pbf tfa/pbs_imgs/FieldPos318_Cam01_RGB_MB/FieldPos318_Cam01_RGB_MB_page_12.png,0.24429559707641602
focus_only_topk@k=1,blur,1.2,0.0,0.5318336486816406,pbs,/home/dineth/focus_measure/datasets/New folder/bma pbf tfa/pbs_imgs/FieldPos318_Cam01_RGB_MB/FieldPos318_Cam01_RGB_MB_page_12.png,0.5318336486816406
focus_only_topk@k=1,noise,0.01,1.0,0.40422582626342773,pbs,/home/dineth/focus_measure/datasets/New folder/bma pbf tfa/pbs_imgs/FieldPos318_Cam01_RGB_MB/FieldPos318_Cam01_RGB_MB_page_12.png,0.40422582626342773
focus_only_topk@k=1,noise,0.02,0.0,-0.07075214385986328,pbs,/home/dineth/focus_measure/datasets/New folder/bma pbf tfa/pbs_imgs/FieldPos318_Cam01_RGB_MB/FieldPos318_Cam01_RGB_MB_page_12.png,-0.07075214385986328
focus_only_topk@k=1,brightness,0.05,1.0,0.14914417266845703,pbs,/home/dineth/focus_measure/datasets/New folder/bma pbf tfa/pbs_imgs/FieldPos318_Cam01_RGB_MB/FieldPos318_Cam01_RGB_MB_page_12.png,0.14914417266845703
focus_only_topk@k=1,brightness,-0.05,1.0,0.14916706085205078,pbs,/home/dineth/focus_measure/datasets/New folder/bma pbf tfa/pbs_imgs/FieldPos318_Cam01_RGB_MB/FieldPos318_Cam01_RGB_MB_page_12.png,0.14916706085205078
focus_only_topk@k=1,contrast,0.9,1.0,0.14931535720825195,pbs,/home/dineth/focus_measure/datasets/New folder/bma pbf tfa/pbs_imgs/FieldPos318_Cam01_RGB_MB/FieldPos318_Cam01_RGB_MB_page_12.png,0.14931535720825195
focus_only_topk@k=1,contrast,1.1,1.0,0.14939260482788086,pbs,/home/dineth/focus_measure/datasets/New folder/bma pbf tfa/pbs_imgs/FieldPos318_Cam01_RGB_MB/FieldPos318_Cam01_RGB_MB_page_12.png,0.14939260482788086
focus_only_topk@k=3,blur,0.8,0.0,0.34725356101989746,pbs,/home/dineth/focus_measure/datasets/New folder/bma pbf tfa/pbs_imgs/FieldPos318_Cam01_RGB_MB/FieldPos318_Cam01_RGB_MB_page_12.png,0.34725356101989746
focus_only_topk@k=3,blur,1.2,0.0,0.6457226276397705,pbs,/home/dineth/focus_measure/datasets/New folder/bma pbf tfa/pbs_imgs/FieldPos318_Cam01_RGB_MB/FieldPos318_Cam01_RGB_MB_page_12.png,0.6457226276397705
focus_only_topk@k=3,noise,0.01,1.0,0.31314563751220703,pbs,/home/dineth/focus_measure/datasets/New folder/bma pbf tfa/pbs_imgs/FieldPos318_Cam01_RGB_MB/FieldPos318_Cam01_RGB_MB_page_12.png,0.31314563751220703
focus_only_topk@k=3,noise,0.02,1.0,0.25492429733276367,pbs,/home/dineth/focus_measure/datasets/New folder/bma pbf tfa/pbs_imgs/FieldPos318_Cam01_RGB_MB/FieldPos318_Cam01_RGB_MB_page_12.png,0.25492429733276367
focus_only_topk@k=3,brightness,0.05,1.0,0.14905357360839844,pbs,/home/dineth/focus_measure/datasets/New folder/bma pbf tfa/pbs_imgs/FieldPos318_Cam01_RGB_MB/FieldPos318_Cam01_RGB_MB_page_12.png,0.14905357360839844
focus_only_topk@k=3,brightness,-0.05,1.0,0.14900684356689453,pbs,/home/dineth/focus_measure/datasets/New folder/bma pbf tfa/pbs_imgs/FieldPos318_Cam01_RGB_MB/FieldPos318_Cam01_RGB_MB_page_12.png,0.14900684356689453
focus_only_topk@k=3,contrast,0.9,0.5,0.14909934997558594,pbs,/home/dineth/focus_measure/datasets/New folder/bma pbf tfa/pbs_imgs/FieldPos318_Cam01_RGB_MB/FieldPos318_Cam01_RGB_MB_page_12.png,0.14909934997558594
focus_only_topk@k=3,contrast,1.1,1.0,0.1488814353942871,pbs,/home/dineth/focus_measure/datasets/New folder/bma pbf tfa/pbs_imgs/FieldPos318_Cam01_RGB_MB/FieldPos318_Cam01_RGB_MB_page_12.png,0.1488814353942871
focus_only_topk@k=5,blur,0.8,0.1111111111111111,0.3933901786804199,pbs,/home/dineth/focus_measure/datasets/New folder/bma pbf tfa/pbs_imgs/FieldPos318_Cam01_RGB_MB/FieldPos318_Cam01_RGB_MB_page_12.png,0.3933901786804199
focus_only_topk@k=5,blur,1.2,0.1111111111111111,0.6919858455657959,pbs,/home/dineth/focus_measure/datasets/New folder/bma pbf tfa/pbs_imgs/FieldPos318_Cam01_RGB_MB/FieldPos318_Cam01_RGB_MB_page_12.png,0.6919858455657959
focus_only_topk@k=5,noise,0.01,0.6666666666666666,-0.024943828582763672,pbs,/home/dineth/focus_measure/datasets/New folder/bma pbf tfa/pbs_imgs/FieldPos318_Cam01_RGB_MB/FieldPos318_Cam01_RGB_MB_page_12.png,-0.024943828582763672
focus_only_topk@k=5,noise,0.02,0.6666666666666666,-0.02471923828125,pbs,/home/dineth/focus_measure/datasets/New folder/bma pbf tfa/pbs_imgs/FieldPos318_Cam01_RGB_MB/FieldPos318_Cam01_RGB_MB_page_12.png,-0.02471923828125
focus_only_topk@k=5,brightness,0.05,1.0,0.17181062698364258,pbs,/home/dineth/focus_measure/datasets/New folder/bma pbf tfa/pbs_imgs/FieldPos318_Cam01_RGB_MB/FieldPos318_Cam01_RGB_MB_page_12.png,0.17181062698364258
focus_only_topk@k=5,brightness,-0.05,1.0,0.17188549041748047,pbs,/home/dineth/focus_measure/datasets/New folder/bma pbf tfa/pbs_imgs/FieldPos318_Cam01_RGB_MB/FieldPos318_Cam01_RGB_MB_page_12.png,0.17188549041748047
focus_only_topk@k=5,contrast,0.9,0.6666666666666666,0.1720752716064453,pbs,/home/dineth/focus_measure/datasets/New folder/bma pbf tfa/pbs_imgs/FieldPos318_Cam01_RGB_MB/FieldPos318_Cam01_RGB_MB_page_12.png,0.1720752716064453
focus_only_topk@k=5,contrast,1.1,0.6666666666666666,0.17172002792358398,pbs,/home/dineth/focus_measure/datasets/New folder/bma pbf tfa/pbs_imgs/FieldPos318_Cam01_RGB_MB/FieldPos318_Cam01_RGB_MB_page_12.png,0.17172002792358398
focus_only_topk@k=7,blur,0.8,0.2727272727272727,0.4492964744567871,pbs,/home/dineth/focus_measure/datasets/New folder/bma pbf tfa/pbs_imgs/FieldPos318_Cam01_RGB_MB/FieldPos318_Cam01_RGB_MB_page_12.png,0.4492964744567871
focus_only_topk@k=7,blur,1.2,0.2727272727272727,0.7478921413421631,pbs,/home/dineth/focus_measure/datasets/New folder/bma pbf tfa/pbs_imgs/FieldPos318_Cam01_RGB_MB/FieldPos318_Cam01_RGB_MB_page_12.png,0.7478921413421631
focus_only_topk@k=7,noise,0.01,0.75,0.2011423110961914,pbs,/home/dineth/focus_measure/datasets/New folder/bma pbf tfa/pbs_imgs/FieldPos318_Cam01_RGB_MB/FieldPos318_Cam01_RGB_MB_page_12.png,0.2011423110961914
focus_only_topk@k=7,noise,0.02,0.4,0.031187057495117188,pbs,/home/dineth/focus_measure/datasets/New folder/bma pbf tfa/pbs_imgs/FieldPos318_Cam01_RGB_MB/FieldPos318_Cam01_RGB_MB_page_12.png,0.031187057495117188
focus_only_topk@k=7,brightness,0.05,1.0,0.21414566040039062,pbs,/home/dineth/focus_measure/datasets/New folder/bma pbf tfa/pbs_imgs/FieldPos318_Cam01_RGB_MB/FieldPos318_Cam01_RGB_MB_page_12.png,0.21414566040039062
focus_only_topk@k=7,brightness,-0.05,1.0,0.21416568756103516,pbs,/home/dineth/focus_measure/datasets/New folder/bma pbf tfa/pbs_imgs/FieldPos318_Cam01_RGB_MB/FieldPos318_Cam01_RGB_MB_page_12.png,0.21416568756103516
focus_only_topk@k=7,contrast,0.9,0.75,0.21411609649658203,pbs,/home/dineth/focus_measure/datasets/New folder/bma pbf tfa/pbs_imgs/FieldPos318_Cam01_RGB_MB/FieldPos318_Cam01_RGB_MB_page_12.png,0.21411609649658203
focus_only_topk@k=7,contrast,1.1,0.75,0.21414804458618164,pbs,/home/dineth/focus_measure/datasets/New folder/bma pbf tfa/pbs_imgs/FieldPos318_Cam01_RGB_MB/FieldPos318_Cam01_RGB_MB_page_12.png,0.21414804458618164
occupancy_only_topk@k=1,blur,0.8,1.0,0.20902252197265625,pbs,/home/dineth/focus_measure/datasets/New folder/bma pbf tfa/pbs_imgs/FieldPos318_Cam01_RGB_MB/FieldPos318_Cam01_RGB_MB_page_12.png,0.20902252197265625
occupancy_only_topk@k=1,blur,1.2,1.0,0.47819089889526367,pbs,/home/dineth/focus_measure/datasets/New folder/bma pbf tfa/pbs_imgs/FieldPos318_Cam01_RGB_MB/FieldPos318_Cam01_RGB_MB_page_12.png,0.47819089889526367
occupancy_only_topk@k=1,noise,0.01,1.0,0.06641292572021484,pbs,/home/dineth/focus_measure/datasets/New folder/bma pbf tfa/pbs_imgs/FieldPos318_Cam01_RGB_MB/FieldPos318_Cam01_RGB_MB_page_12.png,0.06641292572021484
occupancy_only_topk@k=1,noise,0.02,0.0,0.22799396514892578,pbs,/home/dineth/focus_measure/datasets/New folder/bma pbf tfa/pbs_imgs/FieldPos318_Cam01_RGB_MB/FieldPos318_Cam01_RGB_MB_page_12.png,0.22799396514892578
occupancy_only_topk@k=1,brightness,0.05,0.0,-0.24686431884765625,pbs,/home/dineth/focus_measure/datasets/New folder/bma pbf tfa/pbs_imgs/FieldPos318_Cam01_RGB_MB/FieldPos318_Cam01_RGB_MB_page_12.png,-0.24686431884765625
occupancy_only_topk@k=1,brightness,-0.05,1.0,0.14701509475708008,pbs,/home/dineth/focus_measure/datasets/New folder/bma pbf tfa/pbs_imgs/FieldPos318_Cam01_RGB_MB/FieldPos318_Cam01_RGB_MB_page_12.png,0.14701509475708008
occupancy_only_topk@k=1,contrast,0.9,0.0,0.07929754257202148,pbs,/home/dineth/focus_measure/datasets/New folder/bma pbf tfa/pbs_imgs/FieldPos318_Cam01_RGB_MB/FieldPos318_Cam01_RGB_MB_page_12.png,0.07929754257202148
occupancy_only_topk@k=1,contrast,1.1,1.0,0.14713668823242188,pbs,/home/dineth/focus_measure/datasets/New folder/bma pbf tfa/pbs_imgs/FieldPos318_Cam01_RGB_MB/FieldPos318_Cam01_RGB_MB_page_12.png,0.14713668823242188
occupancy_only_topk@k=3,blur,0.8,1.0,0.08761835098266602,pbs,/home/dineth/focus_measure/datasets/New folder/bma pbf tfa/pbs_imgs/FieldPos318_Cam01_RGB_MB/FieldPos318_Cam01_RGB_MB_page_12.png,0.08761835098266602
occupancy_only_topk@k=3,blur,1.2,1.0,0.35053467750549316,pbs,/home/dineth/focus_measure/datasets/New folder/bma pbf tfa/pbs_imgs/FieldPos318_Cam01_RGB_MB/FieldPos318_Cam01_RGB_MB_page_12.png,0.35053467750549316
occupancy_only_topk@k=3,noise,0.01,0.5,0.27697086334228516,pbs,/home/dineth/focus_measure/datasets/New folder/bma pbf tfa/pbs_imgs/FieldPos318_Cam01_RGB_MB/FieldPos318_Cam01_RGB_MB_page_12.png,0.27697086334228516
occupancy_only_topk@k=3,noise,0.02,0.0,-0.13355255126953125,pbs,/home/dineth/focus_measure/datasets/New folder/bma pbf tfa/pbs_imgs/FieldPos318_Cam01_RGB_MB/FieldPos318_Cam01_RGB_MB_page_12.png,-0.13355255126953125
occupancy_only_topk@k=3,brightness,0.05,0.0,-0.11752653121948242,pbs,/home/dineth/focus_measure/datasets/New folder/bma pbf tfa/pbs_imgs/FieldPos318_Cam01_RGB_MB/FieldPos318_Cam01_RGB_MB_page_12.png,-0.11752653121948242
occupancy_only_topk@k=3,brightness,-0.05,1.0,0.20810604095458984,pbs,/home/dineth/focus_measure/datasets/New folder/bma pbf tfa/pbs_imgs/FieldPos318_Cam01_RGB_MB/FieldPos318_Cam01_RGB_MB_page_12.png,0.20810604095458984
occupancy_only_topk@k=3,contrast,0.9,1.0,0.20813941955566406,pbs,/home/dineth/focus_measure/datasets/New folder/bma pbf tfa/pbs_imgs/FieldPos318_Cam01_RGB_MB/FieldPos318_Cam01_RGB_MB_page_12.png,0.20813941955566406
occupancy_only_topk@k=3,contrast,1.1,1.0,0.20777463912963867,pbs,/home/dineth/focus_measure/datasets/New folder/bma pbf tfa/pbs_imgs/FieldPos318_Cam01_RGB_MB/FieldPos318_Cam01_RGB_MB_page_12.png,0.20777463912963867
occupancy_only_topk@k=5,blur,0.8,0.6666666666666666,0.3727245330810547,pbs,/home/dineth/focus_measure/datasets/New folder/bma pbf tfa/pbs_imgs/FieldPos318_Cam01_RGB_MB/FieldPos318_Cam01_RGB_MB_page_12.png,0.3727245330810547
occupancy_only_topk@k=5,blur,1.2,0.6666666666666666,0.7317214012145996,pbs,/home/dineth/focus_measure/datasets/New folder/bma pbf tfa/pbs_imgs/FieldPos318_Cam01_RGB_MB/FieldPos318_Cam01_RGB_MB_page_12.png,0.7317214012145996
occupancy_only_topk@k=5,noise,0.01,0.6666666666666666,0.35269975662231445,pbs,/home/dineth/focus_measure/datasets/New folder/bma pbf tfa/pbs_imgs/FieldPos318_Cam01_RGB_MB/FieldPos318_Cam01_RGB_MB_page_12.png,0.35269975662231445
occupancy_only_topk@k=5,noise,0.02,0.1111111111111111,0.514270544052124,pbs,/home/dineth/focus_measure/datasets/New folder/bma pbf tfa/pbs_imgs/FieldPos318_Cam01_RGB_MB/FieldPos318_Cam01_RGB_MB_page_12.png,0.514270544052124
occupancy_only_topk@k=5,brightness,0.05,0.25,0.039414405822753906,pbs,/home/dineth/focus_measure/datasets/New folder/bma pbf tfa/pbs_imgs/FieldPos318_Cam01_RGB_MB/FieldPos318_Cam01_RGB_MB_page_12.png,0.039414405822753906
occupancy_only_topk@k=5,brightness,-0.05,0.6666666666666666,0.18657541275024414,pbs,/home/dineth/focus_measure/datasets/New folder/bma pbf tfa/pbs_imgs/FieldPos318_Cam01_RGB_MB/FieldPos318_Cam01_RGB_MB_page_12.png,0.18657541275024414
occupancy_only_topk@k=5,contrast,0.9,1.0,0.16243457794189453,pbs,/home/dineth/focus_measure/datasets/New folder/bma pbf tfa/pbs_imgs/FieldPos318_Cam01_RGB_MB/FieldPos318_Cam01_RGB_MB_page_12.png,0.16243457794189453
occupancy_only_topk@k=5,contrast,1.1,0.6666666666666666,0.1623058319091797,pbs,/home/dineth/focus_measure/datasets/New folder/bma pbf tfa/pbs_imgs/FieldPos318_Cam01_RGB_MB/FieldPos318_Cam01_RGB_MB_page_12.png,0.1623058319091797
occupancy_only_topk@k=7,blur,0.8,1.0,0.28433990478515625,pbs,/home/dineth/focus_measure/datasets/New folder/bma pbf tfa/pbs_imgs/FieldPos318_Cam01_RGB_MB/FieldPos318_Cam01_RGB_MB_page_12.png,0.28433990478515625
occupancy_only_topk@k=7,blur,1.2,1.0,0.5076513290405273,pbs,/home/dineth/focus_measure/datasets/New folder/bma pbf tfa/pbs_imgs/FieldPos318_Cam01_RGB_MB/FieldPos318_Cam01_RGB_MB_page_12.png,0.5076513290405273
occupancy_only_topk@k=7,noise,0.01,0.75,0.18500566482543945,pbs,/home/dineth/focus_measure/datasets/New folder/bma pbf tfa/pbs_imgs/FieldPos318_Cam01_RGB_MB/FieldPos318_Cam01_RGB_MB_page_12.png,0.18500566482543945
occupancy_only_topk@k=7,noise,0.02,0.16666666666666666,0.3763599395751953,pbs,/home/dineth/focus_measure/datasets/New folder/bma pbf tfa/pbs_imgs/FieldPos318_Cam01_RGB_MB/FieldPos318_Cam01_RGB_MB_page_12.png,0.3763599395751953
occupancy_only_topk@k=7,brightness,0.05,0.4,0.039414405822753906,pbs,/home/dineth/focus_measure/datasets/New folder/bma pbf tfa/pbs_imgs/FieldPos318_Cam01_RGB_MB/FieldPos318_Cam01_RGB_MB_page_12.png,0.039414405822753906
occupancy_only_topk@k=7,brightness,-0.05,0.5555555555555556,0.16197443008422852,pbs,/home/dineth/focus_measure/datasets/New folder/bma pbf tfa/pbs_imgs/FieldPos318_Cam01_RGB_MB/FieldPos318_Cam01_RGB_MB_page_12.png,0.16197443008422852
occupancy_only_topk@k=7,contrast,0.9,0.75,0.16243457794189453,pbs,/home/dineth/focus_measure/datasets/New folder/bma pbf tfa/pbs_imgs/FieldPos318_Cam01_RGB_MB/FieldPos318_Cam01_RGB_MB_page_12.png,0.16243457794189453
occupancy_only_topk@k=7,contrast,1.1,0.75,0.09032678604125977,pbs,/home/dineth/focus_measure/datasets/New folder/bma pbf tfa/pbs_imgs/FieldPos318_Cam01_RGB_MB/FieldPos318_Cam01_RGB_MB_page_12.png,0.09032678604125977
hybrid_proposed,blur,0.8,0.6,0.3230576515197754,pbs,/home/dineth/focus_measure/datasets/New folder/bma pbf tfa/pbs_imgs/FieldPos318_Cam01_RGB_MB/FieldPos318_Cam01_RGB_MB_page_12.png,0.3230576515197754
hybrid_proposed,blur,1.2,0.6,0.604560136795044,pbs,/home/dineth/focus_measure/datasets/New folder/bma pbf tfa/pbs_imgs/FieldPos318_Cam01_RGB_MB/FieldPos318_Cam01_RGB_MB_page_12.png,0.604560136795044
hybrid_proposed,noise,0.01,0.9649122807017544,-0.0771794319152832,pbs,/home/dineth/focus_measure/datasets/New folder/bma pbf tfa/pbs_imgs/FieldPos318_Cam01_RGB_MB/FieldPos318_Cam01_RGB_MB_page_12.png,-0.0771794319152832
hybrid_proposed,noise,0.02,0.7230769230769231,0.06491708755493164,pbs,/home/dineth/focus_measure/datasets/New folder/bma pbf tfa/pbs_imgs/FieldPos318_Cam01_RGB_MB/FieldPos318_Cam01_RGB_MB_page_12.png,0.06491708755493164
hybrid_proposed,brightness,0.05,0.9649122807017544,-0.08271121978759766,pbs,/home/dineth/focus_measure/datasets/New folder/bma pbf tfa/pbs_imgs/FieldPos318_Cam01_RGB_MB/FieldPos318_Cam01_RGB_MB_page_12.png,-0.08271121978759766
hybrid_proposed,brightness,-0.05,0.9310344827586207,-0.08601856231689453,pbs,/home/dineth/focus_measure/datasets/New folder/bma pbf tfa/pbs_imgs/FieldPos318_Cam01_RGB_MB/FieldPos318_Cam01_RGB_MB_page_12.png,-0.08601856231689453
hybrid_proposed,contrast,0.9,0.8064516129032258,-0.08282279968261719,pbs,/home/dineth/focus_measure/datasets/New folder/bma pbf tfa/pbs_imgs/FieldPos318_Cam01_RGB_MB/FieldPos318_Cam01_RGB_MB_page_12.png,-0.08282279968261719
hybrid_proposed,contrast,1.1,0.9649122807017544,-0.082489013671875,pbs,/home/dineth/focus_measure/datasets/New folder/bma pbf tfa/pbs_imgs/FieldPos318_Cam01_RGB_MB/FieldPos318_Cam01_RGB_MB_page_12.png,-0.082489013671875
all_rois,blur,0.8,1.0,0.48085737228393555,pbs,/home/dineth/focus_measure/datasets/New folder/bma pbf tfa/pbs_imgs/FieldPos318_Cam01_RGB_MB/FieldPos318_Cam01_RGB_MB_page_12.png,0.48085737228393555
all_rois,blur,1.2,1.0,0.739905834197998,pbs,/home/dineth/focus_measure/datasets/New folder/bma pbf tfa/pbs_imgs/FieldPos318_Cam01_RGB_MB/FieldPos318_Cam01_RGB_MB_page_12.png,0.739905834197998
all_rois,noise,0.01,1.0,0.12214469909667969,pbs,/home/dineth/focus_measure/datasets/New folder/bma pbf tfa/pbs_imgs/FieldPos318_Cam01_RGB_MB/FieldPos318_Cam01_RGB_MB_page_12.png,0.12214469909667969
all_rois,noise,0.02,1.0,0.26500988006591797,pbs,/home/dineth/focus_measure/datasets/New folder/bma pbf tfa/pbs_imgs/FieldPos318_Cam01_RGB_MB/FieldPos318_Cam01_RGB_MB_page_12.png,0.26500988006591797
all_rois,brightness,0.05,1.0,0.11002063751220703,pbs,/home/dineth/focus_measure/datasets/New folder/bma pbf tfa/pbs_imgs/FieldPos318_Cam01_RGB_MB/FieldPos318_Cam01_RGB_MB_page_12.png,0.11002063751220703
all_rois,brightness,-0.05,1.0,0.11000728607177734,pbs,/home/dineth/focus_measure/datasets/New folder/bma pbf tfa/pbs_imgs/FieldPos318_Cam01_RGB_MB/FieldPos318_Cam01_RGB_MB_page_12.png,0.11000728607177734
all_rois,contrast,0.9,1.0,0.10992145538330078,pbs,/home/dineth/focus_measure/datasets/New folder/bma pbf tfa/pbs_imgs/FieldPos318_Cam01_RGB_MB/FieldPos318_Cam01_RGB_MB_page_12.png,0.10992145538330078
all_rois,contrast,1.1,1.0,0.10963726043701172,pbs,/home/dineth/focus_measure/datasets/New folder/bma pbf tfa/pbs_imgs/FieldPos318_Cam01_RGB_MB/FieldPos318_Cam01_RGB_MB_page_12.png,0.10963726043701172
cnn_adaptive,blur,0.8,0.6,0.3230576515197754,pbs,/home/dineth/focus_measure/datasets/New folder/bma pbf tfa/pbs_imgs/FieldPos318_Cam01_RGB_MB/FieldPos318_Cam01_RGB_MB_page_12.png,0.3230576515197754
cnn_adaptive,blur,1.2,0.6,0.604560136795044,pbs,/home/dineth/focus_measure/datasets/New folder/bma pbf tfa/pbs_imgs/FieldPos318_Cam01_RGB_MB/FieldPos318_Cam01_RGB_MB_page_12.png,0.604560136795044
cnn_adaptive,noise,0.01,0.9649122807017544,-0.0771794319152832,pbs,/home/dineth/focus_measure/datasets/New folder/bma pbf tfa/pbs_imgs/FieldPos318_Cam01_RGB_MB/FieldPos318_Cam01_RGB_MB_page_12.png,-0.0771794319152832
cnn_adaptive,noise,0.02,0.7230769230769231,0.06491708755493164,pbs,/home/dineth/focus_measure/datasets/New folder/bma pbf tfa/pbs_imgs/FieldPos318_Cam01_RGB_MB/FieldPos318_Cam01_RGB_MB_page_12.png,0.06491708755493164
cnn_adaptive,brightness,0.05,0.9649122807017544,-0.08271121978759766,pbs,/home/dineth/focus_measure/datasets/New folder/bma pbf tfa/pbs_imgs/FieldPos318_Cam01_RGB_MB/FieldPos318_Cam01_RGB_MB_page_12.png,-0.08271121978759766
cnn_adaptive,brightness,-0.05,0.9310344827586207,-0.08601856231689453,pbs,/home/dineth/focus_measure/datasets/New folder/bma pbf tfa/pbs_imgs/FieldPos318_Cam01_RGB_MB/FieldPos318_Cam01_RGB_MB_page_12.png,-0.08601856231689453
cnn_adaptive,contrast,0.9,0.8064516129032258,-0.08282279968261719,pbs,/home/dineth/focus_measure/datasets/New folder/bma pbf tfa/pbs_imgs/FieldPos318_Cam01_RGB_MB/FieldPos318_Cam01_RGB_MB_page_12.png,-0.08282279968261719
cnn_adaptive,contrast,1.1,0.9649122807017544,-0.082489013671875,pbs,/home/dineth/focus_measure/datasets/New folder/bma pbf tfa/pbs_imgs/FieldPos318_Cam01_RGB_MB/FieldPos318_Cam01_RGB_MB_page_12.png,-0.082489013671875
center_top1,blur,0.8,1.0,-0.016889750957489014,pbs,/home/dineth/focus_measure/datasets/New folder/bma pbf tfa/pbs_imgs/FieldPos374_Cam01_RGB_MB/FieldPos374_Cam01_RGB_MB_page_8.png,-0.016889750957489014
center_top1,blur,1.2,1.0,-0.026647120714187622,pbs,/home/dineth/focus_measure/datasets/New folder/bma pbf tfa/pbs_imgs/FieldPos374_Cam01_RGB_MB/FieldPos374_Cam01_RGB_MB_page_8.png,-0.026647120714187622
center_top1,noise,0.01,1.0,-0.021949291229248047,pbs,/home/dineth/focus_measure/datasets/New folder/bma pbf tfa/pbs_imgs/FieldPos374_Cam01_RGB_MB/FieldPos374_Cam01_RGB_MB_page_8.png,-0.021949291229248047
center_top1,noise,0.02,1.0,0.40038639307022095,pbs,/home/dineth/focus_measure/datasets/New folder/bma pbf tfa/pbs_imgs/FieldPos374_Cam01_RGB_MB/FieldPos374_Cam01_RGB_MB_page_8.png,0.40038639307022095
center_top1,brightness,0.05,1.0,0.04316297173500061,pbs,/home/dineth/focus_measure/datasets/New folder/bma pbf tfa/pbs_imgs/FieldPos374_Cam01_RGB_MB/FieldPos374_Cam01_RGB_MB_page_8.png,0.04316297173500061
center_top1,brightness,-0.05,1.0,0.043179869651794434,pbs,/home/dineth/focus_measure/datasets/New folder/bma pbf tfa/pbs_imgs/FieldPos374_Cam01_RGB_MB/FieldPos374_Cam01_RGB_MB_page_8.png,0.043179869651794434
center_top1,contrast,0.9,1.0,0.04314231872558594,pbs,/home/dineth/focus_measure/datasets/New folder/bma pbf tfa/pbs_imgs/FieldPos374_Cam01_RGB_MB/FieldPos374_Cam01_RGB_MB_page_8.png,0.04314231872558594
center_top1,contrast,1.1,1.0,0.04314470291137695,pbs,/home/dineth/focus_measure/datasets/New folder/bma pbf tfa/pbs_imgs/FieldPos374_Cam01_RGB_MB/FieldPos374_Cam01_RGB_MB_page_8.png,0.04314470291137695
random_k@k=1,blur,0.8,1.0,,pbs,/home/dineth/focus_measure/datasets/New folder/bma pbf tfa/pbs_imgs/FieldPos374_Cam01_RGB_MB/FieldPos374_Cam01_RGB_MB_page_8.png,
random_k@k=1,blur,1.2,1.0,1.330548644065857,pbs,/home/dineth/focus_measure/datasets/New folder/bma pbf tfa/pbs_imgs/FieldPos374_Cam01_RGB_MB/FieldPos374_Cam01_RGB_MB_page_8.png,1.330548644065857
random_k@k=1,noise,0.01,1.0,0.10655158758163452,pbs,/home/dineth/focus_measure/datasets/New folder/bma pbf tfa/pbs_imgs/FieldPos374_Cam01_RGB_MB/FieldPos374_Cam01_RGB_MB_page_8.png,0.10655158758163452
random_k@k=1,noise,0.02,1.0,,pbs,/home/dineth/focus_measure/datasets/New folder/bma pbf tfa/pbs_imgs/FieldPos374_Cam01_RGB_MB/FieldPos374_Cam01_RGB_MB_page_8.png,
random_k@k=1,brightness,0.05,1.0,0.013141393661499023,pbs,/home/dineth/focus_measure/datasets/New folder/bma pbf tfa/pbs_imgs/FieldPos374_Cam01_RGB_MB/FieldPos374_Cam01_RGB_MB_page_8.png,0.013141393661499023
random_k@k=1,brightness,-0.05,1.0,0.013134181499481201,pbs,/home/dineth/focus_measure/datasets/New folder/bma pbf tfa/pbs_imgs/FieldPos374_Cam01_RGB_MB/FieldPos374_Cam01_RGB_MB_page_8.png,0.013134181499481201
random_k@k=1,contrast,0.9,1.0,0.013020455837249756,pbs,/home/dineth/focus_measure/datasets/New folder/bma pbf tfa/pbs_imgs/FieldPos374_Cam01_RGB_MB/FieldPos374_Cam01_RGB_MB_page_8.png,0.013020455837249756
random_k@k=1,contrast,1.1,1.0,0.01299065351486206,pbs,/home/dineth/focus_measure/datasets/New folder/bma pbf tfa/pbs_imgs/FieldPos374_Cam01_RGB_MB/FieldPos374_Cam01_RGB_MB_page_8.png,0.01299065351486206
random_k@k=3,blur,0.8,1.0,0.19217044115066528,pbs,/home/dineth/focus_measure/datasets/New folder/bma pbf tfa/pbs_imgs/FieldPos374_Cam01_RGB_MB/FieldPos374_Cam01_RGB_MB_page_8.png,0.19217044115066528
random_k@k=3,blur,1.2,1.0,-0.05115121603012085,pbs,/home/dineth/focus_measure/datasets/New folder/bma pbf tfa/pbs_imgs/FieldPos374_Cam01_RGB_MB/FieldPos374_Cam01_RGB_MB_page_8.png,-0.05115121603012085
random_k@k=3,noise,0.01,1.0,-0.11072355508804321,pbs,/home/dineth/focus_measure/datasets/New folder/bma pbf tfa/pbs_imgs/FieldPos374_Cam01_RGB_MB/FieldPos374_Cam01_RGB_MB_page_8.png,-0.11072355508804321
random_k@k=3,noise,0.02,1.0,0.7188155055046082,pbs,/home/dineth/focus_measure/datasets/New folder/bma pbf tfa/pbs_imgs/FieldPos374_Cam01_RGB_MB/FieldPos374_Cam01_RGB_MB_page_8.png,0.7188155055046082
random_k@k=3,brightness,0.05,1.0,-0.2045152187347412,pbs,/home/dineth/focus_measure/datasets/New folder/bma pbf tfa/pbs_imgs/FieldPos374_Cam01_RGB_MB/FieldPos374_Cam01_RGB_MB_page_8.png,-0.2045152187347412
random_k@k=3,brightness,-0.05,1.0,-0.2044411301612854,pbs,/home/dineth/focus_measure/datasets/New folder/bma pbf tfa/pbs_imgs/FieldPos374_Cam01_RGB_MB/FieldPos374_Cam01_RGB_MB_page_8.png,-0.2044411301612854
random_k@k=3,contrast,0.9,1.0,-0.2043461799621582,pbs,/home/dineth/focus_measure/datasets/New folder/bma pbf tfa/pbs_imgs/FieldPos374_Cam01_RGB_MB/FieldPos374_Cam01_RGB_MB_page_8.png,-0.2043461799621582
random_k@k=3,contrast,1.1,1.0,-0.20444190502166748,pbs,/home/dineth/focus_measure/datasets/New folder/bma pbf tfa/pbs_imgs/FieldPos374_Cam01_RGB_MB/FieldPos374_Cam01_RGB_MB_page_8.png,-0.20444190502166748
random_k@k=5,blur,0.8,1.0,0.007813990116119385,pbs,/home/dineth/focus_measure/datasets/New folder/bma pbf tfa/pbs_imgs/FieldPos374_Cam01_RGB_MB/FieldPos374_Cam01_RGB_MB_page_8.png,0.007813990116119385
random_k@k=5,blur,1.2,1.0,0.09054219722747803,pbs,/home/dineth/focus_measure/datasets/New folder/bma pbf tfa/pbs_imgs/FieldPos374_Cam01_RGB_MB/FieldPos374_Cam01_RGB_MB_page_8.png,0.09054219722747803
random_k@k=5,noise,0.01,1.0,0.09487056732177734,pbs,/home/dineth/focus_measure/datasets/New folder/bma pbf tfa/pbs_imgs/FieldPos374_Cam01_RGB_MB/FieldPos374_Cam01_RGB_MB_page_8.png,0.09487056732177734
random_k@k=5,noise,0.02,1.0,0.9051810503005981,pbs,/home/dineth/focus_measure/datasets/New folder/bma pbf tfa/pbs_imgs/FieldPos374_Cam01_RGB_MB/FieldPos374_Cam01_RGB_MB_page_8.png,0.9051810503005981
random_k@k=5,brightness,0.05,1.0,-0.013549745082855225,pbs,/home/dineth/focus_measure/datasets/New folder/bma pbf tfa/pbs_imgs/FieldPos374_Cam01_RGB_MB/FieldPos374_Cam01_RGB_MB_page_8.png,-0.013549745082855225
random_k@k=5,brightness,-0.05,1.0,-0.013681799173355103,pbs,/home/dineth/focus_measure/datasets/New folder/bma pbf tfa/pbs_imgs/FieldPos374_Cam01_RGB_MB/FieldPos374_Cam01_RGB_MB_page_8.png,-0.013681799173355103
random_k@k=5,contrast,0.9,1.0,-0.013543188571929932,pbs,/home/dineth/focus_measure/datasets/New folder/bma pbf tfa/pbs_imgs/FieldPos374_Cam01_RGB_MB/FieldPos374_Cam01_RGB_MB_page_8.png,-0.013543188571929932
random_k@k=5,contrast,1.1,1.0,-0.013590335845947266,pbs,/home/dineth/focus_measure/datasets/New folder/bma pbf tfa/pbs_imgs/FieldPos374_Cam01_RGB_MB/FieldPos374_Cam01_RGB_MB_page_8.png,-0.013590335845947266
random_k@k=7,blur,0.8,1.0,-0.012701809406280518,pbs,/home/dineth/focus_measure/datasets/New folder/bma pbf tfa/pbs_imgs/FieldPos374_Cam01_RGB_MB/FieldPos374_Cam01_RGB_MB_page_8.png,-0.012701809406280518
random_k@k=7,blur,1.2,1.0,0.10973459482192993,pbs,/home/dineth/focus_measure/datasets/New folder/bma pbf tfa/pbs_imgs/FieldPos374_Cam01_RGB_MB/FieldPos374_Cam01_RGB_MB_page_8.png,0.10973459482192993
random_k@k=7,noise,0.01,1.0,0.11406296491622925,pbs,/home/dineth/focus_measure/datasets/New folder/bma pbf tfa/pbs_imgs/FieldPos374_Cam01_RGB_MB/FieldPos374_Cam01_RGB_MB_page_8.png,0.11406296491622925
random_k@k=7,noise,0.02,1.0,0.6355867981910706,pbs,/home/dineth/focus_measure/datasets/New folder/bma pbf tfa/pbs_imgs/FieldPos374_Cam01_RGB_MB/FieldPos374_Cam01_RGB_MB_page_8.png,0.6355867981910706
random_k@k=7,brightness,0.05,1.0,-0.013598918914794922,pbs,/home/dineth/focus_measure/datasets/New folder/bma pbf tfa/pbs_imgs/FieldPos374_Cam01_RGB_MB/FieldPos374_Cam01_RGB_MB_page_8.png,-0.013598918914794922
random_k@k=7,brightness,-0.05,1.0,-0.013567060232162476,pbs,/home/dineth/focus_measure/datasets/New folder/bma pbf tfa/pbs_imgs/FieldPos374_Cam01_RGB_MB/FieldPos374_Cam01_RGB_MB_page_8.png,-0.013567060232162476
random_k@k=7,contrast,0.9,1.0,-0.01355096697807312,pbs,/home/dineth/focus_measure/datasets/New folder/bma pbf tfa/pbs_imgs/FieldPos374_Cam01_RGB_MB/FieldPos374_Cam01_RGB_MB_page_8.png,-0.01355096697807312
random_k@k=7,contrast,1.1,1.0,-0.013567686080932617,pbs,/home/dineth/focus_measure/datasets/New folder/bma pbf tfa/pbs_imgs/FieldPos374_Cam01_RGB_MB/FieldPos374_Cam01_RGB_MB_page_8.png,-0.013567686080932617
focus_only_topk@k=1,blur,0.8,1.0,0.04201149940490723,pbs,/home/dineth/focus_measure/datasets/New folder/bma pbf tfa/pbs_imgs/FieldPos374_Cam01_RGB_MB/FieldPos374_Cam01_RGB_MB_page_8.png,0.04201149940490723
focus_only_topk@k=1,blur,1.2,1.0,0.15784579515457153,pbs,/home/dineth/focus_measure/datasets/New folder/bma pbf tfa/pbs_imgs/FieldPos374_Cam01_RGB_MB/FieldPos374_Cam01_RGB_MB_page_8.png,0.15784579515457153
focus_only_topk@k=1,noise,0.01,1.0,0.18850374221801758,pbs,/home/dineth/focus_measure/datasets/New folder/bma pbf tfa/pbs_imgs/FieldPos374_Cam01_RGB_MB/FieldPos374_Cam01_RGB_MB_page_8.png,0.18850374221801758
focus_only_topk@k=1,noise,0.02,1.0,0.6350906491279602,pbs,/home/dineth/focus_measure/datasets/New folder/bma pbf tfa/pbs_imgs/FieldPos374_Cam01_RGB_MB/FieldPos374_Cam01_RGB_MB_page_8.png,0.6350906491279602
focus_only_topk@k=1,brightness,0.05,1.0,-0.0013480782508850098,pbs,/home/dineth/focus_measure/datasets/New folder/bma pbf tfa/pbs_imgs/FieldPos374_Cam01_RGB_MB/FieldPos374_Cam01_RGB_MB_page_8.png,-0.0013480782508850098
focus_only_topk@k=1,brightness,-0.05,1.0,-0.0013019442558288574,pbs,/home/dineth/focus_measure/datasets/New folder/bma pbf tfa/pbs_imgs/FieldPos374_Cam01_RGB_MB/FieldPos374_Cam01_RGB_MB_page_8.png,-0.0013019442558288574
focus_only_topk@k=1,contrast,0.9,1.0,-0.0012898445129394531,pbs,/home/dineth/focus_measure/datasets/New folder/bma pbf tfa/pbs_imgs/FieldPos374_Cam01_RGB_MB/FieldPos374_Cam01_RGB_MB_page_8.png,-0.0012898445129394531
focus_only_topk@k=1,contrast,1.1,1.0,-0.0011557936668395996,pbs,/home/dineth/focus_measure/datasets/New folder/bma pbf tfa/pbs_imgs/FieldPos374_Cam01_RGB_MB/FieldPos374_Cam01_RGB_MB_page_8.png,-0.0011557936668395996
focus_only_topk@k=3,blur,0.8,1.0,0.0418703556060791,pbs,/home/dineth/focus_measure/datasets/New folder/bma pbf tfa/pbs_imgs/FieldPos374_Cam01_RGB_MB/FieldPos374_Cam01_RGB_MB_page_8.png,0.0418703556060791
focus_only_topk@k=3,blur,1.2,1.0,0.1577962040901184,pbs,/home/dineth/focus_measure/datasets/New folder/bma pbf tfa/pbs_imgs/FieldPos374_Cam01_RGB_MB/FieldPos374_Cam01_RGB_MB_page_8.png,0.1577962040901184
focus_only_topk@k=3,noise,0.01,1.0,0.1884700059890747,pbs,/home/dineth/focus_measure/datasets/New folder/bma pbf tfa/pbs_imgs/FieldPos374_Cam01_RGB_MB/FieldPos374_Cam01_RGB_MB_page_8.png,0.1884700059890747
focus_only_topk@k=3,noise,0.02,1.0,0.6350895762443542,pbs,/home/dineth/focus_measure/datasets/New folder/bma pbf tfa/pbs_imgs/FieldPos374_Cam01_RGB_MB/FieldPos374_Cam01_RGB_MB_page_8.png,0.6350895762443542
focus_only_topk@k=3,brightness,0.05,1.0,-0.0010744929313659668,pbs,/home/dineth/focus_measure/datasets/New folder/bma pbf tfa/pbs_imgs/FieldPos374_Cam01_RGB_MB/FieldPos374_Cam01_RGB_MB_page_8.png,-0.0010744929313659668
focus_only_topk@k=3,brightness,-0.05,1.0,-0.0011165142059326172,pbs,/home/dineth/focus_measure/datasets/New folder/bma pbf tfa/pbs_imgs/FieldPos374_Cam01_RGB_MB/FieldPos374_Cam01_RGB_MB_page_8.png,-0.0011165142059326172
focus_only_topk@k=3,contrast,0.9,1.0,-0.0013567805290222168,pbs,/home/dineth/focus_measure/datasets/New folder/bma pbf tfa/pbs_imgs/FieldPos374_Cam01_RGB_MB/FieldPos374_Cam01_RGB_MB_page_8.png,-0.0013567805290222168
focus_only_topk@k=3,contrast,1.1,1.0,-0.0012489557266235352,pbs,/home/dineth/focus_measure/datasets/New folder/bma pbf tfa/pbs_imgs/FieldPos374_Cam01_RGB_MB/FieldPos374_Cam01_RGB_MB_page_8.png,-0.0012489557266235352
focus_only_topk@k=5,blur,0.8,1.0,0.12261784076690674,pbs,/home/dineth/focus_measure/datasets/New folder/bma pbf tfa/pbs_imgs/FieldPos374_Cam01_RGB_MB/FieldPos374_Cam01_RGB_MB_page_8.png,0.12261784076690674
focus_only_topk@k=5,blur,1.2,1.0,0.2711060643196106,pbs,/home/dineth/focus_measure/datasets/New folder/bma pbf tfa/pbs_imgs/FieldPos374_Cam01_RGB_MB/FieldPos374_Cam01_RGB_MB_page_8.png,0.2711060643196106
focus_only_topk@k=5,noise,0.01,1.0,0.24369263648986816,pbs,/home/dineth/focus_measure/datasets/New folder/bma pbf tfa/pbs_imgs/FieldPos374_Cam01_RGB_MB/FieldPos374_Cam01_RGB_MB_page_8.png,0.24369263648986816
focus_only_topk@k=5,noise,0.02,1.0,0.4109078049659729,pbs,/home/dineth/focus_measure/datasets/New folder/bma pbf tfa/pbs_imgs/FieldPos374_Cam01_RGB_MB/FieldPos374_Cam01_RGB_MB_page_8.png,0.4109078049659729
focus_only_topk@k=5,brightness,0.05,1.0,-0.008791208267211914,pbs,/home/dineth/focus_measure/datasets/New folder/bma pbf tfa/pbs_imgs/FieldPos374_Cam01_RGB_MB/FieldPos374_Cam01_RGB_MB_page_8.png,-0.008791208267211914
focus_only_topk@k=5,brightness,-0.05,1.0,-0.008724510669708252,pbs,/home/dineth/focus_measure/datasets/New folder/bma pbf tfa/pbs_imgs/FieldPos374_Cam01_RGB_MB/FieldPos374_Cam01_RGB_MB_page_8.png,-0.008724510669708252
focus_only_topk@k=5,contrast,0.9,1.0,-0.008903026580810547,pbs,/home/dineth/focus_measure/datasets/New folder/bma pbf tfa/pbs_imgs/FieldPos374_Cam01_RGB_MB/FieldPos374_Cam01_RGB_MB_page_8.png,-0.008903026580810547
focus_only_topk@k=5,contrast,1.1,1.0,-0.00870978832244873,pbs,/home/dineth/focus_measure/datasets/New folder/bma pbf tfa/pbs_imgs/FieldPos374_Cam01_RGB_MB/FieldPos374_Cam01_RGB_MB_page_8.png,-0.00870978832244873
focus_only_topk@k=7,blur,0.8,0.75,0.12261784076690674,pbs,/home/dineth/focus_measure/datasets/New folder/bma pbf tfa/pbs_imgs/FieldPos374_Cam01_RGB_MB/FieldPos374_Cam01_RGB_MB_page_8.png,0.12261784076690674
focus_only_topk@k=7,blur,1.2,0.75,0.2711060643196106,pbs,/home/dineth/focus_measure/datasets/New folder/bma pbf tfa/pbs_imgs/FieldPos374_Cam01_RGB_MB/FieldPos374_Cam01_RGB_MB_page_8.png,0.2711060643196106
focus_only_topk@k=7,noise,0.01,1.0,0.07561761140823364,pbs,/home/dineth/focus_measure/datasets/New folder/bma pbf tfa/pbs_imgs/FieldPos374_Cam01_RGB_MB/FieldPos374_Cam01_RGB_MB_page_8.png,0.07561761140823364
focus_only_topk@k=7,noise,0.02,1.0,0.7807187438011169,pbs,/home/dineth/focus_measure/datasets/New folder/bma pbf tfa/pbs_imgs/FieldPos374_Cam01_RGB_MB/FieldPos374_Cam01_RGB_MB_page_8.png,0.7807187438011169
focus_only_topk@k=7,brightness,0.05,1.0,-0.008791208267211914,pbs,/home/dineth/focus_measure/datasets/New folder/bma pbf tfa/pbs_imgs/FieldPos374_Cam01_RGB_MB/FieldPos374_Cam01_RGB_MB_page_8.png,-0.008791208267211914
focus_only_topk@k=7,brightness,-0.05,1.0,-0.008724510669708252,pbs,/home/dineth/focus_measure/datasets/New folder/bma pbf tfa/pbs_imgs/FieldPos374_Cam01_RGB_MB/FieldPos374_Cam01_RGB_MB_page_8.png,-0.008724510669708252
focus_only_topk@k=7,contrast,0.9,1.0,-0.008903026580810547,pbs,/home/dineth/focus_measure/datasets/New folder/bma pbf tfa/pbs_imgs/FieldPos374_Cam01_RGB_MB/FieldPos374_Cam01_RGB_MB_page_8.png,-0.008903026580810547
focus_only_topk@k=7,contrast,1.1,1.0,-0.00870978832244873,pbs,/home/dineth/focus_measure/datasets/New folder/bma pbf tfa/pbs_imgs/FieldPos374_Cam01_RGB_MB/FieldPos374_Cam01_RGB_MB_page_8.png,-0.00870978832244873
occupancy_only_topk@k=1,blur,0.8,1.0,0.04201149940490723,pbs,/home/dineth/focus_measure/datasets/New folder/bma pbf tfa/pbs_imgs/FieldPos374_Cam01_RGB_MB/FieldPos374_Cam01_RGB_MB_page_8.png,0.04201149940490723
occupancy_only_topk@k=1,blur,1.2,1.0,0.15784579515457153,pbs,/home/dineth/focus_measure/datasets/New folder/bma pbf tfa/pbs_imgs/FieldPos374_Cam01_RGB_MB/FieldPos374_Cam01_RGB_MB_page_8.png,0.15784579515457153
occupancy_only_topk@k=1,noise,0.01,1.0,0.18850374221801758,pbs,/home/dineth/focus_measure/datasets/New folder/bma pbf tfa/pbs_imgs/FieldPos374_Cam01_RGB_MB/FieldPos374_Cam01_RGB_MB_page_8.png,0.18850374221801758
occupancy_only_topk@k=1,noise,0.02,0.0,1.3355699181556702,pbs,/home/dineth/focus_measure/datasets/New folder/bma pbf tfa/pbs_imgs/FieldPos374_Cam01_RGB_MB/FieldPos374_Cam01_RGB_MB_page_8.png,1.3355699181556702
occupancy_only_topk@k=1,brightness,0.05,1.0,-0.0013480782508850098,pbs,/home/dineth/focus_measure/datasets/New folder/bma pbf tfa/pbs_imgs/FieldPos374_Cam01_RGB_MB/FieldPos374_Cam01_RGB_MB_page_8.png,-0.0013480782508850098
occupancy_only_topk@k=1,brightness,-0.05,1.0,-0.0013019442558288574,pbs,/home/dineth/focus_measure/datasets/New folder/bma pbf tfa/pbs_imgs/FieldPos374_Cam01_RGB_MB/FieldPos374_Cam01_RGB_MB_page_8.png,-0.0013019442558288574
occupancy_only_topk@k=1,contrast,0.9,0.0,0.21527552604675293,pbs,/home/dineth/focus_measure/datasets/New folder/bma pbf tfa/pbs_imgs/FieldPos374_Cam01_RGB_MB/FieldPos374_Cam01_RGB_MB_page_8.png,0.21527552604675293
occupancy_only_topk@k=1,contrast,1.1,1.0,-0.0011557936668395996,pbs,/home/dineth/focus_measure/datasets/New folder/bma pbf tfa/pbs_imgs/FieldPos374_Cam01_RGB_MB/FieldPos374_Cam01_RGB_MB_page_8.png,-0.0011557936668395996
occupancy_only_topk@k=3,blur,0.8,1.0,0.12259465456008911,pbs,/home/dineth/focus_measure/datasets/New folder/bma pbf tfa/pbs_imgs/FieldPos374_Cam01_RGB_MB/FieldPos374_Cam01_RGB_MB_page_8.png,0.12259465456008911
occupancy_only_topk@k=3,blur,1.2,1.0,0.2714255452156067,pbs,/home/dineth/focus_measure/datasets/New folder/bma pbf tfa/pbs_imgs/FieldPos374_Cam01_RGB_MB/FieldPos374_Cam01_RGB_MB_page_8.png,0.2714255452156067
occupancy_only_topk@k=3,noise,0.01,1.0,0.24385005235671997,pbs,/home/dineth/focus_measure/datasets/New folder/bma pbf tfa/pbs_imgs/FieldPos374_Cam01_RGB_MB/FieldPos374_Cam01_RGB_MB_page_8.png,0.24385005235671997
occupancy_only_topk@k=3,noise,0.02,1.0,1.1330652832984924,pbs,/home/dineth/focus_measure/datasets/New folder/bma pbf tfa/pbs_imgs/FieldPos374_Cam01_RGB_MB/FieldPos374_Cam01_RGB_MB_page_8.png,1.1330652832984924
occupancy_only_topk@k=3,brightness,0.05,1.0,-0.008806049823760986,pbs,/home/dineth/focus_measure/datasets/New folder/bma pbf tfa/pbs_imgs/FieldPos374_Cam01_RGB_MB/FieldPos374_Cam01_RGB_MB_page_8.png,-0.008806049823760986
occupancy_only_topk@k=3,brightness,-0.05,0.5,-0.008790791034698486,pbs,/home/dineth/focus_measure/datasets/New folder/bma pbf tfa/pbs_imgs/FieldPos374_Cam01_RGB_MB/FieldPos374_Cam01_RGB_MB_page_8.png,-0.008790791034698486
occupancy_only_topk@k=3,contrast,0.9,1.0,-0.008887648582458496,pbs,/home/dineth/focus_measure/datasets/New folder/bma pbf tfa/pbs_imgs/FieldPos374_Cam01_RGB_MB/FieldPos374_Cam01_RGB_MB_page_8.png,-0.008887648582458496
occupancy_only_topk@k=3,contrast,1.1,1.0,-0.008943378925323486,pbs,/home/dineth/focus_measure/datasets/New folder/bma pbf tfa/pbs_imgs/FieldPos374_Cam01_RGB_MB/FieldPos374_Cam01_RGB_MB_page_8.png,-0.008943378925323486
occupancy_only_topk@k=5,blur,0.8,1.0,0.12261784076690674,pbs,/home/dineth/focus_measure/datasets/New folder/bma pbf tfa/pbs_imgs/FieldPos374_Cam01_RGB_MB/FieldPos374_Cam01_RGB_MB_page_8.png,0.12261784076690674
occupancy_only_topk@k=5,blur,1.2,1.0,0.2711060643196106,pbs,/home/dineth/focus_measure/datasets/New folder/bma pbf tfa/pbs_imgs/FieldPos374_Cam01_RGB_MB/FieldPos374_Cam01_RGB_MB_page_8.png,0.2711060643196106
occupancy_only_topk@k=5,noise,0.01,0.6666666666666666,0.24369263648986816,pbs,/home/dineth/focus_measure/datasets/New folder/bma pbf tfa/pbs_imgs/FieldPos374_Cam01_RGB_MB/FieldPos374_Cam01_RGB_MB_page_8.png,0.24369263648986816
occupancy_only_topk@k=5,noise,0.02,0.42857142857142855,1.1330514550209045,pbs,/home/dineth/focus_measure/datasets/New folder/bma pbf tfa/pbs_imgs/FieldPos374_Cam01_RGB_MB/FieldPos374_Cam01_RGB_MB_page_8.png,1.1330514550209045
occupancy_only_topk@k=5,brightness,0.05,0.42857142857142855,-0.008791208267211914,pbs,/home/dineth/focus_measure/datasets/New folder/bma pbf tfa/pbs_imgs/FieldPos374_Cam01_RGB_MB/FieldPos374_Cam01_RGB_MB_page_8.png,-0.008791208267211914
occupancy_only_topk@k=5,brightness,-0.05,0.6666666666666666,-0.008724510669708252,pbs,/home/dineth/focus_measure/datasets/New folder/bma pbf tfa/pbs_imgs/FieldPos374_Cam01_RGB_MB/FieldPos374_Cam01_RGB_MB_page_8.png,-0.008724510669708252
occupancy_only_topk@k=5,contrast,0.9,0.6666666666666666,-0.2254626750946045,pbs,/home/dineth/focus_measure/datasets/New folder/bma pbf tfa/pbs_imgs/FieldPos374_Cam01_RGB_MB/FieldPos374_Cam01_RGB_MB_page_8.png,-0.2254626750946045
occupancy_only_topk@k=5,contrast,1.1,1.0,-0.00870978832244873,pbs,/home/dineth/focus_measure/datasets/New folder/bma pbf tfa/pbs_imgs/FieldPos374_Cam01_RGB_MB/FieldPos374_Cam01_RGB_MB_page_8.png,-0.00870978832244873
occupancy_only_topk@k=7,blur,0.8,1.0,0.042014479637145996,pbs,/home/dineth/focus_measure/datasets/New folder/bma pbf tfa/pbs_imgs/FieldPos374_Cam01_RGB_MB/FieldPos374_Cam01_RGB_MB_page_8.png,0.042014479637145996
occupancy_only_topk@k=7,blur,1.2,1.0,0.1578521728515625,pbs,/home/dineth/focus_measure/datasets/New folder/bma pbf tfa/pbs_imgs/FieldPos374_Cam01_RGB_MB/FieldPos374_Cam01_RGB_MB_page_8.png,0.1578521728515625
occupancy_only_topk@k=7,noise,0.01,1.0,0.46787309646606445,pbs,/home/dineth/focus_measure/datasets/New folder/bma pbf tfa/pbs_imgs/FieldPos374_Cam01_RGB_MB/FieldPos374_Cam01_RGB_MB_page_8.png,0.46787309646606445
occupancy_only_topk@k=7,noise,0.02,1.0,1.0048992037773132,pbs,/home/dineth/focus_measure/datasets/New folder/bma pbf tfa/pbs_imgs/FieldPos374_Cam01_RGB_MB/FieldPos374_Cam01_RGB_MB_page_8.png,1.0048992037773132
occupancy_only_topk@k=7,brightness,0.05,0.4,0.21538925170898438,pbs,/home/dineth/focus_measure/datasets/New folder/bma pbf tfa/pbs_imgs/FieldPos374_Cam01_RGB_MB/FieldPos374_Cam01_RGB_MB_page_8.png,0.21538925170898438
occupancy_only_topk@k=7,brightness,-0.05,0.5555555555555556,0.21545594930648804,pbs,/home/dineth/focus_measure/datasets/New folder/bma pbf tfa/pbs_imgs/FieldPos374_Cam01_RGB_MB/FieldPos374_Cam01_RGB_MB_page_8.png,0.21545594930648804
occupancy_only_topk@k=7,contrast,0.9,0.75,0.0013025104999542236,pbs,/home/dineth/focus_measure/datasets/New folder/bma pbf tfa/pbs_imgs/FieldPos374_Cam01_RGB_MB/FieldPos374_Cam01_RGB_MB_page_8.png,0.0013025104999542236
occupancy_only_topk@k=7,contrast,1.1,0.75,0.14404839277267456,pbs,/home/dineth/focus_measure/datasets/New folder/bma pbf tfa/pbs_imgs/FieldPos374_Cam01_RGB_MB/FieldPos374_Cam01_RGB_MB_page_8.png,0.14404839277267456
hybrid_proposed,blur,0.8,1.0,0.09199124574661255,pbs,/home/dineth/focus_measure/datasets/New folder/bma pbf tfa/pbs_imgs/FieldPos374_Cam01_RGB_MB/FieldPos374_Cam01_RGB_MB_page_8.png,0.09199124574661255
hybrid_proposed,blur,1.2,0.9649122807017544,0.1258176565170288,pbs,/home/dineth/focus_measure/datasets/New folder/bma pbf tfa/pbs_imgs/FieldPos374_Cam01_RGB_MB/FieldPos374_Cam01_RGB_MB_page_8.png,0.1258176565170288
hybrid_proposed,noise,0.01,1.0,0.12871503829956055,pbs,/home/dineth/focus_measure/datasets/New folder/bma pbf tfa/pbs_imgs/FieldPos374_Cam01_RGB_MB/FieldPos374_Cam01_RGB_MB_page_8.png,0.12871503829956055
hybrid_proposed,noise,0.02,0.8983050847457628,0.8005090355873108,pbs,/home/dineth/focus_measure/datasets/New folder/bma pbf tfa/pbs_imgs/FieldPos374_Cam01_RGB_MB/FieldPos374_Cam01_RGB_MB_page_8.png,0.8005090355873108
hybrid_proposed,brightness,0.05,1.0,0.019476890563964844,pbs,/home/dineth/focus_measure/datasets/New folder/bma pbf tfa/pbs_imgs/FieldPos374_Cam01_RGB_MB/FieldPos374_Cam01_RGB_MB_page_8.png,0.019476890563964844
hybrid_proposed,brightness,-0.05,1.0,0.019449234008789062,pbs,/home/dineth/focus_measure/datasets/New folder/bma pbf tfa/pbs_imgs/FieldPos374_Cam01_RGB_MB/FieldPos374_Cam01_RGB_MB_page_8.png,0.019449234008789062
hybrid_proposed,contrast,0.9,1.0,0.019469141960144043,pbs,/home/dineth/focus_measure/datasets/New folder/bma pbf tfa/pbs_imgs/FieldPos374_Cam01_RGB_MB/FieldPos374_Cam01_RGB_MB_page_8.png,0.019469141960144043
hybrid_proposed,contrast,1.1,1.0,0.019418954849243164,pbs,/home/dineth/focus_measure/datasets/New folder/bma pbf tfa/pbs_imgs/FieldPos374_Cam01_RGB_MB/FieldPos374_Cam01_RGB_MB_page_8.png,0.019418954849243164
all_rois,blur,0.8,1.0,0.03450429439544678,pbs,/home/dineth/focus_measure/datasets/New folder/bma pbf tfa/pbs_imgs/FieldPos374_Cam01_RGB_MB/FieldPos374_Cam01_RGB_MB_page_8.png,0.03450429439544678
all_rois,blur,1.2,1.0,0.07873845100402832,pbs,/home/dineth/focus_measure/datasets/New folder/bma pbf tfa/pbs_imgs/FieldPos374_Cam01_RGB_MB/FieldPos374_Cam01_RGB_MB_page_8.png,0.07873845100402832
all_rois,noise,0.01,1.0,0.14715540409088135,pbs,/home/dineth/focus_measure/datasets/New folder/bma pbf tfa/pbs_imgs/FieldPos374_Cam01_RGB_MB/FieldPos374_Cam01_RGB_MB_page_8.png,0.14715540409088135
all_rois,noise,0.02,1.0,0.6445379853248596,pbs,/home/dineth/focus_measure/datasets/New folder/bma pbf tfa/pbs_imgs/FieldPos374_Cam01_RGB_MB/FieldPos374_Cam01_RGB_MB_page_8.png,0.6445379853248596
all_rois,brightness,0.05,1.0,0.002101719379425049,pbs,/home/dineth/focus_measure/datasets/New folder/bma pbf tfa/pbs_imgs/FieldPos374_Cam01_RGB_MB/FieldPos374_Cam01_RGB_MB_page_8.png,0.002101719379425049
all_rois,brightness,-0.05,1.0,0.0022616982460021973,pbs,/home/dineth/focus_measure/datasets/New folder/bma pbf tfa/pbs_imgs/FieldPos374_Cam01_RGB_MB/FieldPos374_Cam01_RGB_MB_page_8.png,0.0022616982460021973
all_rois,contrast,0.9,1.0,0.0023012161254882812,pbs,/home/dineth/focus_measure/datasets/New folder/bma pbf tfa/pbs_imgs/FieldPos374_Cam01_RGB_MB/FieldPos374_Cam01_RGB_MB_page_8.png,0.0023012161254882812
all_rois,contrast,1.1,1.0,0.0022296905517578125,pbs,/home/dineth/focus_measure/datasets/New folder/bma pbf tfa/pbs_imgs/FieldPos374_Cam01_RGB_MB/FieldPos374_Cam01_RGB_MB_page_8.png,0.0022296905517578125
cnn_adaptive,blur,0.8,1.0,0.09199124574661255,pbs,/home/dineth/focus_measure/datasets/New folder/bma pbf tfa/pbs_imgs/FieldPos374_Cam01_RGB_MB/FieldPos374_Cam01_RGB_MB_page_8.png,0.09199124574661255
cnn_adaptive,blur,1.2,0.9649122807017544,0.1258176565170288,pbs,/home/dineth/focus_measure/datasets/New folder/bma pbf tfa/pbs_imgs/FieldPos374_Cam01_RGB_MB/FieldPos374_Cam01_RGB_MB_page_8.png,0.1258176565170288
cnn_adaptive,noise,0.01,1.0,0.12871503829956055,pbs,/home/dineth/focus_measure/datasets/New folder/bma pbf tfa/pbs_imgs/FieldPos374_Cam01_RGB_MB/FieldPos374_Cam01_RGB_MB_page_8.png,0.12871503829956055
cnn_adaptive,noise,0.02,0.8983050847457628,0.8005090355873108,pbs,/home/dineth/focus_measure/datasets/New folder/bma pbf tfa/pbs_imgs/FieldPos374_Cam01_RGB_MB/FieldPos374_Cam01_RGB_MB_page_8.png,0.8005090355873108
cnn_adaptive,brightness,0.05,1.0,0.019476890563964844,pbs,/home/dineth/focus_measure/datasets/New folder/bma pbf tfa/pbs_imgs/FieldPos374_Cam01_RGB_MB/FieldPos374_Cam01_RGB_MB_page_8.png,0.019476890563964844
cnn_adaptive,brightness,-0.05,1.0,0.019449234008789062,pbs,/home/dineth/focus_measure/datasets/New folder/bma pbf tfa/pbs_imgs/FieldPos374_Cam01_RGB_MB/FieldPos374_Cam01_RGB_MB_page_8.png,0.019449234008789062
cnn_adaptive,contrast,0.9,1.0,0.019469141960144043,pbs,/home/dineth/focus_measure/datasets/New folder/bma pbf tfa/pbs_imgs/FieldPos374_Cam01_RGB_MB/FieldPos374_Cam01_RGB_MB_page_8.png,0.019469141960144043
cnn_adaptive,contrast,1.1,1.0,0.019418954849243164,pbs,/home/dineth/focus_measure/datasets/New folder/bma pbf tfa/pbs_imgs/FieldPos374_Cam01_RGB_MB/FieldPos374_Cam01_RGB_MB_page_8.png,0.019418954849243164
center_top1,blur,0.8,1.0,0.669708251953125,pbs,/home/dineth/focus_measure/datasets/New folder/bma pbf tfa/pbs_imgs/FieldPos395_Cam01_RGB_MB/FieldPos395_Cam01_RGB_MB_page_12.png,0.669708251953125
center_top1,blur,1.2,1.0,0.8343179225921631,pbs,/home/dineth/focus_measure/datasets/New folder/bma pbf tfa/pbs_imgs/FieldPos395_Cam01_RGB_MB/FieldPos395_Cam01_RGB_MB_page_12.png,0.8343179225921631
center_top1,noise,0.01,1.0,0.08421897888183594,pbs,/home/dineth/focus_measure/datasets/New folder/bma pbf tfa/pbs_imgs/FieldPos395_Cam01_RGB_MB/FieldPos395_Cam01_RGB_MB_page_12.png,0.08421897888183594
center_top1,noise,0.02,1.0,0.5533285140991211,pbs,/home/dineth/focus_measure/datasets/New folder/bma pbf tfa/pbs_imgs/FieldPos395_Cam01_RGB_MB/FieldPos395_Cam01_RGB_MB_page_12.png,0.5533285140991211
center_top1,brightness,0.05,1.0,0.09882736206054688,pbs,/home/dineth/focus_measure/datasets/New folder/bma pbf tfa/pbs_imgs/FieldPos395_Cam01_RGB_MB/FieldPos395_Cam01_RGB_MB_page_12.png,0.09882736206054688
center_top1,brightness,-0.05,1.0,0.0988154411315918,pbs,/home/dineth/focus_measure/datasets/New folder/bma pbf tfa/pbs_imgs/FieldPos395_Cam01_RGB_MB/FieldPos395_Cam01_RGB_MB_page_12.png,0.0988154411315918
center_top1,contrast,0.9,1.0,0.0987701416015625,pbs,/home/dineth/focus_measure/datasets/New folder/bma pbf tfa/pbs_imgs/FieldPos395_Cam01_RGB_MB/FieldPos395_Cam01_RGB_MB_page_12.png,0.0987701416015625
center_top1,contrast,1.1,1.0,0.09870576858520508,pbs,/home/dineth/focus_measure/datasets/New folder/bma pbf tfa/pbs_imgs/FieldPos395_Cam01_RGB_MB/FieldPos395_Cam01_RGB_MB_page_12.png,0.09870576858520508
random_k@k=1,blur,0.8,1.0,0.2896156311035156,pbs,/home/dineth/focus_measure/datasets/New folder/bma pbf tfa/pbs_imgs/FieldPos395_Cam01_RGB_MB/FieldPos395_Cam01_RGB_MB_page_12.png,0.2896156311035156
random_k@k=1,blur,1.2,1.0,0.7223012447357178,pbs,/home/dineth/focus_measure/datasets/New folder/bma pbf tfa/pbs_imgs/FieldPos395_Cam01_RGB_MB/FieldPos395_Cam01_RGB_MB_page_12.png,0.7223012447357178
random_k@k=1,noise,0.01,1.0,0.5765659809112549,pbs,/home/dineth/focus_measure/datasets/New folder/bma pbf tfa/pbs_imgs/FieldPos395_Cam01_RGB_MB/FieldPos395_Cam01_RGB_MB_page_12.png,0.5765659809112549
random_k@k=1,noise,0.02,1.0,0.8561482429504395,pbs,/home/dineth/focus_measure/datasets/New folder/bma pbf tfa/pbs_imgs/FieldPos395_Cam01_RGB_MB/FieldPos395_Cam01_RGB_MB_page_12.png,0.8561482429504395
random_k@k=1,brightness,0.05,1.0,0.06176161766052246,pbs,/home/dineth/focus_measure/datasets/New folder/bma pbf tfa/pbs_imgs/FieldPos395_Cam01_RGB_MB/FieldPos395_Cam01_RGB_MB_page_12.png,0.06176161766052246
random_k@k=1,brightness,-0.05,1.0,0.06168174743652344,pbs,/home/dineth/focus_measure/datasets/New folder/bma pbf tfa/pbs_imgs/FieldPos395_Cam01_RGB_MB/FieldPos395_Cam01_RGB_MB_page_12.png,0.06168174743652344
random_k@k=1,contrast,0.9,1.0,0.06161069869995117,pbs,/home/dineth/focus_measure/datasets/New folder/bma pbf tfa/pbs_imgs/FieldPos395_Cam01_RGB_MB/FieldPos395_Cam01_RGB_MB_page_12.png,0.06161069869995117
random_k@k=1,contrast,1.1,1.0,0.06178689002990723,pbs,/home/dineth/focus_measure/datasets/New folder/bma pbf tfa/pbs_imgs/FieldPos395_Cam01_RGB_MB/FieldPos395_Cam01_RGB_MB_page_12.png,0.06178689002990723
random_k@k=3,blur,0.8,1.0,0.5575718879699707,pbs,/home/dineth/focus_measure/datasets/New folder/bma pbf tfa/pbs_imgs/FieldPos395_Cam01_RGB_MB/FieldPos395_Cam01_RGB_MB_page_12.png,0.5575718879699707
random_k@k=3,blur,1.2,1.0,0.6933045387268066,pbs,/home/dineth/focus_measure/datasets/New folder/bma pbf tfa/pbs_imgs/FieldPos395_Cam01_RGB_MB/FieldPos395_Cam01_RGB_MB_page_12.png,0.6933045387268066
random_k@k=3,noise,0.01,1.0,0.18264198303222656,pbs,/home/dineth/focus_measure/datasets/New folder/bma pbf tfa/pbs_imgs/FieldPos395_Cam01_RGB_MB/FieldPos395_Cam01_RGB_MB_page_12.png,0.18264198303222656
random_k@k=3,noise,0.02,1.0,0.23232412338256836,pbs,/home/dineth/focus_measure/datasets/New folder/bma pbf tfa/pbs_imgs/FieldPos395_Cam01_RGB_MB/FieldPos395_Cam01_RGB_MB_page_12.png,0.23232412338256836
random_k@k=3,brightness,0.05,1.0,0.39966607093811035,pbs,/home/dineth/focus_measure/datasets/New folder/bma pbf tfa/pbs_imgs/FieldPos395_Cam01_RGB_MB/FieldPos395_Cam01_RGB_MB_page_12.png,0.39966607093811035
random_k@k=3,brightness,-0.05,1.0,0.3997070789337158,pbs,/home/dineth/focus_measure/datasets/New folder/bma pbf tfa/pbs_imgs/FieldPos395_Cam01_RGB_MB/FieldPos395_Cam01_RGB_MB_page_12.png,0.3997070789337158
random_k@k=3,contrast,0.9,1.0,0.39958667755126953,pbs,/home/dineth/focus_measure/datasets/New folder/bma pbf tfa/pbs_imgs/FieldPos395_Cam01_RGB_MB/FieldPos395_Cam01_RGB_MB_page_12.png,0.39958667755126953
random_k@k=3,contrast,1.1,1.0,0.39952874183654785,pbs,/home/dineth/focus_measure/datasets/New folder/bma pbf tfa/pbs_imgs/FieldPos395_Cam01_RGB_MB/FieldPos395_Cam01_RGB_MB_page_12.png,0.39952874183654785
random_k@k=5,blur,0.8,1.0,0.8038134574890137,pbs,/home/dineth/focus_measure/datasets/New folder/bma pbf tfa/pbs_imgs/FieldPos395_Cam01_RGB_MB/FieldPos395_Cam01_RGB_MB_page_12.png,0.8038134574890137
random_k@k=5,blur,1.2,1.0,0.8695766925811768,pbs,/home/dineth/focus_measure/datasets/New folder/bma pbf tfa/pbs_imgs/FieldPos395_Cam01_RGB_MB/FieldPos395_Cam01_RGB_MB_page_12.png,0.8695766925811768
random_k@k=5,noise,0.01,1.0,0.3590874671936035,pbs,/home/dineth/focus_measure/datasets/New folder/bma pbf tfa/pbs_imgs/FieldPos395_Cam01_RGB_MB/FieldPos395_Cam01_RGB_MB_page_12.png,0.3590874671936035
random_k@k=5,noise,0.02,1.0,0.4080986976623535,pbs,/home/dineth/focus_measure/datasets/New folder/bma pbf tfa/pbs_imgs/FieldPos395_Cam01_RGB_MB/FieldPos395_Cam01_RGB_MB_page_12.png,0.4080986976623535
random_k@k=5,brightness,0.05,1.0,0.5759420394897461,pbs,/home/dineth/focus_measure/datasets/New folder/bma pbf tfa/pbs_imgs/FieldPos395_Cam01_RGB_MB/FieldPos395_Cam01_RGB_MB_page_12.png,0.5759420394897461
random_k@k=5,brightness,-0.05,1.0,0.5758745670318604,pbs,/home/dineth/focus_measure/datasets/New folder/bma pbf tfa/pbs_imgs/FieldPos395_Cam01_RGB_MB/FieldPos395_Cam01_RGB_MB_page_12.png,0.5758745670318604
random_k@k=5,contrast,0.9,1.0,0.5757966041564941,pbs,/home/dineth/focus_measure/datasets/New folder/bma pbf tfa/pbs_imgs/FieldPos395_Cam01_RGB_MB/FieldPos395_Cam01_RGB_MB_page_12.png,0.5757966041564941
random_k@k=5,contrast,1.1,1.0,0.575963020324707,pbs,/home/dineth/focus_measure/datasets/New folder/bma pbf tfa/pbs_imgs/FieldPos395_Cam01_RGB_MB/FieldPos395_Cam01_RGB_MB_page_12.png,0.575963020324707
random_k@k=7,blur,0.8,1.0,0.7008013725280762,pbs,/home/dineth/focus_measure/datasets/New folder/bma pbf tfa/pbs_imgs/FieldPos395_Cam01_RGB_MB/FieldPos395_Cam01_RGB_MB_page_12.png,0.7008013725280762
random_k@k=7,blur,1.2,1.0,0.7665646076202393,pbs,/home/dineth/focus_measure/datasets/New folder/bma pbf tfa/pbs_imgs/FieldPos395_Cam01_RGB_MB/FieldPos395_Cam01_RGB_MB_page_12.png,0.7665646076202393
random_k@k=7,noise,0.01,1.0,0.256075382232666,pbs,/home/dineth/focus_measure/datasets/New folder/bma pbf tfa/pbs_imgs/FieldPos395_Cam01_RGB_MB/FieldPos395_Cam01_RGB_MB_page_12.png,0.256075382232666
random_k@k=7,noise,0.02,1.0,0.305086612701416,pbs,/home/dineth/focus_measure/datasets/New folder/bma pbf tfa/pbs_imgs/FieldPos395_Cam01_RGB_MB/FieldPos395_Cam01_RGB_MB_page_12.png,0.305086612701416
random_k@k=7,brightness,0.05,1.0,0.2139878273010254,pbs,/home/dineth/focus_measure/datasets/New folder/bma pbf tfa/pbs_imgs/FieldPos395_Cam01_RGB_MB/FieldPos395_Cam01_RGB_MB_page_12.png,0.2139878273010254
random_k@k=7,brightness,-0.05,1.0,0.21410799026489258,pbs,/home/dineth/focus_measure/datasets/New folder/bma pbf tfa/pbs_imgs/FieldPos395_Cam01_RGB_MB/FieldPos395_Cam01_RGB_MB_page_12.png,0.21410799026489258
random_k@k=7,contrast,0.9,1.0,0.21437597274780273,pbs,/home/dineth/focus_measure/datasets/New folder/bma pbf tfa/pbs_imgs/FieldPos395_Cam01_RGB_MB/FieldPos395_Cam01_RGB_MB_page_12.png,0.21437597274780273
random_k@k=7,contrast,1.1,1.0,0.21413326263427734,pbs,/home/dineth/focus_measure/datasets/New folder/bma pbf tfa/pbs_imgs/FieldPos395_Cam01_RGB_MB/FieldPos395_Cam01_RGB_MB_page_12.png,0.21413326263427734
focus_only_topk@k=1,blur,0.8,0.0,0.4610452651977539,pbs,/home/dineth/focus_measure/datasets/New folder/bma pbf tfa/pbs_imgs/FieldPos395_Cam01_RGB_MB/FieldPos395_Cam01_RGB_MB_page_12.png,0.4610452651977539
focus_only_topk@k=1,blur,1.2,0.0,0.6676576137542725,pbs,/home/dineth/focus_measure/datasets/New folder/bma pbf tfa/pbs_imgs/FieldPos395_Cam01_RGB_MB/FieldPos395_Cam01_RGB_MB_page_12.png,0.6676576137542725
focus_only_topk@k=1,noise,0.01,1.0,0.41677093505859375,pbs,/home/dineth/focus_measure/datasets/New folder/bma pbf tfa/pbs_imgs/FieldPos395_Cam01_RGB_MB/FieldPos395_Cam01_RGB_MB_page_12.png,0.41677093505859375
focus_only_topk@k=1,noise,0.02,0.0,0.17214488983154297,pbs,/home/dineth/focus_measure/datasets/New folder/bma pbf tfa/pbs_imgs/FieldPos395_Cam01_RGB_MB/FieldPos395_Cam01_RGB_MB_page_12.png,0.17214488983154297
focus_only_topk@k=1,brightness,0.05,1.0,0.2941875457763672,pbs,/home/dineth/focus_measure/datasets/New folder/bma pbf tfa/pbs_imgs/FieldPos395_Cam01_RGB_MB/FieldPos395_Cam01_RGB_MB_page_12.png,0.2941875457763672
focus_only_topk@k=1,brightness,-0.05,1.0,0.2937150001525879,pbs,/home/dineth/focus_measure/datasets/New folder/bma pbf tfa/pbs_imgs/FieldPos395_Cam01_RGB_MB/FieldPos395_Cam01_RGB_MB_page_12.png,0.2937150001525879
focus_only_topk@k=1,contrast,0.9,1.0,0.2940354347229004,pbs,/home/dineth/focus_measure/datasets/New folder/bma pbf tfa/pbs_imgs/FieldPos395_Cam01_RGB_MB/FieldPos395_Cam01_RGB_MB_page_12.png,0.2940354347229004
focus_only_topk@k=1,contrast,1.1,1.0,0.29432153701782227,pbs,/home/dineth/focus_measure/datasets/New folder/bma pbf tfa/pbs_imgs/FieldPos395_Cam01_RGB_MB/FieldPos395_Cam01_RGB_MB_page_12.png,0.29432153701782227
focus_only_topk@k=3,blur,0.8,0.0,0.5004544258117676,pbs,/home/dineth/focus_measure/datasets/New folder/bma pbf tfa/pbs_imgs/FieldPos395_Cam01_RGB_MB/FieldPos395_Cam01_RGB_MB_page_12.png,0.5004544258117676
focus_only_topk@k=3,blur,1.2,0.0,0.8113634586334229,pbs,/home/dineth/focus_measure/datasets/New folder/bma pbf tfa/pbs_imgs/FieldPos395_Cam01_RGB_MB/FieldPos395_Cam01_RGB_MB_page_12.png,0.8113634586334229
focus_only_topk@k=3,noise,0.01,1.0,0.6986894607543945,pbs,/home/dineth/focus_measure/datasets/New folder/bma pbf tfa/pbs_imgs/FieldPos395_Cam01_RGB_MB/FieldPos395_Cam01_RGB_MB_page_12.png,0.6986894607543945
focus_only_topk@k=3,noise,0.02,0.5,0.8229179382324219,pbs,/home/dineth/focus_measure/datasets/New folder/bma pbf tfa/pbs_imgs/FieldPos395_Cam01_RGB_MB/FieldPos395_Cam01_RGB_MB_page_12.png,0.8229179382324219
focus_only_topk@k=3,brightness,0.05,1.0,0.3734130859375,pbs,/home/dineth/focus_measure/datasets/New folder/bma pbf tfa/pbs_imgs/FieldPos395_Cam01_RGB_MB/FieldPos395_Cam01_RGB_MB_page_12.png,0.3734130859375
focus_only_topk@k=3,brightness,-0.05,1.0,0.3732914924621582,pbs,/home/dineth/focus_measure/datasets/New folder/bma pbf tfa/pbs_imgs/FieldPos395_Cam01_RGB_MB/FieldPos395_Cam01_RGB_MB_page_12.png,0.3732914924621582
focus_only_topk@k=3,contrast,0.9,0.2,0.3730635643005371,pbs,/home/dineth/focus_measure/datasets/New folder/bma pbf tfa/pbs_imgs/FieldPos395_Cam01_RGB_MB/FieldPos395_Cam01_RGB_MB_page_12.png,0.3730635643005371
focus_only_topk@k=3,contrast,1.1,1.0,0.3735995292663574,pbs,/home/dineth/focus_measure/datasets/New folder/bma pbf tfa/pbs_imgs/FieldPos395_Cam01_RGB_MB/FieldPos395_Cam01_RGB_MB_page_12.png,0.3735995292663574
focus_only_topk@k=5,blur,0.8,0.1111111111111111,0.5405504703521729,pbs,/home/dineth/focus_measure/datasets/New folder/bma pbf tfa/pbs_imgs/FieldPos395_Cam01_RGB_MB/FieldPos395_Cam01_RGB_MB_page_12.png,0.5405504703521729
focus_only_topk@k=5,blur,1.2,0.1111111111111111,0.8118453025817871,pbs,/home/dineth/focus_measure/datasets/New folder/bma pbf tfa/pbs_imgs/FieldPos395_Cam01_RGB_MB/FieldPos395_Cam01_RGB_MB_page_12.png,0.8118453025817871
focus_only_topk@k=5,noise,0.01,0.6666666666666666,0.49626946449279785,pbs,/home/dineth/focus_measure/datasets/New folder/bma pbf tfa/pbs_imgs/FieldPos395_Cam01_RGB_MB/FieldPos395_Cam01_RGB_MB_page_12.png,0.49626946449279785
focus_only_topk@k=5,noise,0.02,0.25,-0.00015974044799804688,pbs,/home/dineth/focus_measure/datasets/New folder/bma pbf tfa/pbs_imgs/FieldPos395_Cam01_RGB_MB/FieldPos395_Cam01_RGB_MB_page_12.png,-0.00015974044799804688
focus_only_topk@k=5,brightness,0.05,1.0,0.37369585037231445,pbs,/home/dineth/focus_measure/datasets/New folder/bma pbf tfa/pbs_imgs/FieldPos395_Cam01_RGB_MB/FieldPos395_Cam01_RGB_MB_page_12.png,0.37369585037231445
focus_only_topk@k=5,brightness,-0.05,1.0,0.3732295036315918,pbs,/home/dineth/focus_measure/datasets/New folder/bma pbf tfa/pbs_imgs/FieldPos395_Cam01_RGB_MB/FieldPos395_Cam01_RGB_MB_page_12.png,0.3732295036315918
focus_only_topk@k=5,contrast,0.9,0.25,0.3735322952270508,pbs,/home/dineth/focus_measure/datasets/New folder/bma pbf tfa/pbs_imgs/FieldPos395_Cam01_RGB_MB/FieldPos395_Cam01_RGB_MB_page_12.png,0.3735322952270508
focus_only_topk@k=5,contrast,1.1,1.0,0.37383103370666504,pbs,/home/dineth/focus_measure/datasets/New folder/bma pbf tfa/pbs_imgs/FieldPos395_Cam01_RGB_MB/FieldPos395_Cam01_RGB_MB_page_12.png,0.37383103370666504
focus_only_topk@k=7,blur,0.8,0.2727272727272727,0.5405504703521729,pbs,/home/dineth/focus_measure/datasets/New folder/bma pbf tfa/pbs_imgs/FieldPos395_Cam01_RGB_MB/FieldPos395_Cam01_RGB_MB_page_12.png,0.5405504703521729
focus_only_topk@k=7,blur,1.2,0.2727272727272727,0.8118453025817871,pbs,/home/dineth/focus_measure/datasets/New folder/bma pbf tfa/pbs_imgs/FieldPos395_Cam01_RGB_MB/FieldPos395_Cam01_RGB_MB_page_12.png,0.8118453025817871
focus_only_topk@k=7,noise,0.01,0.5555555555555556,0.4738888740539551,pbs,/home/dineth/focus_measure/datasets/New folder/bma pbf tfa/pbs_imgs/FieldPos395_Cam01_RGB_MB/FieldPos395_Cam01_RGB_MB_page_12.png,0.4738888740539551
focus_only_topk@k=7,noise,0.02,0.2727272727272727,0.16331720352172852,pbs,/home/dineth/focus_measure/datasets/New folder/bma pbf tfa/pbs_imgs/FieldPos395_Cam01_RGB_MB/FieldPos395_Cam01_RGB_MB_page_12.png,0.16331720352172852
focus_only_topk@k=7,brightness,0.05,1.0,0.28772640228271484,pbs,/home/dineth/focus_measure/datasets/New folder/bma pbf tfa/pbs_imgs/FieldPos395_Cam01_RGB_MB/FieldPos395_Cam01_RGB_MB_page_12.png,0.28772640228271484
focus_only_topk@k=7,brightness,-0.05,1.0,0.28725767135620117,pbs,/home/dineth/focus_measure/datasets/New folder/bma pbf tfa/pbs_imgs/FieldPos395_Cam01_RGB_MB/FieldPos395_Cam01_RGB_MB_page_12.png,0.28725767135620117
focus_only_topk@k=7,contrast,0.9,0.4,0.3735322952270508,pbs,/home/dineth/focus_measure/datasets/New folder/bma pbf tfa/pbs_imgs/FieldPos395_Cam01_RGB_MB/FieldPos395_Cam01_RGB_MB_page_12.png,0.3735322952270508
focus_only_topk@k=7,contrast,1.1,1.0,0.28746747970581055,pbs,/home/dineth/focus_measure/datasets/New folder/bma pbf tfa/pbs_imgs/FieldPos395_Cam01_RGB_MB/FieldPos395_Cam01_RGB_MB_page_12.png,0.28746747970581055
occupancy_only_topk@k=1,blur,0.8,1.0,0.36082983016967773,pbs,/home/dineth/focus_measure/datasets/New folder/bma pbf tfa/pbs_imgs/FieldPos395_Cam01_RGB_MB/FieldPos395_Cam01_RGB_MB_page_12.png,0.36082983016967773
occupancy_only_topk@k=1,blur,1.2,1.0,0.4936025142669678,pbs,/home/dineth/focus_measure/datasets/New folder/bma pbf tfa/pbs_imgs/FieldPos395_Cam01_RGB_MB/FieldPos395_Cam01_RGB_MB_page_12.png,0.4936025142669678
occupancy_only_topk@k=1,noise,0.01,1.0,-0.260312557220459,pbs,/home/dineth/focus_measure/datasets/New folder/bma pbf tfa/pbs_imgs/FieldPos395_Cam01_RGB_MB/FieldPos395_Cam01_RGB_MB_page_12.png,-0.260312557220459
occupancy_only_topk@k=1,noise,0.02,1.0,-0.22254228591918945,pbs,/home/dineth/focus_measure/datasets/New folder/bma pbf tfa/pbs_imgs/FieldPos395_Cam01_RGB_MB/FieldPos395_Cam01_RGB_MB_page_12.png,-0.22254228591918945
occupancy_only_topk@k=1,brightness,0.05,1.0,0.10606265068054199,pbs,/home/dineth/focus_measure/datasets/New folder/bma pbf tfa/pbs_imgs/FieldPos395_Cam01_RGB_MB/FieldPos395_Cam01_RGB_MB_page_12.png,0.10606265068054199
occupancy_only_topk@k=1,brightness,-0.05,0.0,-0.43717288970947266,pbs,/home/dineth/focus_measure/datasets/New folder/bma pbf tfa/pbs_imgs/FieldPos395_Cam01_RGB_MB/FieldPos395_Cam01_RGB_MB_page_12.png,-0.43717288970947266
occupancy_only_topk@k=1,contrast,0.9,1.0,0.10621333122253418,pbs,/home/dineth/focus_measure/datasets/New folder/bma pbf tfa/pbs_imgs/FieldPos395_Cam01_RGB_MB/FieldPos395_Cam01_RGB_MB_page_12.png,0.10621333122253418
occupancy_only_topk@k=1,contrast,1.1,1.0,0.2872309684753418,pbs,/home/dineth/focus_measure/datasets/New folder/bma pbf tfa/pbs_imgs/FieldPos395_Cam01_RGB_MB/FieldPos395_Cam01_RGB_MB_page_12.png,0.2872309684753418
occupancy_only_topk@k=3,blur,0.8,1.0,0.5163478851318359,pbs,/home/dineth/focus_measure/datasets/New folder/bma pbf tfa/pbs_imgs/FieldPos395_Cam01_RGB_MB/FieldPos395_Cam01_RGB_MB_page_12.png,0.5163478851318359
occupancy_only_topk@k=3,blur,1.2,1.0,0.8272569179534912,pbs,/home/dineth/focus_measure/datasets/New folder/bma pbf tfa/pbs_imgs/FieldPos395_Cam01_RGB_MB/FieldPos395_Cam01_RGB_MB_page_12.png,0.8272569179534912
occupancy_only_topk@k=3,noise,0.01,0.5,0.031229496002197266,pbs,/home/dineth/focus_measure/datasets/New folder/bma pbf tfa/pbs_imgs/FieldPos395_Cam01_RGB_MB/FieldPos395_Cam01_RGB_MB_page_12.png,0.031229496002197266
occupancy_only_topk@k=3,noise,0.02,0.5,0.11134719848632812,pbs,/home/dineth/focus_measure/datasets/New folder/bma pbf tfa/pbs_imgs/FieldPos395_Cam01_RGB_MB/FieldPos395_Cam01_RGB_MB_page_12.png,0.11134719848632812
occupancy_only_topk@k=3,brightness,0.05,1.0,0.019237041473388672,pbs,/home/dineth/focus_measure/datasets/New folder/bma pbf tfa/pbs_imgs/FieldPos395_Cam01_RGB_MB/FieldPos395_Cam01_RGB_MB_page_12.png,0.019237041473388672
occupancy_only_topk@k=3,brightness,-0.05,0.5,0.6730566024780273,pbs,/home/dineth/focus_measure/datasets/New folder/bma pbf tfa/pbs_imgs/FieldPos395_Cam01_RGB_MB/FieldPos395_Cam01_RGB_MB_page_12.png,0.6730566024780273
occupancy_only_topk@k=3,contrast,0.9,1.0,0.019240379333496094,pbs,/home/dineth/focus_measure/datasets/New folder/bma pbf tfa/pbs_imgs/FieldPos395_Cam01_RGB_MB/FieldPos395_Cam01_RGB_MB_page_12.png,0.019240379333496094
occupancy_only_topk@k=3,contrast,1.1,0.5,0.6213762760162354,pbs,/home/dineth/focus_measure/datasets/New folder/bma pbf tfa/pbs_imgs/FieldPos395_Cam01_RGB_MB/FieldPos395_Cam01_RGB_MB_page_12.png,0.6213762760162354
occupancy_only_topk@k=5,blur,0.8,1.0,0.5161314010620117,pbs,/home/dineth/focus_measure/datasets/New folder/bma pbf tfa/pbs_imgs/FieldPos395_Cam01_RGB_MB/FieldPos395_Cam01_RGB_MB_page_12.png,0.5161314010620117
occupancy_only_topk@k=5,blur,1.2,1.0,0.8277387619018555,pbs,/home/dineth/focus_measure/datasets/New folder/bma pbf tfa/pbs_imgs/FieldPos395_Cam01_RGB_MB/FieldPos395_Cam01_RGB_MB_page_12.png,0.8277387619018555
occupancy_only_topk@k=5,noise,0.01,0.6666666666666666,-0.0788421630859375,pbs,/home/dineth/focus_measure/datasets/New folder/bma pbf tfa/pbs_imgs/FieldPos395_Cam01_RGB_MB/FieldPos395_Cam01_RGB_MB_page_12.png,-0.0788421630859375
occupancy_only_topk@k=5,noise,0.02,0.6666666666666666,0.11742401123046875,pbs,/home/dineth/focus_measure/datasets/New folder/bma pbf tfa/pbs_imgs/FieldPos395_Cam01_RGB_MB/FieldPos395_Cam01_RGB_MB_page_12.png,0.11742401123046875
occupancy_only_topk@k=5,brightness,0.05,0.6666666666666666,0.044867515563964844,pbs,/home/dineth/focus_measure/datasets/New folder/bma pbf tfa/pbs_imgs/FieldPos395_Cam01_RGB_MB/FieldPos395_Cam01_RGB_MB_page_12.png,0.044867515563964844
occupancy_only_topk@k=5,brightness,-0.05,0.6666666666666666,0.1532306671142578,pbs,/home/dineth/focus_measure/datasets/New folder/bma pbf tfa/pbs_imgs/FieldPos395_Cam01_RGB_MB/FieldPos395_Cam01_RGB_MB_page_12.png,0.1532306671142578
occupancy_only_topk@k=5,contrast,0.9,0.6666666666666666,0.044971466064453125,pbs,/home/dineth/focus_measure/datasets/New folder/bma pbf tfa/pbs_imgs/FieldPos395_Cam01_RGB_MB/FieldPos395_Cam01_RGB_MB_page_12.png,0.044971466064453125
occupancy_only_topk@k=5,contrast,1.1,0.6666666666666666,0.1536397933959961,pbs,/home/dineth/focus_measure/datasets/New folder/bma pbf tfa/pbs_imgs/FieldPos395_Cam01_RGB_MB/FieldPos395_Cam01_RGB_MB_page_12.png,0.1536397933959961
occupancy_only_topk@k=7,blur,0.8,0.75,0.5148341655731201,pbs,/home/dineth/focus_measure/datasets/New folder/bma pbf tfa/pbs_imgs/FieldPos395_Cam01_RGB_MB/FieldPos395_Cam01_RGB_MB_page_12.png,0.5148341655731201
occupancy_only_topk@k=7,blur,1.2,0.75,0.7214581966400146,pbs,/home/dineth/focus_measure/datasets/New folder/bma pbf tfa/pbs_imgs/FieldPos395_Cam01_RGB_MB/FieldPos395_Cam01_RGB_MB_page_12.png,0.7214581966400146
occupancy_only_topk@k=7,noise,0.01,1.0,-0.1204519271850586,pbs,/home/dineth/focus_measure/datasets/New folder/bma pbf tfa/pbs_imgs/FieldPos395_Cam01_RGB_MB/FieldPos395_Cam01_RGB_MB_page_12.png,-0.1204519271850586
occupancy_only_topk@k=7,noise,0.02,0.75,-0.03177213668823242,pbs,/home/dineth/focus_measure/datasets/New folder/bma pbf tfa/pbs_imgs/FieldPos395_Cam01_RGB_MB/FieldPos395_Cam01_RGB_MB_page_12.png,-0.03177213668823242
occupancy_only_topk@k=7,brightness,0.05,0.75,0.06966114044189453,pbs,/home/dineth/focus_measure/datasets/New folder/bma pbf tfa/pbs_imgs/FieldPos395_Cam01_RGB_MB/FieldPos395_Cam01_RGB_MB_page_12.png,0.06966114044189453
occupancy_only_topk@k=7,brightness,-0.05,0.5555555555555556,0.0997934341430664,pbs,/home/dineth/focus_measure/datasets/New folder/bma pbf tfa/pbs_imgs/FieldPos395_Cam01_RGB_MB/FieldPos395_Cam01_RGB_MB_page_12.png,0.0997934341430664
occupancy_only_topk@k=7,contrast,0.9,0.75,0.06963777542114258,pbs,/home/dineth/focus_measure/datasets/New folder/bma pbf tfa/pbs_imgs/FieldPos395_Cam01_RGB_MB/FieldPos395_Cam01_RGB_MB_page_12.png,0.06963777542114258
occupancy_only_topk@k=7,contrast,1.1,0.75,0.09965276718139648,pbs,/home/dineth/focus_measure/datasets/New folder/bma pbf tfa/pbs_imgs/FieldPos395_Cam01_RGB_MB/FieldPos395_Cam01_RGB_MB_page_12.png,0.09965276718139648
hybrid_proposed,blur,0.8,0.7230769230769231,0.4734933376312256,pbs,/home/dineth/focus_measure/datasets/New folder/bma pbf tfa/pbs_imgs/FieldPos395_Cam01_RGB_MB/FieldPos395_Cam01_RGB_MB_page_12.png,0.4734933376312256
hybrid_proposed,blur,1.2,0.75,0.7307267189025879,pbs,/home/dineth/focus_measure/datasets/New folder/bma pbf tfa/pbs_imgs/FieldPos395_Cam01_RGB_MB/FieldPos395_Cam01_RGB_MB_page_12.png,0.7307267189025879
hybrid_proposed,noise,0.01,0.9310344827586207,0.16774368286132812,pbs,/home/dineth/focus_measure/datasets/New folder/bma pbf tfa/pbs_imgs/FieldPos395_Cam01_RGB_MB/FieldPos395_Cam01_RGB_MB_page_12.png,0.16774368286132812
hybrid_proposed,noise,0.02,0.7230769230769231,0.21675491333007812,pbs,/home/dineth/focus_measure/datasets/New folder/bma pbf tfa/pbs_imgs/FieldPos395_Cam01_RGB_MB/FieldPos395_Cam01_RGB_MB_page_12.png,0.21675491333007812
hybrid_proposed,brightness,0.05,0.8983050847457628,0.13797521591186523,pbs,/home/dineth/focus_measure/datasets/New folder/bma pbf tfa/pbs_imgs/FieldPos395_Cam01_RGB_MB/FieldPos395_Cam01_RGB_MB_page_12.png,0.13797521591186523
hybrid_proposed,brightness,-0.05,0.8983050847457628,0.12668800354003906,pbs,/home/dineth/focus_measure/datasets/New folder/bma pbf tfa/pbs_imgs/FieldPos395_Cam01_RGB_MB/FieldPos395_Cam01_RGB_MB_page_12.png,0.12668800354003906
hybrid_proposed,contrast,0.9,0.8360655737704918,0.1380329132080078,pbs,/home/dineth/focus_measure/datasets/New folder/bma pbf tfa/pbs_imgs/FieldPos395_Cam01_RGB_MB/FieldPos395_Cam01_RGB_MB_page_12.png,0.1380329132080078
hybrid_proposed,contrast,1.1,0.8983050847457628,0.1258563995361328,pbs,/home/dineth/focus_measure/datasets/New folder/bma pbf tfa/pbs_imgs/FieldPos395_Cam01_RGB_MB/FieldPos395_Cam01_RGB_MB_page_12.png,0.1258563995361328
all_rois,blur,0.8,1.0,0.4834308624267578,pbs,/home/dineth/focus_measure/datasets/New folder/bma pbf tfa/pbs_imgs/FieldPos395_Cam01_RGB_MB/FieldPos395_Cam01_RGB_MB_page_12.png,0.4834308624267578
all_rois,blur,1.2,1.0,0.721235990524292,pbs,/home/dineth/focus_measure/datasets/New folder/bma pbf tfa/pbs_imgs/FieldPos395_Cam01_RGB_MB/FieldPos395_Cam01_RGB_MB_page_12.png,0.721235990524292
all_rois,noise,0.01,1.0,0.2527608871459961,pbs,/home/dineth/focus_measure/datasets/New folder/bma pbf tfa/pbs_imgs/FieldPos395_Cam01_RGB_MB/FieldPos395_Cam01_RGB_MB_page_12.png,0.2527608871459961
all_rois,noise,0.02,1.0,0.3736002445220947,pbs,/home/dineth/focus_measure/datasets/New folder/bma pbf tfa/pbs_imgs/FieldPos395_Cam01_RGB_MB/FieldPos395_Cam01_RGB_MB_page_12.png,0.3736002445220947
all_rois,brightness,0.05,1.0,0.14478492736816406,pbs,/home/dineth/focus_measure/datasets/New folder/bma pbf tfa/pbs_imgs/FieldPos395_Cam01_RGB_MB/FieldPos395_Cam01_RGB_MB_page_12.png,0.14478492736816406
all_rois,brightness,-0.05,1.0,0.1446852684020996,pbs,/home/dineth/focus_measure/datasets/New folder/bma pbf tfa/pbs_imgs/FieldPos395_Cam01_RGB_MB/FieldPos395_Cam01_RGB_MB_page_12.png,0.1446852684020996
all_rois,contrast,0.9,1.0,0.14493608474731445,pbs,/home/dineth/focus_measure/datasets/New folder/bma pbf tfa/pbs_imgs/FieldPos395_Cam01_RGB_MB/FieldPos395_Cam01_RGB_MB_page_12.png,0.14493608474731445
all_rois,contrast,1.1,1.0,0.14455795288085938,pbs,/home/dineth/focus_measure/datasets/New folder/bma pbf tfa/pbs_imgs/FieldPos395_Cam01_RGB_MB/FieldPos395_Cam01_RGB_MB_page_12.png,0.14455795288085938
cnn_adaptive,blur,0.8,0.7230769230769231,0.4734933376312256,pbs,/home/dineth/focus_measure/datasets/New folder/bma pbf tfa/pbs_imgs/FieldPos395_Cam01_RGB_MB/FieldPos395_Cam01_RGB_MB_page_12.png,0.4734933376312256
cnn_adaptive,blur,1.2,0.75,0.7307267189025879,pbs,/home/dineth/focus_measure/datasets/New folder/bma pbf tfa/pbs_imgs/FieldPos395_Cam01_RGB_MB/FieldPos395_Cam01_RGB_MB_page_12.png,0.7307267189025879
cnn_adaptive,noise,0.01,0.9310344827586207,0.16774368286132812,pbs,/home/dineth/focus_measure/datasets/New folder/bma pbf tfa/pbs_imgs/FieldPos395_Cam01_RGB_MB/FieldPos395_Cam01_RGB_MB_page_12.png,0.16774368286132812
cnn_adaptive,noise,0.02,0.7230769230769231,0.21675491333007812,pbs,/home/dineth/focus_measure/datasets/New folder/bma pbf tfa/pbs_imgs/FieldPos395_Cam01_RGB_MB/FieldPos395_Cam01_RGB_MB_page_12.png,0.21675491333007812
cnn_adaptive,brightness,0.05,0.8983050847457628,0.13797521591186523,pbs,/home/dineth/focus_measure/datasets/New folder/bma pbf tfa/pbs_imgs/FieldPos395_Cam01_RGB_MB/FieldPos395_Cam01_RGB_MB_page_12.png,0.13797521591186523
cnn_adaptive,brightness,-0.05,0.8983050847457628,0.12668800354003906,pbs,/home/dineth/focus_measure/datasets/New folder/bma pbf tfa/pbs_imgs/FieldPos395_Cam01_RGB_MB/FieldPos395_Cam01_RGB_MB_page_12.png,0.12668800354003906
cnn_adaptive,contrast,0.9,0.8360655737704918,0.1380329132080078,pbs,/home/dineth/focus_measure/datasets/New folder/bma pbf tfa/pbs_imgs/FieldPos395_Cam01_RGB_MB/FieldPos395_Cam01_RGB_MB_page_12.png,0.1380329132080078
cnn_adaptive,contrast,1.1,0.8983050847457628,0.1258563995361328,pbs,/home/dineth/focus_measure/datasets/New folder/bma pbf tfa/pbs_imgs/FieldPos395_Cam01_RGB_MB/FieldPos395_Cam01_RGB_MB_page_12.png,0.1258563995361328
center_top1,blur,0.8,1.0,,pbs,/home/dineth/focus_measure/datasets/New folder/bma pbf tfa/pbs_imgs/FieldPos404_Cam01_RGB_MB/FieldPos404_Cam01_RGB_MB_page_3.png,
center_top1,blur,1.2,1.0,,pbs,/home/dineth/focus_measure/datasets/New folder/bma pbf tfa/pbs_imgs/FieldPos404_Cam01_RGB_MB/FieldPos404_Cam01_RGB_MB_page_3.png,
center_top1,noise,0.01,1.0,,pbs,/home/dineth/focus_measure/datasets/New folder/bma pbf tfa/pbs_imgs/FieldPos404_Cam01_RGB_MB/FieldPos404_Cam01_RGB_MB_page_3.png,
center_top1,noise,0.02,1.0,,pbs,/home/dineth/focus_measure/datasets/New folder/bma pbf tfa/pbs_imgs/FieldPos404_Cam01_RGB_MB/FieldPos404_Cam01_RGB_MB_page_3.png,
center_top1,brightness,0.05,1.0,,pbs,/home/dineth/focus_measure/datasets/New folder/bma pbf tfa/pbs_imgs/FieldPos404_Cam01_RGB_MB/FieldPos404_Cam01_RGB_MB_page_3.png,
center_top1,brightness,-0.05,1.0,,pbs,/home/dineth/focus_measure/datasets/New folder/bma pbf tfa/pbs_imgs/FieldPos404_Cam01_RGB_MB/FieldPos404_Cam01_RGB_MB_page_3.png,
center_top1,contrast,0.9,1.0,,pbs,/home/dineth/focus_measure/datasets/New folder/bma pbf tfa/pbs_imgs/FieldPos404_Cam01_RGB_MB/FieldPos404_Cam01_RGB_MB_page_3.png,
center_top1,contrast,1.1,1.0,,pbs,/home/dineth/focus_measure/datasets/New folder/bma pbf tfa/pbs_imgs/FieldPos404_Cam01_RGB_MB/FieldPos404_Cam01_RGB_MB_page_3.png,
random_k@k=1,blur,0.8,1.0,-0.039633095264434814,pbs,/home/dineth/focus_measure/datasets/New folder/bma pbf tfa/pbs_imgs/FieldPos404_Cam01_RGB_MB/FieldPos404_Cam01_RGB_MB_page_3.png,-0.039633095264434814
random_k@k=1,blur,1.2,1.0,-0.025655746459960938,pbs,/home/dineth/focus_measure/datasets/New folder/bma pbf tfa/pbs_imgs/FieldPos404_Cam01_RGB_MB/FieldPos404_Cam01_RGB_MB_page_3.png,-0.025655746459960938
random_k@k=1,noise,0.01,1.0,0.5092847347259521,pbs,/home/dineth/focus_measure/datasets/New folder/bma pbf tfa/pbs_imgs/FieldPos404_Cam01_RGB_MB/FieldPos404_Cam01_RGB_MB_page_3.png,0.5092847347259521
random_k@k=1,noise,0.02,1.0,1.079902172088623,pbs,/home/dineth/focus_measure/datasets/New folder/bma pbf tfa/pbs_imgs/FieldPos404_Cam01_RGB_MB/FieldPos404_Cam01_RGB_MB_page_3.png,1.079902172088623
random_k@k=1,brightness,0.05,1.0,-0.028084874153137207,pbs,/home/dineth/focus_measure/datasets/New folder/bma pbf tfa/pbs_imgs/FieldPos404_Cam01_RGB_MB/FieldPos404_Cam01_RGB_MB_page_3.png,-0.028084874153137207
random_k@k=1,brightness,-0.05,1.0,-0.028054475784301758,pbs,/home/dineth/focus_measure/datasets/New folder/bma pbf tfa/pbs_imgs/FieldPos404_Cam01_RGB_MB/FieldPos404_Cam01_RGB_MB_page_3.png,-0.028054475784301758
random_k@k=1,contrast,0.9,1.0,-0.028011083602905273,pbs,/home/dineth/focus_measure/datasets/New folder/bma pbf tfa/pbs_imgs/FieldPos404_Cam01_RGB_MB/FieldPos404_Cam01_RGB_MB_page_3.png,-0.028011083602905273
random_k@k=1,contrast,1.1,1.0,-0.0280301570892334,pbs,/home/dineth/focus_measure/datasets/New folder/bma pbf tfa/pbs_imgs/FieldPos404_Cam01_RGB_MB/FieldPos404_Cam01_RGB_MB_page_3.png,-0.0280301570892334
random_k@k=3,blur,0.8,1.0,0.09471449255943298,pbs,/home/dineth/focus_measure/datasets/New folder/bma pbf tfa/pbs_imgs/FieldPos404_Cam01_RGB_MB/FieldPos404_Cam01_RGB_MB_page_3.png,0.09471449255943298
random_k@k=3,blur,1.2,1.0,0.10861828923225403,pbs,/home/dineth/focus_measure/datasets/New folder/bma pbf tfa/pbs_imgs/FieldPos404_Cam01_RGB_MB/FieldPos404_Cam01_RGB_MB_page_3.png,0.10861828923225403
random_k@k=3,noise,0.01,1.0,0.2532171905040741,pbs,/home/dineth/focus_measure/datasets/New folder/bma pbf tfa/pbs_imgs/FieldPos404_Cam01_RGB_MB/FieldPos404_Cam01_RGB_MB_page_3.png,0.2532171905040741
random_k@k=3,noise,0.02,1.0,0.9394336044788361,pbs,/home/dineth/focus_measure/datasets/New folder/bma pbf tfa/pbs_imgs/FieldPos404_Cam01_RGB_MB/FieldPos404_Cam01_RGB_MB_page_3.png,0.9394336044788361
random_k@k=3,brightness,0.05,1.0,0.10615208745002747,pbs,/home/dineth/focus_measure/datasets/New folder/bma pbf tfa/pbs_imgs/FieldPos404_Cam01_RGB_MB/FieldPos404_Cam01_RGB_MB_page_3.png,0.10615208745002747
random_k@k=3,brightness,-0.05,1.0,0.10617896914482117,pbs,/home/dineth/focus_measure/datasets/New folder/bma pbf tfa/pbs_imgs/FieldPos404_Cam01_RGB_MB/FieldPos404_Cam01_RGB_MB_page_3.png,0.10617896914482117
random_k@k=3,contrast,0.9,1.0,0.10610881447792053,pbs,/home/dineth/focus_measure/datasets/New folder/bma pbf tfa/pbs_imgs/FieldPos404_Cam01_RGB_MB/FieldPos404_Cam01_RGB_MB_page_3.png,0.10610881447792053
random_k@k=3,contrast,1.1,1.0,0.10610106587409973,pbs,/home/dineth/focus_measure/datasets/New folder/bma pbf tfa/pbs_imgs/FieldPos404_Cam01_RGB_MB/FieldPos404_Cam01_RGB_MB_page_3.png,0.10610106587409973
random_k@k=5,blur,0.8,1.0,1.3256003260612488,pbs,/home/dineth/focus_measure/datasets/New folder/bma pbf tfa/pbs_imgs/FieldPos404_Cam01_RGB_MB/FieldPos404_Cam01_RGB_MB_page_3.png,1.3256003260612488
random_k@k=5,blur,1.2,1.0,1.3345521092414856,pbs,/home/dineth/focus_measure/datasets/New folder/bma pbf tfa/pbs_imgs/FieldPos404_Cam01_RGB_MB/FieldPos404_Cam01_RGB_MB_page_3.png,1.3345521092414856
random_k@k=5,noise,0.01,1.0,1.4896352291107178,pbs,/home/dineth/focus_measure/datasets/New folder/bma pbf tfa/pbs_imgs/FieldPos404_Cam01_RGB_MB/FieldPos404_Cam01_RGB_MB_page_3.png,1.4896352291107178
random_k@k=5,noise,0.02,1.0,2.175844371318817,pbs,/home/dineth/focus_measure/datasets/New folder/bma pbf tfa/pbs_imgs/FieldPos404_Cam01_RGB_MB/FieldPos404_Cam01_RGB_MB_page_3.png,2.175844371318817
random_k@k=5,brightness,0.05,1.0,1.3426212072372437,pbs,/home/dineth/focus_measure/datasets/New folder/bma pbf tfa/pbs_imgs/FieldPos404_Cam01_RGB_MB/FieldPos404_Cam01_RGB_MB_page_3.png,1.3426212072372437
random_k@k=5,brightness,-0.05,1.0,1.3426518440246582,pbs,/home/dineth/focus_measure/datasets/New folder/bma pbf tfa/pbs_imgs/FieldPos404_Cam01_RGB_MB/FieldPos404_Cam01_RGB_MB_page_3.png,1.3426518440246582
random_k@k=5,contrast,0.9,1.0,1.3426957726478577,pbs,/home/dineth/focus_measure/datasets/New folder/bma pbf tfa/pbs_imgs/FieldPos404_Cam01_RGB_MB/FieldPos404_Cam01_RGB_MB_page_3.png,1.3426957726478577
random_k@k=5,contrast,1.1,1.0,1.34267920255661,pbs,/home/dineth/focus_measure/datasets/New folder/bma pbf tfa/pbs_imgs/FieldPos404_Cam01_RGB_MB/FieldPos404_Cam01_RGB_MB_page_3.png,1.34267920255661
random_k@k=7,blur,0.8,1.0,1.220146119594574,pbs,/home/dineth/focus_measure/datasets/New folder/bma pbf tfa/pbs_imgs/FieldPos404_Cam01_RGB_MB/FieldPos404_Cam01_RGB_MB_page_3.png,1.220146119594574
random_k@k=7,blur,1.2,1.0,1.2290979027748108,pbs,/home/dineth/focus_measure/datasets/New folder/bma pbf tfa/pbs_imgs/FieldPos404_Cam01_RGB_MB/FieldPos404_Cam01_RGB_MB_page_3.png,1.2290979027748108
random_k@k=7,noise,0.01,1.0,1.384181022644043,pbs,/home/dineth/focus_measure/datasets/New folder/bma pbf tfa/pbs_imgs/FieldPos404_Cam01_RGB_MB/FieldPos404_Cam01_RGB_MB_page_3.png,1.384181022644043
random_k@k=7,noise,0.02,1.0,-1.4814812541007996,pbs,/home/dineth/focus_measure/datasets/New folder/bma pbf tfa/pbs_imgs/FieldPos404_Cam01_RGB_MB/FieldPos404_Cam01_RGB_MB_page_3.png,-1.4814812541007996
random_k@k=7,brightness,0.05,1.0,1.2371670007705688,pbs,/home/dineth/focus_measure/datasets/New folder/bma pbf tfa/pbs_imgs/FieldPos404_Cam01_RGB_MB/FieldPos404_Cam01_RGB_MB_page_3.png,1.2371670007705688
random_k@k=7,brightness,-0.05,1.0,1.2371976375579834,pbs,/home/dineth/focus_measure/datasets/New folder/bma pbf tfa/pbs_imgs/FieldPos404_Cam01_RGB_MB/FieldPos404_Cam01_RGB_MB_page_3.png,1.2371976375579834
random_k@k=7,contrast,0.9,1.0,1.2372415661811829,pbs,/home/dineth/focus_measure/datasets/New folder/bma pbf tfa/pbs_imgs/FieldPos404_Cam01_RGB_MB/FieldPos404_Cam01_RGB_MB_page_3.png,1.2372415661811829
random_k@k=7,contrast,1.1,1.0,1.2372249960899353,pbs,/home/dineth/focus_measure/datasets/New folder/bma pbf tfa/pbs_imgs/FieldPos404_Cam01_RGB_MB/FieldPos404_Cam01_RGB_MB_page_3.png,1.2372249960899353
focus_only_topk@k=1,blur,0.8,1.0,0.08771860599517822,pbs,/home/dineth/focus_measure/datasets/New folder/bma pbf tfa/pbs_imgs/FieldPos404_Cam01_RGB_MB/FieldPos404_Cam01_RGB_MB_page_3.png,0.08771860599517822
focus_only_topk@k=1,blur,1.2,1.0,0.1119651198387146,pbs,/home/dineth/focus_measure/datasets/New folder/bma pbf tfa/pbs_imgs/FieldPos404_Cam01_RGB_MB/FieldPos404_Cam01_RGB_MB_page_3.png,0.1119651198387146
focus_only_topk@k=1,noise,0.01,1.0,0.026901185512542725,pbs,/home/dineth/focus_measure/datasets/New folder/bma pbf tfa/pbs_imgs/FieldPos404_Cam01_RGB_MB/FieldPos404_Cam01_RGB_MB_page_3.png,0.026901185512542725
focus_only_topk@k=1,noise,0.02,1.0,-4.244619011878967,pbs,/home/dineth/focus_measure/datasets/New folder/bma pbf tfa/pbs_imgs/FieldPos404_Cam01_RGB_MB/FieldPos404_Cam01_RGB_MB_page_3.png,-4.244619011878967
focus_only_topk@k=1,brightness,0.05,1.0,0.03973156213760376,pbs,/home/dineth/focus_measure/datasets/New folder/bma pbf tfa/pbs_imgs/FieldPos404_Cam01_RGB_MB/FieldPos404_Cam01_RGB_MB_page_3.png,0.03973156213760376
focus_only_topk@k=1,brightness,-0.05,1.0,0.039722740650177,pbs,/home/dineth/focus_measure/datasets/New folder/bma pbf tfa/pbs_imgs/FieldPos404_Cam01_RGB_MB/FieldPos404_Cam01_RGB_MB_page_3.png,0.039722740650177
focus_only_topk@k=1,contrast,0.9,1.0,0.039740800857543945,pbs,/home/dineth/focus_measure/datasets/New folder/bma pbf tfa/pbs_imgs/FieldPos404_Cam01_RGB_MB/FieldPos404_Cam01_RGB_MB_page_3.png,0.039740800857543945
focus_only_topk@k=1,contrast,1.1,1.0,0.0397610068321228,pbs,/home/dineth/focus_measure/datasets/New folder/bma pbf tfa/pbs_imgs/FieldPos404_Cam01_RGB_MB/FieldPos404_Cam01_RGB_MB_page_3.png,0.0397610068321228
focus_only_topk@k=3,blur,0.8,1.0,0.08781826496124268,pbs,/home/dineth/focus_measure/datasets/New folder/bma pbf tfa/pbs_imgs/FieldPos404_Cam01_RGB_MB/FieldPos404_Cam01_RGB_MB_page_3.png,0.08781826496124268
focus_only_topk@k=3,blur,1.2,1.0,0.11170732975006104,pbs,/home/dineth/focus_measure/datasets/New folder/bma pbf tfa/pbs_imgs/FieldPos404_Cam01_RGB_MB/FieldPos404_Cam01_RGB_MB_page_3.png,0.11170732975006104
focus_only_topk@k=3,noise,0.01,1.0,0.046271443367004395,pbs,/home/dineth/focus_measure/datasets/New folder/bma pbf tfa/pbs_imgs/FieldPos404_Cam01_RGB_MB/FieldPos404_Cam01_RGB_MB_page_3.png,0.046271443367004395
focus_only_topk@k=3,noise,0.02,1.0,0.45810139179229736,pbs,/home/dineth/focus_measure/datasets/New folder/bma pbf tfa/pbs_imgs/FieldPos404_Cam01_RGB_MB/FieldPos404_Cam01_RGB_MB_page_3.png,0.45810139179229736
focus_only_topk@k=3,brightness,0.05,1.0,0.03975260257720947,pbs,/home/dineth/focus_measure/datasets/New folder/bma pbf tfa/pbs_imgs/FieldPos404_Cam01_RGB_MB/FieldPos404_Cam01_RGB_MB_page_3.png,0.03975260257720947
focus_only_topk@k=3,brightness,-0.05,1.0,0.03979301452636719,pbs,/home/dineth/focus_measure/datasets/New folder/bma pbf tfa/pbs_imgs/FieldPos404_Cam01_RGB_MB/FieldPos404_Cam01_RGB_MB_page_3.png,0.03979301452636719
focus_only_topk@k=3,contrast,0.9,1.0,0.03980296850204468,pbs,/home/dineth/focus_measure/datasets/New folder/bma pbf tfa/pbs_imgs/FieldPos404_Cam01_RGB_MB/FieldPos404_Cam01_RGB_MB_page_3.png,0.03980296850204468
focus_only_topk@k=3,contrast,1.1,1.0,0.03973054885864258,pbs,/home/dineth/focus_measure/datasets/New folder/bma pbf tfa/pbs_imgs/FieldPos404_Cam01_RGB_MB/FieldPos404_Cam01_RGB_MB_page_3.png,0.03973054885864258
focus_only_topk@k=5,blur,0.8,1.0,-0.023904621601104736,pbs,/home/dineth/focus_measure/datasets/New folder/bma pbf tfa/pbs_imgs/FieldPos404_Cam01_RGB_MB/FieldPos404_Cam01_RGB_MB_page_3.png,-0.023904621601104736
focus_only_topk@k=5,blur,1.2,1.0,0.08038312196731567,pbs,/home/dineth/focus_measure/datasets/New folder/bma pbf tfa/pbs_imgs/FieldPos404_Cam01_RGB_MB/FieldPos404_Cam01_RGB_MB_page_3.png,0.08038312196731567
focus_only_topk@k=5,noise,0.01,1.0,0.051864027976989746,pbs,/home/dineth/focus_measure/datasets/New folder/bma pbf tfa/pbs_imgs/FieldPos404_Cam01_RGB_MB/FieldPos404_Cam01_RGB_MB_page_3.png,0.051864027976989746
focus_only_topk@k=5,noise,0.02,1.0,0.4578462839126587,pbs,/home/dineth/focus_measure/datasets/New folder/bma pbf tfa/pbs_imgs/FieldPos404_Cam01_RGB_MB/FieldPos404_Cam01_RGB_MB_page_3.png,0.4578462839126587
focus_only_topk@k=5,brightness,0.05,1.0,-0.019483447074890137,pbs,/home/dineth/focus_measure/datasets/New folder/bma pbf tfa/pbs_imgs/FieldPos404_Cam01_RGB_MB/FieldPos404_Cam01_RGB_MB_page_3.png,-0.019483447074890137
focus_only_topk@k=5,brightness,-0.05,1.0,-0.019499659538269043,pbs,/home/dineth/focus_measure/datasets/New folder/bma pbf tfa/pbs_imgs/FieldPos404_Cam01_RGB_MB/FieldPos404_Cam01_RGB_MB_page_3.png,-0.019499659538269043
focus_only_topk@k=5,contrast,0.9,1.0,-0.01962447166442871,pbs,/home/dineth/focus_measure/datasets/New folder/bma pbf tfa/pbs_imgs/FieldPos404_Cam01_RGB_MB/FieldPos404_Cam01_RGB_MB_page_3.png,-0.01962447166442871
focus_only_topk@k=5,contrast,1.1,1.0,-0.01946789026260376,pbs,/home/dineth/focus_measure/datasets/New folder/bma pbf tfa/pbs_imgs/FieldPos404_Cam01_RGB_MB/FieldPos404_Cam01_RGB_MB_page_3.png,-0.01946789026260376
focus_only_topk@k=7,blur,0.8,1.0,-0.07487082481384277,pbs,/home/dineth/focus_measure/datasets/New folder/bma pbf tfa/pbs_imgs/FieldPos404_Cam01_RGB_MB/FieldPos404_Cam01_RGB_MB_page_3.png,-0.07487082481384277
focus_only_topk@k=7,blur,1.2,1.0,-0.047582030296325684,pbs,/home/dineth/focus_measure/datasets/New folder/bma pbf tfa/pbs_imgs/FieldPos404_Cam01_RGB_MB/FieldPos404_Cam01_RGB_MB_page_3.png,-0.047582030296325684
focus_only_topk@k=7,noise,0.01,1.0,0.07082653045654297,pbs,/home/dineth/focus_measure/datasets/New folder/bma pbf tfa/pbs_imgs/FieldPos404_Cam01_RGB_MB/FieldPos404_Cam01_RGB_MB_page_3.png,0.07082653045654297
focus_only_topk@k=7,noise,0.02,1.0,0.4578462839126587,pbs,/home/dineth/focus_measure/datasets/New folder/bma pbf tfa/pbs_imgs/FieldPos404_Cam01_RGB_MB/FieldPos404_Cam01_RGB_MB_page_3.png,0.4578462839126587
focus_only_topk@k=7,brightness,0.05,1.0,-0.0721287727355957,pbs,/home/dineth/focus_measure/datasets/New folder/bma pbf tfa/pbs_imgs/FieldPos404_Cam01_RGB_MB/FieldPos404_Cam01_RGB_MB_page_3.png,-0.0721287727355957
focus_only_topk@k=7,brightness,-0.05,1.0,-0.07223105430603027,pbs,/home/dineth/focus_measure/datasets/New folder/bma pbf tfa/pbs_imgs/FieldPos404_Cam01_RGB_MB/FieldPos404_Cam01_RGB_MB_page_3.png,-0.07223105430603027
focus_only_topk@k=7,contrast,0.9,1.0,-0.0721091628074646,pbs,/home/dineth/focus_measure/datasets/New folder/bma pbf tfa/pbs_imgs/FieldPos404_Cam01_RGB_MB/FieldPos404_Cam01_RGB_MB_page_3.png,-0.0721091628074646
focus_only_topk@k=7,contrast,1.1,1.0,-0.07218098640441895,pbs,/home/dineth/focus_measure/datasets/New folder/bma pbf tfa/pbs_imgs/FieldPos404_Cam01_RGB_MB/FieldPos404_Cam01_RGB_MB_page_3.png,-0.07218098640441895
occupancy_only_topk@k=1,blur,0.8,1.0,0.08771860599517822,pbs,/home/dineth/focus_measure/datasets/New folder/bma pbf tfa/pbs_imgs/FieldPos404_Cam01_RGB_MB/FieldPos404_Cam01_RGB_MB_page_3.png,0.08771860599517822
occupancy_only_topk@k=1,blur,1.2,1.0,0.1119651198387146,pbs,/home/dineth/focus_measure/datasets/New folder/bma pbf tfa/pbs_imgs/FieldPos404_Cam01_RGB_MB/FieldPos404_Cam01_RGB_MB_page_3.png,0.1119651198387146
occupancy_only_topk@k=1,noise,0.01,1.0,0.026901185512542725,pbs,/home/dineth/focus_measure/datasets/New folder/bma pbf tfa/pbs_imgs/FieldPos404_Cam01_RGB_MB/FieldPos404_Cam01_RGB_MB_page_3.png,0.026901185512542725
occupancy_only_topk@k=1,noise,0.02,1.0,-4.244619011878967,pbs,/home/dineth/focus_measure/datasets/New folder/bma pbf tfa/pbs_imgs/FieldPos404_Cam01_RGB_MB/FieldPos404_Cam01_RGB_MB_page_3.png,-4.244619011878967
occupancy_only_topk@k=1,brightness,0.05,1.0,0.03973156213760376,pbs,/home/dineth/focus_measure/datasets/New folder/bma pbf tfa/pbs_imgs/FieldPos404_Cam01_RGB_MB/FieldPos404_Cam01_RGB_MB_page_3.png,0.03973156213760376
occupancy_only_topk@k=1,brightness,-0.05,1.0,0.039722740650177,pbs,/home/dineth/focus_measure/datasets/New folder/bma pbf tfa/pbs_imgs/FieldPos404_Cam01_RGB_MB/FieldPos404_Cam01_RGB_MB_page_3.png,0.039722740650177
occupancy_only_topk@k=1,contrast,0.9,1.0,0.039740800857543945,pbs,/home/dineth/focus_measure/datasets/New folder/bma pbf tfa/pbs_imgs/FieldPos404_Cam01_RGB_MB/FieldPos404_Cam01_RGB_MB_page_3.png,0.039740800857543945
occupancy_only_topk@k=1,contrast,1.1,1.0,0.0397610068321228,pbs,/home/dineth/focus_measure/datasets/New folder/bma pbf tfa/pbs_imgs/FieldPos404_Cam01_RGB_MB/FieldPos404_Cam01_RGB_MB_page_3.png,0.0397610068321228
occupancy_only_topk@k=3,blur,0.8,1.0,0.08781826496124268,pbs,/home/dineth/focus_measure/datasets/New folder/bma pbf tfa/pbs_imgs/FieldPos404_Cam01_RGB_MB/FieldPos404_Cam01_RGB_MB_page_3.png,0.08781826496124268
occupancy_only_topk@k=3,blur,1.2,1.0,0.11170732975006104,pbs,/home/dineth/focus_measure/datasets/New folder/bma pbf tfa/pbs_imgs/FieldPos404_Cam01_RGB_MB/FieldPos404_Cam01_RGB_MB_page_3.png,0.11170732975006104
occupancy_only_topk@k=3,noise,0.01,1.0,0.046271443367004395,pbs,/home/dineth/focus_measure/datasets/New folder/bma pbf tfa/pbs_imgs/FieldPos404_Cam01_RGB_MB/FieldPos404_Cam01_RGB_MB_page_3.png,0.046271443367004395
occupancy_only_topk@k=3,noise,0.02,1.0,0.45810139179229736,pbs,/home/dineth/focus_measure/datasets/New folder/bma pbf tfa/pbs_imgs/FieldPos404_Cam01_RGB_MB/FieldPos404_Cam01_RGB_MB_page_3.png,0.45810139179229736
occupancy_only_topk@k=3,brightness,0.05,1.0,0.03975260257720947,pbs,/home/dineth/focus_measure/datasets/New folder/bma pbf tfa/pbs_imgs/FieldPos404_Cam01_RGB_MB/FieldPos404_Cam01_RGB_MB_page_3.png,0.03975260257720947
occupancy_only_topk@k=3,brightness,-0.05,1.0,0.03979301452636719,pbs,/home/dineth/focus_measure/datasets/New folder/bma pbf tfa/pbs_imgs/FieldPos404_Cam01_RGB_MB/FieldPos404_Cam01_RGB_MB_page_3.png,0.03979301452636719
occupancy_only_topk@k=3,contrast,0.9,1.0,0.03980296850204468,pbs,/home/dineth/focus_measure/datasets/New folder/bma pbf tfa/pbs_imgs/FieldPos404_Cam01_RGB_MB/FieldPos404_Cam01_RGB_MB_page_3.png,0.03980296850204468
occupancy_only_topk@k=3,contrast,1.1,1.0,0.03973054885864258,pbs,/home/dineth/focus_measure/datasets/New folder/bma pbf tfa/pbs_imgs/FieldPos404_Cam01_RGB_MB/FieldPos404_Cam01_RGB_MB_page_3.png,0.03973054885864258
occupancy_only_topk@k=5,blur,0.8,1.0,-0.1109534502029419,pbs,/home/dineth/focus_measure/datasets/New folder/bma pbf tfa/pbs_imgs/FieldPos404_Cam01_RGB_MB/FieldPos404_Cam01_RGB_MB_page_3.png,-0.1109534502029419
occupancy_only_topk@k=5,blur,1.2,1.0,-0.11732557415962219,pbs,/home/dineth/focus_measure/datasets/New folder/bma pbf tfa/pbs_imgs/FieldPos404_Cam01_RGB_MB/FieldPos404_Cam01_RGB_MB_page_3.png,-0.11732557415962219
occupancy_only_topk@k=5,noise,0.01,1.0,0.04626840353012085,pbs,/home/dineth/focus_measure/datasets/New folder/bma pbf tfa/pbs_imgs/FieldPos404_Cam01_RGB_MB/FieldPos404_Cam01_RGB_MB_page_3.png,0.04626840353012085
occupancy_only_topk@k=5,noise,0.02,1.0,-3.1882210969924927,pbs,/home/dineth/focus_measure/datasets/New folder/bma pbf tfa/pbs_imgs/FieldPos404_Cam01_RGB_MB/FieldPos404_Cam01_RGB_MB_page_3.png,-3.1882210969924927
occupancy_only_topk@k=5,brightness,0.05,0.6666666666666666,-0.05501386523246765,pbs,/home/dineth/focus_measure/datasets/New folder/bma pbf tfa/pbs_imgs/FieldPos404_Cam01_RGB_MB/FieldPos404_Cam01_RGB_MB_page_3.png,-0.05501386523246765
occupancy_only_topk@k=5,brightness,-0.05,0.6666666666666666,-0.07223105430603027,pbs,/home/dineth/focus_measure/datasets/New folder/bma pbf tfa/pbs_imgs/FieldPos404_Cam01_RGB_MB/FieldPos404_Cam01_RGB_MB_page_3.png,-0.07223105430603027
occupancy_only_topk@k=5,contrast,0.9,1.0,-0.0721091628074646,pbs,/home/dineth/focus_measure/datasets/New folder/bma pbf tfa/pbs_imgs/FieldPos404_Cam01_RGB_MB/FieldPos404_Cam01_RGB_MB_page_3.png,-0.0721091628074646
occupancy_only_topk@k=5,contrast,1.1,0.6666666666666666,-0.07218098640441895,pbs,/home/dineth/focus_measure/datasets/New folder/bma pbf tfa/pbs_imgs/FieldPos404_Cam01_RGB_MB/FieldPos404_Cam01_RGB_MB_page_3.png,-0.07218098640441895
occupancy_only_topk@k=7,blur,0.8,1.0,-0.07487082481384277,pbs,/home/dineth/focus_measure/datasets/New folder/bma pbf tfa/pbs_imgs/FieldPos404_Cam01_RGB_MB/FieldPos404_Cam01_RGB_MB_page_3.png,-0.07487082481384277
occupancy_only_topk@k=7,blur,1.2,1.0,-0.047582030296325684,pbs,/home/dineth/focus_measure/datasets/New folder/bma pbf tfa/pbs_imgs/FieldPos404_Cam01_RGB_MB/FieldPos404_Cam01_RGB_MB_page_3.png,-0.047582030296325684
occupancy_only_topk@k=7,noise,0.01,1.0,0.051864027976989746,pbs,/home/dineth/focus_measure/datasets/New folder/bma pbf tfa/pbs_imgs/FieldPos404_Cam01_RGB_MB/FieldPos404_Cam01_RGB_MB_page_3.png,0.051864027976989746
occupancy_only_topk@k=7,noise,0.02,1.0,-3.690400004386902,pbs,/home/dineth/focus_measure/datasets/New folder/bma pbf tfa/pbs_imgs/FieldPos404_Cam01_RGB_MB/FieldPos404_Cam01_RGB_MB_page_3.png,-3.690400004386902
occupancy_only_topk@k=7,brightness,0.05,0.75,-0.05501386523246765,pbs,/home/dineth/focus_measure/datasets/New folder/bma pbf tfa/pbs_imgs/FieldPos404_Cam01_RGB_MB/FieldPos404_Cam01_RGB_MB_page_3.png,-0.05501386523246765
occupancy_only_topk@k=7,brightness,-0.05,0.75,-0.07223105430603027,pbs,/home/dineth/focus_measure/datasets/New folder/bma pbf tfa/pbs_imgs/FieldPos404_Cam01_RGB_MB/FieldPos404_Cam01_RGB_MB_page_3.png,-0.07223105430603027
occupancy_only_topk@k=7,contrast,0.9,1.0,-0.0721091628074646,pbs,/home/dineth/focus_measure/datasets/New folder/bma pbf tfa/pbs_imgs/FieldPos404_Cam01_RGB_MB/FieldPos404_Cam01_RGB_MB_page_3.png,-0.0721091628074646
occupancy_only_topk@k=7,contrast,1.1,1.0,-0.07218098640441895,pbs,/home/dineth/focus_measure/datasets/New folder/bma pbf tfa/pbs_imgs/FieldPos404_Cam01_RGB_MB/FieldPos404_Cam01_RGB_MB_page_3.png,-0.07218098640441895
hybrid_proposed,blur,0.8,0.9649122807017544,-0.045646101236343384,pbs,/home/dineth/focus_measure/datasets/New folder/bma pbf tfa/pbs_imgs/FieldPos404_Cam01_RGB_MB/FieldPos404_Cam01_RGB_MB_page_3.png,-0.045646101236343384
hybrid_proposed,blur,1.2,0.9649122807017544,-0.030501574277877808,pbs,/home/dineth/focus_measure/datasets/New folder/bma pbf tfa/pbs_imgs/FieldPos404_Cam01_RGB_MB/FieldPos404_Cam01_RGB_MB_page_3.png,-0.030501574277877808
hybrid_proposed,noise,0.01,1.0,0.12937992811203003,pbs,/home/dineth/focus_measure/datasets/New folder/bma pbf tfa/pbs_imgs/FieldPos404_Cam01_RGB_MB/FieldPos404_Cam01_RGB_MB_page_3.png,0.12937992811203003
hybrid_proposed,noise,0.02,0.9310344827586207,-2.902532398700714,pbs,/home/dineth/focus_measure/datasets/New folder/bma pbf tfa/pbs_imgs/FieldPos404_Cam01_RGB_MB/FieldPos404_Cam01_RGB_MB_page_3.png,-2.902532398700714
hybrid_proposed,brightness,0.05,1.0,-0.03138691186904907,pbs,/home/dineth/focus_measure/datasets/New folder/bma pbf tfa/pbs_imgs/FieldPos404_Cam01_RGB_MB/FieldPos404_Cam01_RGB_MB_page_3.png,-0.03138691186904907
hybrid_proposed,brightness,-0.05,0.9649122807017544,-0.035477012395858765,pbs,/home/dineth/focus_measure/datasets/New folder/bma pbf tfa/pbs_imgs/FieldPos404_Cam01_RGB_MB/FieldPos404_Cam01_RGB_MB_page_3.png,-0.035477012395858765
hybrid_proposed,contrast,0.9,1.0,-0.03133317828178406,pbs,/home/dineth/focus_measure/datasets/New folder/bma pbf tfa/pbs_imgs/FieldPos404_Cam01_RGB_MB/FieldPos404_Cam01_RGB_MB_page_3.png,-0.03133317828178406
hybrid_proposed,contrast,1.1,0.9649122807017544,-0.03553125262260437,pbs,/home/dineth/focus_measure/datasets/New folder/bma pbf tfa/pbs_imgs/FieldPos404_Cam01_RGB_MB/FieldPos404_Cam01_RGB_MB_page_3.png,-0.03553125262260437
all_rois,blur,0.8,1.0,-0.045962780714035034,pbs,/home/dineth/focus_measure/datasets/New folder/bma pbf tfa/pbs_imgs/FieldPos404_Cam01_RGB_MB/FieldPos404_Cam01_RGB_MB_page_3.png,-0.045962780714035034
all_rois,blur,1.2,1.0,-0.030818253755569458,pbs,/home/dineth/focus_measure/datasets/New folder/bma pbf tfa/pbs_imgs/FieldPos404_Cam01_RGB_MB/FieldPos404_Cam01_RGB_MB_page_3.png,-0.030818253755569458
all_rois,noise,0.01,1.0,0.20707517862319946,pbs,/home/dineth/focus_measure/datasets/New folder/bma pbf tfa/pbs_imgs/FieldPos404_Cam01_RGB_MB/FieldPos404_Cam01_RGB_MB_page_3.png,0.20707517862319946
all_rois,noise,0.02,1.0,0.9797884225845337,pbs,/home/dineth/focus_measure/datasets/New folder/bma pbf tfa/pbs_imgs/FieldPos404_Cam01_RGB_MB/FieldPos404_Cam01_RGB_MB_page_3.png,0.9797884225845337
all_rois,brightness,0.05,1.0,-0.031028062105178833,pbs,/home/dineth/focus_measure/datasets/New folder/bma pbf tfa/pbs_imgs/FieldPos404_Cam01_RGB_MB/FieldPos404_Cam01_RGB_MB_page_3.png,-0.031028062105178833
all_rois,brightness,-0.05,1.0,-0.03095439076423645,pbs,/home/dineth/focus_measure/datasets/New folder/bma pbf tfa/pbs_imgs/FieldPos404_Cam01_RGB_MB/FieldPos404_Cam01_RGB_MB_page_3.png,-0.03095439076423645
all_rois,contrast,0.9,1.0,-0.030999183654785156,pbs,/home/dineth/focus_measure/datasets/New folder/bma pbf tfa/pbs_imgs/FieldPos404_Cam01_RGB_MB/FieldPos404_Cam01_RGB_MB_page_3.png,-0.030999183654785156
all_rois,contrast,1.1,1.0,-0.031009554862976074,pbs,/home/dineth/focus_measure/datasets/New folder/bma pbf tfa/pbs_imgs/FieldPos404_Cam01_RGB_MB/FieldPos404_Cam01_RGB_MB_page_3.png,-0.031009554862976074
cnn_adaptive,blur,0.8,0.9649122807017544,-0.045646101236343384,pbs,/home/dineth/focus_measure/datasets/New folder/bma pbf tfa/pbs_imgs/FieldPos404_Cam01_RGB_MB/FieldPos404_Cam01_RGB_MB_page_3.png,-0.045646101236343384
cnn_adaptive,blur,1.2,0.9649122807017544,-0.030501574277877808,pbs,/home/dineth/focus_measure/datasets/New folder/bma pbf tfa/pbs_imgs/FieldPos404_Cam01_RGB_MB/FieldPos404_Cam01_RGB_MB_page_3.png,-0.030501574277877808
cnn_adaptive,noise,0.01,1.0,0.12937992811203003,pbs,/home/dineth/focus_measure/datasets/New folder/bma pbf tfa/pbs_imgs/FieldPos404_Cam01_RGB_MB/FieldPos404_Cam01_RGB_MB_page_3.png,0.12937992811203003
cnn_adaptive,noise,0.02,0.9310344827586207,-2.902532398700714,pbs,/home/dineth/focus_measure/datasets/New folder/bma pbf tfa/pbs_imgs/FieldPos404_Cam01_RGB_MB/FieldPos404_Cam01_RGB_MB_page_3.png,-2.902532398700714
cnn_adaptive,brightness,0.05,1.0,-0.03138691186904907,pbs,/home/dineth/focus_measure/datasets/New folder/bma pbf tfa/pbs_imgs/FieldPos404_Cam01_RGB_MB/FieldPos404_Cam01_RGB_MB_page_3.png,-0.03138691186904907
cnn_adaptive,brightness,-0.05,0.9649122807017544,-0.035477012395858765,pbs,/home/dineth/focus_measure/datasets/New folder/bma pbf tfa/pbs_imgs/FieldPos404_Cam01_RGB_MB/FieldPos404_Cam01_RGB_MB_page_3.png,-0.035477012395858765
cnn_adaptive,contrast,0.9,1.0,-0.03133317828178406,pbs,/home/dineth/focus_measure/datasets/New folder/bma pbf tfa/pbs_imgs/FieldPos404_Cam01_RGB_MB/FieldPos404_Cam01_RGB_MB_page_3.png,-0.03133317828178406
cnn_adaptive,contrast,1.1,0.9649122807017544,-0.03553125262260437,pbs,/home/dineth/focus_measure/datasets/New folder/bma pbf tfa/pbs_imgs/FieldPos404_Cam01_RGB_MB/FieldPos404_Cam01_RGB_MB_page_3.png,-0.03553125262260437
center_top1,blur,0.8,1.0,-0.17099499702453613,pbs,/home/dineth/focus_measure/datasets/New folder/bma pbf tfa/pbs_imgs/FieldPos411_Cam01_RGB_MB/FieldPos411_Cam01_RGB_MB_page_11.png,-0.17099499702453613
center_top1,blur,1.2,1.0,-0.27403759956359863,pbs,/home/dineth/focus_measure/datasets/New folder/bma pbf tfa/pbs_imgs/FieldPos411_Cam01_RGB_MB/FieldPos411_Cam01_RGB_MB_page_11.png,-0.27403759956359863
center_top1,noise,0.01,1.0,-0.01765608787536621,pbs,/home/dineth/focus_measure/datasets/New folder/bma pbf tfa/pbs_imgs/FieldPos411_Cam01_RGB_MB/FieldPos411_Cam01_RGB_MB_page_11.png,-0.01765608787536621
center_top1,noise,0.02,1.0,0.165435791015625,pbs,/home/dineth/focus_measure/datasets/New folder/bma pbf tfa/pbs_imgs/FieldPos411_Cam01_RGB_MB/FieldPos411_Cam01_RGB_MB_page_11.png,0.165435791015625
center_top1,brightness,0.05,1.0,-0.03216910362243652,pbs,/home/dineth/focus_measure/datasets/New folder/bma pbf tfa/pbs_imgs/FieldPos411_Cam01_RGB_MB/FieldPos411_Cam01_RGB_MB_page_11.png,-0.03216910362243652
center_top1,brightness,-0.05,1.0,-0.03230762481689453,pbs,/home/dineth/focus_measure/datasets/New folder/bma pbf tfa/pbs_imgs/FieldPos411_Cam01_RGB_MB/FieldPos411_Cam01_RGB_MB_page_11.png,-0.03230762481689453
center_top1,contrast,0.9,1.0,-0.032494306564331055,pbs,/home/dineth/focus_measure/datasets/New folder/bma pbf tfa/pbs_imgs/FieldPos411_Cam01_RGB_MB/FieldPos411_Cam01_RGB_MB_page_11.png,-0.032494306564331055
center_top1,contrast,1.1,1.0,-0.03223896026611328,pbs,/home/dineth/focus_measure/datasets/New folder/bma pbf tfa/pbs_imgs/FieldPos411_Cam01_RGB_MB/FieldPos411_Cam01_RGB_MB_page_11.png,-0.03223896026611328
random_k@k=1,blur,0.8,1.0,-0.02377772331237793,pbs,/home/dineth/focus_measure/datasets/New folder/bma pbf tfa/pbs_imgs/FieldPos411_Cam01_RGB_MB/FieldPos411_Cam01_RGB_MB_page_11.png,-0.02377772331237793
random_k@k=1,blur,1.2,1.0,-0.09262824058532715,pbs,/home/dineth/focus_measure/datasets/New folder/bma pbf tfa/pbs_imgs/FieldPos411_Cam01_RGB_MB/FieldPos411_Cam01_RGB_MB_page_11.png,-0.09262824058532715
random_k@k=1,noise,0.01,1.0,0.17531657218933105,pbs,/home/dineth/focus_measure/datasets/New folder/bma pbf tfa/pbs_imgs/FieldPos411_Cam01_RGB_MB/FieldPos411_Cam01_RGB_MB_page_11.png,0.17531657218933105
random_k@k=1,noise,0.02,1.0,0.3775758743286133,pbs,/home/dineth/focus_measure/datasets/New folder/bma pbf tfa/pbs_imgs/FieldPos411_Cam01_RGB_MB/FieldPos411_Cam01_RGB_MB_page_11.png,0.3775758743286133
random_k@k=1,brightness,0.05,1.0,0.09503412246704102,pbs,/home/dineth/focus_measure/datasets/New folder/bma pbf tfa/pbs_imgs/FieldPos411_Cam01_RGB_MB/FieldPos411_Cam01_RGB_MB_page_11.png,0.09503412246704102
random_k@k=1,brightness,-0.05,1.0,0.09509396553039551,pbs,/home/dineth/focus_measure/datasets/New folder/bma pbf tfa/pbs_imgs/FieldPos411_Cam01_RGB_MB/FieldPos411_Cam01_RGB_MB_page_11.png,0.09509396553039551
random_k@k=1,contrast,0.9,1.0,0.09518790245056152,pbs,/home/dineth/focus_measure/datasets/New folder/bma pbf tfa/pbs_imgs/FieldPos411_Cam01_RGB_MB/FieldPos411_Cam01_RGB_MB_page_11.png,0.09518790245056152
random_k@k=1,contrast,1.1,1.0,0.09512615203857422,pbs,/home/dineth/focus_measure/datasets/New folder/bma pbf tfa/pbs_imgs/FieldPos411_Cam01_RGB_MB/FieldPos411_Cam01_RGB_MB_page_11.png,0.09512615203857422
random_k@k=3,blur,0.8,1.0,-0.16145086288452148,pbs,/home/dineth/focus_measure/datasets/New folder/bma pbf tfa/pbs_imgs/FieldPos411_Cam01_RGB_MB/FieldPos411_Cam01_RGB_MB_page_11.png,-0.16145086288452148
random_k@k=3,blur,1.2,1.0,-0.09383273124694824,pbs,/home/dineth/focus_measure/datasets/New folder/bma pbf tfa/pbs_imgs/FieldPos411_Cam01_RGB_MB/FieldPos411_Cam01_RGB_MB_page_11.png,-0.09383273124694824
random_k@k=3,noise,0.01,1.0,-0.07302379608154297,pbs,/home/dineth/focus_measure/datasets/New folder/bma pbf tfa/pbs_imgs/FieldPos411_Cam01_RGB_MB/FieldPos411_Cam01_RGB_MB_page_11.png,-0.07302379608154297
random_k@k=3,noise,0.02,1.0,0.046775102615356445,pbs,/home/dineth/focus_measure/datasets/New folder/bma pbf tfa/pbs_imgs/FieldPos411_Cam01_RGB_MB/FieldPos411_Cam01_RGB_MB_page_11.png,0.046775102615356445
random_k@k=3,brightness,0.05,1.0,-0.1196284294128418,pbs,/home/dineth/focus_measure/datasets/New folder/bma pbf tfa/pbs_imgs/FieldPos411_Cam01_RGB_MB/FieldPos411_Cam01_RGB_MB_page_11.png,-0.1196284294128418
random_k@k=3,brightness,-0.05,1.0,-0.11957001686096191,pbs,/home/dineth/focus_measure/datasets/New folder/bma pbf tfa/pbs_imgs/FieldPos411_Cam01_RGB_MB/FieldPos411_Cam01_RGB_MB_page_11.png,-0.11957001686096191
random_k@k=3,contrast,0.9,1.0,-0.11956214904785156,pbs,/home/dineth/focus_measure/datasets/New folder/bma pbf tfa/pbs_imgs/FieldPos411_Cam01_RGB_MB/FieldPos411_Cam01_RGB_MB_page_11.png,-0.11956214904785156
random_k@k=3,contrast,1.1,1.0,-0.11937212944030762,pbs,/home/dineth/focus_measure/datasets/New folder/bma pbf tfa/pbs_imgs/FieldPos411_Cam01_RGB_MB/FieldPos411_Cam01_RGB_MB_page_11.png,-0.11937212944030762
random_k@k=5,blur,0.8,1.0,-0.08580255508422852,pbs,/home/dineth/focus_measure/datasets/New folder/bma pbf tfa/pbs_imgs/FieldPos411_Cam01_RGB_MB/FieldPos411_Cam01_RGB_MB_page_11.png,-0.08580255508422852
random_k@k=5,blur,1.2,1.0,-0.1546475887298584,pbs,/home/dineth/focus_measure/datasets/New folder/bma pbf tfa/pbs_imgs/FieldPos411_Cam01_RGB_MB/FieldPos411_Cam01_RGB_MB_page_11.png,-0.1546475887298584
random_k@k=5,noise,0.01,1.0,0.05847620964050293,pbs,/home/dineth/focus_measure/datasets/New folder/bma pbf tfa/pbs_imgs/FieldPos411_Cam01_RGB_MB/FieldPos411_Cam01_RGB_MB_page_11.png,0.05847620964050293
random_k@k=5,noise,0.02,1.0,0.08730626106262207,pbs,/home/dineth/focus_measure/datasets/New folder/bma pbf tfa/pbs_imgs/FieldPos411_Cam01_RGB_MB/FieldPos411_Cam01_RGB_MB_page_11.png,0.08730626106262207
random_k@k=5,brightness,0.05,1.0,0.03302359580993652,pbs,/home/dineth/focus_measure/datasets/New folder/bma pbf tfa/pbs_imgs/FieldPos411_Cam01_RGB_MB/FieldPos411_Cam01_RGB_MB_page_11.png,0.03302359580993652
random_k@k=5,brightness,-0.05,1.0,0.0330810546875,pbs,/home/dineth/focus_measure/datasets/New folder/bma pbf tfa/pbs_imgs/FieldPos411_Cam01_RGB_MB/FieldPos411_Cam01_RGB_MB_page_11.png,0.0330810546875
random_k@k=5,contrast,0.9,1.0,0.03317070007324219,pbs,/home/dineth/focus_measure/datasets/New folder/bma pbf tfa/pbs_imgs/FieldPos411_Cam01_RGB_MB/FieldPos411_Cam01_RGB_MB_page_11.png,0.03317070007324219
random_k@k=5,contrast,1.1,1.0,0.033112525939941406,pbs,/home/dineth/focus_measure/datasets/New folder/bma pbf tfa/pbs_imgs/FieldPos411_Cam01_RGB_MB/FieldPos411_Cam01_RGB_MB_page_11.png,0.033112525939941406
random_k@k=7,blur,0.8,1.0,0.13514471054077148,pbs,/home/dineth/focus_measure/datasets/New folder/bma pbf tfa/pbs_imgs/FieldPos411_Cam01_RGB_MB/FieldPos411_Cam01_RGB_MB_page_11.png,0.13514471054077148
random_k@k=7,blur,1.2,1.0,0.026281118392944336,pbs,/home/dineth/focus_measure/datasets/New folder/bma pbf tfa/pbs_imgs/FieldPos411_Cam01_RGB_MB/FieldPos411_Cam01_RGB_MB_page_11.png,0.026281118392944336
random_k@k=7,noise,0.01,1.0,0.2775115966796875,pbs,/home/dineth/focus_measure/datasets/New folder/bma pbf tfa/pbs_imgs/FieldPos411_Cam01_RGB_MB/FieldPos411_Cam01_RGB_MB_page_11.png,0.2775115966796875
random_k@k=7,noise,0.02,1.0,0.28650736808776855,pbs,/home/dineth/focus_measure/datasets/New folder/bma pbf tfa/pbs_imgs/FieldPos411_Cam01_RGB_MB/FieldPos411_Cam01_RGB_MB_page_11.png,0.28650736808776855
random_k@k=7,brightness,0.05,1.0,0.1972358226776123,pbs,/home/dineth/focus_measure/datasets/New folder/bma pbf tfa/pbs_imgs/FieldPos411_Cam01_RGB_MB/FieldPos411_Cam01_RGB_MB_page_11.png,0.1972358226776123
random_k@k=7,brightness,-0.05,1.0,0.19729328155517578,pbs,/home/dineth/focus_measure/datasets/New folder/bma pbf tfa/pbs_imgs/FieldPos411_Cam01_RGB_MB/FieldPos411_Cam01_RGB_MB_page_11.png,0.19729328155517578
random_k@k=7,contrast,0.9,1.0,0.19738292694091797,pbs,/home/dineth/focus_measure/datasets/New folder/bma pbf tfa/pbs_imgs/FieldPos411_Cam01_RGB_MB/FieldPos411_Cam01_RGB_MB_page_11.png,0.19738292694091797
random_k@k=7,contrast,1.1,1.0,0.1973247528076172,pbs,/home/dineth/focus_measure/datasets/New folder/bma pbf tfa/pbs_imgs/FieldPos411_Cam01_RGB_MB/FieldPos411_Cam01_RGB_MB_page_11.png,0.1973247528076172
focus_only_topk@k=1,blur,0.8,1.0,-0.12993550300598145,pbs,/home/dineth/focus_measure/datasets/New folder/bma pbf tfa/pbs_imgs/FieldPos411_Cam01_RGB_MB/FieldPos411_Cam01_RGB_MB_page_11.png,-0.12993550300598145
focus_only_topk@k=1,blur,1.2,1.0,-0.018760323524475098,pbs,/home/dineth/focus_measure/datasets/New folder/bma pbf tfa/pbs_imgs/FieldPos411_Cam01_RGB_MB/FieldPos411_Cam01_RGB_MB_page_11.png,-0.018760323524475098
focus_only_topk@k=1,noise,0.01,1.0,-0.027773380279541016,pbs,/home/dineth/focus_measure/datasets/New folder/bma pbf tfa/pbs_imgs/FieldPos411_Cam01_RGB_MB/FieldPos411_Cam01_RGB_MB_page_11.png,-0.027773380279541016
focus_only_topk@k=1,noise,0.02,1.0,0.12779760360717773,pbs,/home/dineth/focus_measure/datasets/New folder/bma pbf tfa/pbs_imgs/FieldPos411_Cam01_RGB_MB/FieldPos411_Cam01_RGB_MB_page_11.png,0.12779760360717773
focus_only_topk@k=1,brightness,0.05,1.0,-0.036337852478027344,pbs,/home/dineth/focus_measure/datasets/New folder/bma pbf tfa/pbs_imgs/FieldPos411_Cam01_RGB_MB/FieldPos411_Cam01_RGB_MB_page_11.png,-0.036337852478027344
focus_only_topk@k=1,brightness,-0.05,1.0,-0.03643441200256348,pbs,/home/dineth/focus_measure/datasets/New folder/bma pbf tfa/pbs_imgs/FieldPos411_Cam01_RGB_MB/FieldPos411_Cam01_RGB_MB_page_11.png,-0.03643441200256348
focus_only_topk@k=1,contrast,0.9,1.0,-0.03638052940368652,pbs,/home/dineth/focus_measure/datasets/New folder/bma pbf tfa/pbs_imgs/FieldPos411_Cam01_RGB_MB/FieldPos411_Cam01_RGB_MB_page_11.png,-0.03638052940368652
focus_only_topk@k=1,contrast,1.1,1.0,-0.03635597229003906,pbs,/home/dineth/focus_measure/datasets/New folder/bma pbf tfa/pbs_imgs/FieldPos411_Cam01_RGB_MB/FieldPos411_Cam01_RGB_MB_page_11.png,-0.03635597229003906
focus_only_topk@k=3,blur,0.8,1.0,-0.22904586791992188,pbs,/home/dineth/focus_measure/datasets/New folder/bma pbf tfa/pbs_imgs/FieldPos411_Cam01_RGB_MB/FieldPos411_Cam01_RGB_MB_page_11.png,-0.22904586791992188
focus_only_topk@k=3,blur,1.2,1.0,-0.31081366539001465,pbs,/home/dineth/focus_measure/datasets/New folder/bma pbf tfa/pbs_imgs/FieldPos411_Cam01_RGB_MB/FieldPos411_Cam01_RGB_MB_page_11.png,-0.31081366539001465
focus_only_topk@k=3,noise,0.01,1.0,0.04490828514099121,pbs,/home/dineth/focus_measure/datasets/New folder/bma pbf tfa/pbs_imgs/FieldPos411_Cam01_RGB_MB/FieldPos411_Cam01_RGB_MB_page_11.png,0.04490828514099121
focus_only_topk@k=3,noise,0.02,1.0,0.0903787612915039,pbs,/home/dineth/focus_measure/datasets/New folder/bma pbf tfa/pbs_imgs/FieldPos411_Cam01_RGB_MB/FieldPos411_Cam01_RGB_MB_page_11.png,0.0903787612915039
focus_only_topk@k=3,brightness,0.05,1.0,-0.14863085746765137,pbs,/home/dineth/focus_measure/datasets/New folder/bma pbf tfa/pbs_imgs/FieldPos411_Cam01_RGB_MB/FieldPos411_Cam01_RGB_MB_page_11.png,-0.14863085746765137
focus_only_topk@k=3,brightness,-0.05,1.0,-0.1486203670501709,pbs,/home/dineth/focus_measure/datasets/New folder/bma pbf tfa/pbs_imgs/FieldPos411_Cam01_RGB_MB/FieldPos411_Cam01_RGB_MB_page_11.png,-0.1486203670501709
focus_only_topk@k=3,contrast,0.9,1.0,-0.1484694480895996,pbs,/home/dineth/focus_measure/datasets/New folder/bma pbf tfa/pbs_imgs/FieldPos411_Cam01_RGB_MB/FieldPos411_Cam01_RGB_MB_page_11.png,-0.1484694480895996
focus_only_topk@k=3,contrast,1.1,1.0,-0.14832735061645508,pbs,/home/dineth/focus_measure/datasets/New folder/bma pbf tfa/pbs_imgs/FieldPos411_Cam01_RGB_MB/FieldPos411_Cam01_RGB_MB_page_11.png,-0.14832735061645508
focus_only_topk@k=5,blur,0.8,1.0,-0.15685701370239258,pbs,/home/dineth/focus_measure/datasets/New folder/bma pbf tfa/pbs_imgs/FieldPos411_Cam01_RGB_MB/FieldPos411_Cam01_RGB_MB_page_11.png,-0.15685701370239258
focus_only_topk@k=5,blur,1.2,1.0,-0.12332773208618164,pbs,/home/dineth/focus_measure/datasets/New folder/bma pbf tfa/pbs_imgs/FieldPos411_Cam01_RGB_MB/FieldPos411_Cam01_RGB_MB_page_11.png,-0.12332773208618164
focus_only_topk@k=5,noise,0.01,1.0,-0.027776241302490234,pbs,/home/dineth/focus_measure/datasets/New folder/bma pbf tfa/pbs_imgs/FieldPos411_Cam01_RGB_MB/FieldPos411_Cam01_RGB_MB_page_11.png,-0.027776241302490234
focus_only_topk@k=5,noise,0.02,1.0,0.1277930736541748,pbs,/home/dineth/focus_measure/datasets/New folder/bma pbf tfa/pbs_imgs/FieldPos411_Cam01_RGB_MB/FieldPos411_Cam01_RGB_MB_page_11.png,0.1277930736541748
focus_only_topk@k=5,brightness,0.05,1.0,-0.036337852478027344,pbs,/home/dineth/focus_measure/datasets/New folder/bma pbf tfa/pbs_imgs/FieldPos411_Cam01_RGB_MB/FieldPos411_Cam01_RGB_MB_page_11.png,-0.036337852478027344
focus_only_topk@k=5,brightness,-0.05,1.0,-0.03642392158508301,pbs,/home/dineth/focus_measure/datasets/New folder/bma pbf tfa/pbs_imgs/FieldPos411_Cam01_RGB_MB/FieldPos411_Cam01_RGB_MB_page_11.png,-0.03642392158508301
focus_only_topk@k=5,contrast,0.9,1.0,-0.03637576103210449,pbs,/home/dineth/focus_measure/datasets/New folder/bma pbf tfa/pbs_imgs/FieldPos411_Cam01_RGB_MB/FieldPos411_Cam01_RGB_MB_page_11.png,-0.03637576103210449
focus_only_topk@k=5,contrast,1.1,1.0,-0.03634953498840332,pbs,/home/dineth/focus_measure/datasets/New folder/bma pbf tfa/pbs_imgs/FieldPos411_Cam01_RGB_MB/FieldPos411_Cam01_RGB_MB_page_11.png,-0.03634953498840332
focus_only_topk@k=7,blur,0.8,1.0,-0.15685701370239258,pbs,/home/dineth/focus_measure/datasets/New folder/bma pbf tfa/pbs_imgs/FieldPos411_Cam01_RGB_MB/FieldPos411_Cam01_RGB_MB_page_11.png,-0.15685701370239258
focus_only_topk@k=7,blur,1.2,1.0,-0.12332773208618164,pbs,/home/dineth/focus_measure/datasets/New folder/bma pbf tfa/pbs_imgs/FieldPos411_Cam01_RGB_MB/FieldPos411_Cam01_RGB_MB_page_11.png,-0.12332773208618164
focus_only_topk@k=7,noise,0.01,0.75,0.20967531204223633,pbs,/home/dineth/focus_measure/datasets/New folder/bma pbf tfa/pbs_imgs/FieldPos411_Cam01_RGB_MB/FieldPos411_Cam01_RGB_MB_page_11.png,0.20967531204223633
focus_only_topk@k=7,noise,0.02,0.75,0.254976749420166,pbs,/home/dineth/focus_measure/datasets/New folder/bma pbf tfa/pbs_imgs/FieldPos411_Cam01_RGB_MB/FieldPos411_Cam01_RGB_MB_page_11.png,0.254976749420166
focus_only_topk@k=7,brightness,0.05,1.0,-0.036337852478027344,pbs,/home/dineth/focus_measure/datasets/New folder/bma pbf tfa/pbs_imgs/FieldPos411_Cam01_RGB_MB/FieldPos411_Cam01_RGB_MB_page_11.png,-0.036337852478027344
focus_only_topk@k=7,brightness,-0.05,1.0,-0.03642392158508301,pbs,/home/dineth/focus_measure/datasets/New folder/bma pbf tfa/pbs_imgs/FieldPos411_Cam01_RGB_MB/FieldPos411_Cam01_RGB_MB_page_11.png,-0.03642392158508301
focus_only_topk@k=7,contrast,0.9,1.0,-0.03637576103210449,pbs,/home/dineth/focus_measure/datasets/New folder/bma pbf tfa/pbs_imgs/FieldPos411_Cam01_RGB_MB/FieldPos411_Cam01_RGB_MB_page_11.png,-0.03637576103210449
focus_only_topk@k=7,contrast,1.1,0.75,0.01659536361694336,pbs,/home/dineth/focus_measure/datasets/New folder/bma pbf tfa/pbs_imgs/FieldPos411_Cam01_RGB_MB/FieldPos411_Cam01_RGB_MB_page_11.png,0.01659536361694336
occupancy_only_topk@k=1,blur,0.8,1.0,-0.2090998888015747,pbs,/home/dineth/focus_measure/datasets/New folder/bma pbf tfa/pbs_imgs/FieldPos411_Cam01_RGB_MB/FieldPos411_Cam01_RGB_MB_page_11.png,-0.2090998888015747
occupancy_only_topk@k=1,blur,1.2,1.0,-0.046836018562316895,pbs,/home/dineth/focus_measure/datasets/New folder/bma pbf tfa/pbs_imgs/FieldPos411_Cam01_RGB_MB/FieldPos411_Cam01_RGB_MB_page_11.png,-0.046836018562316895
occupancy_only_topk@k=1,noise,0.01,1.0,0.13093209266662598,pbs,/home/dineth/focus_measure/datasets/New folder/bma pbf tfa/pbs_imgs/FieldPos411_Cam01_RGB_MB/FieldPos411_Cam01_RGB_MB_page_11.png,0.13093209266662598
occupancy_only_topk@k=1,noise,0.02,1.0,0.5000519752502441,pbs,/home/dineth/focus_measure/datasets/New folder/bma pbf tfa/pbs_imgs/FieldPos411_Cam01_RGB_MB/FieldPos411_Cam01_RGB_MB_page_11.png,0.5000519752502441
occupancy_only_topk@k=1,brightness,0.05,0.0,-0.17150545120239258,pbs,/home/dineth/focus_measure/datasets/New folder/bma pbf tfa/pbs_imgs/FieldPos411_Cam01_RGB_MB/FieldPos411_Cam01_RGB_MB_page_11.png,-0.17150545120239258
occupancy_only_topk@k=1,brightness,-0.05,1.0,-0.13273334503173828,pbs,/home/dineth/focus_measure/datasets/New folder/bma pbf tfa/pbs_imgs/FieldPos411_Cam01_RGB_MB/FieldPos411_Cam01_RGB_MB_page_11.png,-0.13273334503173828
occupancy_only_topk@k=1,contrast,0.9,0.0,-0.1712181568145752,pbs,/home/dineth/focus_measure/datasets/New folder/bma pbf tfa/pbs_imgs/FieldPos411_Cam01_RGB_MB/FieldPos411_Cam01_RGB_MB_page_11.png,-0.1712181568145752
occupancy_only_topk@k=1,contrast,1.1,1.0,-0.12375783920288086,pbs,/home/dineth/focus_measure/datasets/New folder/bma pbf tfa/pbs_imgs/FieldPos411_Cam01_RGB_MB/FieldPos411_Cam01_RGB_MB_page_11.png,-0.12375783920288086
occupancy_only_topk@k=3,blur,0.8,1.0,-0.09809732437133789,pbs,/home/dineth/focus_measure/datasets/New folder/bma pbf tfa/pbs_imgs/FieldPos411_Cam01_RGB_MB/FieldPos411_Cam01_RGB_MB_page_11.png,-0.09809732437133789
occupancy_only_topk@k=3,blur,1.2,1.0,0.06411540508270264,pbs,/home/dineth/focus_measure/datasets/New folder/bma pbf tfa/pbs_imgs/FieldPos411_Cam01_RGB_MB/FieldPos411_Cam01_RGB_MB_page_11.png,0.06411540508270264
occupancy_only_topk@k=3,noise,0.01,1.0,0.09802579879760742,pbs,/home/dineth/focus_measure/datasets/New folder/bma pbf tfa/pbs_imgs/FieldPos411_Cam01_RGB_MB/FieldPos411_Cam01_RGB_MB_page_11.png,0.09802579879760742
occupancy_only_topk@k=3,noise,0.02,1.0,0.3518178462982178,pbs,/home/dineth/focus_measure/datasets/New folder/bma pbf tfa/pbs_imgs/FieldPos411_Cam01_RGB_MB/FieldPos411_Cam01_RGB_MB_page_11.png,0.3518178462982178
occupancy_only_topk@k=3,brightness,0.05,1.0,-0.060263633728027344,pbs,/home/dineth/focus_measure/datasets/New folder/bma pbf tfa/pbs_imgs/FieldPos411_Cam01_RGB_MB/FieldPos411_Cam01_RGB_MB_page_11.png,-0.060263633728027344
occupancy_only_topk@k=3,brightness,-0.05,0.5,-0.021806716918945312,pbs,/home/dineth/focus_measure/datasets/New folder/bma pbf tfa/pbs_imgs/FieldPos411_Cam01_RGB_MB/FieldPos411_Cam01_RGB_MB_page_11.png,-0.021806716918945312
occupancy_only_topk@k=3,contrast,0.9,1.0,-0.06025075912475586,pbs,/home/dineth/focus_measure/datasets/New folder/bma pbf tfa/pbs_imgs/FieldPos411_Cam01_RGB_MB/FieldPos411_Cam01_RGB_MB_page_11.png,-0.06025075912475586
occupancy_only_topk@k=3,contrast,1.1,1.0,-0.06055116653442383,pbs,/home/dineth/focus_measure/datasets/New folder/bma pbf tfa/pbs_imgs/FieldPos411_Cam01_RGB_MB/FieldPos411_Cam01_RGB_MB_page_11.png,-0.06055116653442383
occupancy_only_topk@k=5,blur,0.8,1.0,-0.09789586067199707,pbs,/home/dineth/focus_measure/datasets/New folder/bma pbf tfa/pbs_imgs/FieldPos411_Cam01_RGB_MB/FieldPos411_Cam01_RGB_MB_page_11.png,-0.09789586067199707
occupancy_only_topk@k=5,blur,1.2,1.0,0.0643765926361084,pbs,/home/dineth/focus_measure/datasets/New folder/bma pbf tfa/pbs_imgs/FieldPos411_Cam01_RGB_MB/FieldPos411_Cam01_RGB_MB_page_11.png,0.0643765926361084
occupancy_only_topk@k=5,noise,0.01,1.0,0.09795308113098145,pbs,/home/dineth/focus_measure/datasets/New folder/bma pbf tfa/pbs_imgs/FieldPos411_Cam01_RGB_MB/FieldPos411_Cam01_RGB_MB_page_11.png,0.09795308113098145
occupancy_only_topk@k=5,noise,0.02,0.6666666666666666,0.35193848609924316,pbs,/home/dineth/focus_measure/datasets/New folder/bma pbf tfa/pbs_imgs/FieldPos411_Cam01_RGB_MB/FieldPos411_Cam01_RGB_MB_page_11.png,0.35193848609924316
occupancy_only_topk@k=5,brightness,0.05,1.0,-0.06030440330505371,pbs,/home/dineth/focus_measure/datasets/New folder/bma pbf tfa/pbs_imgs/FieldPos411_Cam01_RGB_MB/FieldPos411_Cam01_RGB_MB_page_11.png,-0.06030440330505371
occupancy_only_topk@k=5,brightness,-0.05,0.6666666666666666,-0.06012105941772461,pbs,/home/dineth/focus_measure/datasets/New folder/bma pbf tfa/pbs_imgs/FieldPos411_Cam01_RGB_MB/FieldPos411_Cam01_RGB_MB_page_11.png,-0.06012105941772461
occupancy_only_topk@k=5,contrast,0.9,1.0,-0.06000804901123047,pbs,/home/dineth/focus_measure/datasets/New folder/bma pbf tfa/pbs_imgs/FieldPos411_Cam01_RGB_MB/FieldPos411_Cam01_RGB_MB_page_11.png,-0.06000804901123047
occupancy_only_topk@k=5,contrast,1.1,0.6666666666666666,-0.0600438117980957,pbs,/home/dineth/focus_measure/datasets/New folder/bma pbf tfa/pbs_imgs/FieldPos411_Cam01_RGB_MB/FieldPos411_Cam01_RGB_MB_page_11.png,-0.0600438117980957
occupancy_only_topk@k=7,blur,0.8,1.0,0.15946638584136963,pbs,/home/dineth/focus_measure/datasets/New folder/bma pbf tfa/pbs_imgs/FieldPos411_Cam01_RGB_MB/FieldPos411_Cam01_RGB_MB_page_11.png,0.15946638584136963
occupancy_only_topk@k=7,blur,1.2,1.0,0.2404956817626953,pbs,/home/dineth/focus_measure/datasets/New folder/bma pbf tfa/pbs_imgs/FieldPos411_Cam01_RGB_MB/FieldPos411_Cam01_RGB_MB_page_11.png,0.2404956817626953
occupancy_only_topk@k=7,noise,0.01,1.0,-0.015967130661010742,pbs,/home/dineth/focus_measure/datasets/New folder/bma pbf tfa/pbs_imgs/FieldPos411_Cam01_RGB_MB/FieldPos411_Cam01_RGB_MB_page_11.png,-0.015967130661010742
occupancy_only_topk@k=7,noise,0.02,1.0,0.19604206085205078,pbs,/home/dineth/focus_measure/datasets/New folder/bma pbf tfa/pbs_imgs/FieldPos411_Cam01_RGB_MB/FieldPos411_Cam01_RGB_MB_page_11.png,0.19604206085205078
occupancy_only_topk@k=7,brightness,0.05,0.75,0.1158146858215332,pbs,/home/dineth/focus_measure/datasets/New folder/bma pbf tfa/pbs_imgs/FieldPos411_Cam01_RGB_MB/FieldPos411_Cam01_RGB_MB_page_11.png,0.1158146858215332
occupancy_only_topk@k=7,brightness,-0.05,1.0,0.06996798515319824,pbs,/home/dineth/focus_measure/datasets/New folder/bma pbf tfa/pbs_imgs/FieldPos411_Cam01_RGB_MB/FieldPos411_Cam01_RGB_MB_page_11.png,0.06996798515319824
occupancy_only_topk@k=7,contrast,0.9,0.75,0.11611104011535645,pbs,/home/dineth/focus_measure/datasets/New folder/bma pbf tfa/pbs_imgs/FieldPos411_Cam01_RGB_MB/FieldPos411_Cam01_RGB_MB_page_11.png,0.11611104011535645
occupancy_only_topk@k=7,contrast,1.1,1.0,0.0699303150177002,pbs,/home/dineth/focus_measure/datasets/New folder/bma pbf tfa/pbs_imgs/FieldPos411_Cam01_RGB_MB/FieldPos411_Cam01_RGB_MB_page_11.png,0.0699303150177002
hybrid_proposed,blur,0.8,0.9649122807017544,-0.23279404640197754,pbs,/home/dineth/focus_measure/datasets/New folder/bma pbf tfa/pbs_imgs/FieldPos411_Cam01_RGB_MB/FieldPos411_Cam01_RGB_MB_page_11.png,-0.23279404640197754
hybrid_proposed,blur,1.2,0.8360655737704918,-0.21139824390411377,pbs,/home/dineth/focus_measure/datasets/New folder/bma pbf tfa/pbs_imgs/FieldPos411_Cam01_RGB_MB/FieldPos411_Cam01_RGB_MB_page_11.png,-0.21139824390411377
hybrid_proposed,noise,0.01,1.0,0.027128934860229492,pbs,/home/dineth/focus_measure/datasets/New folder/bma pbf tfa/pbs_imgs/FieldPos411_Cam01_RGB_MB/FieldPos411_Cam01_RGB_MB_page_11.png,0.027128934860229492
hybrid_proposed,noise,0.02,0.9649122807017544,0.23906421661376953,pbs,/home/dineth/focus_measure/datasets/New folder/bma pbf tfa/pbs_imgs/FieldPos411_Cam01_RGB_MB/FieldPos411_Cam01_RGB_MB_page_11.png,0.23906421661376953
hybrid_proposed,brightness,0.05,1.0,-0.10111188888549805,pbs,/home/dineth/focus_measure/datasets/New folder/bma pbf tfa/pbs_imgs/FieldPos411_Cam01_RGB_MB/FieldPos411_Cam01_RGB_MB_page_11.png,-0.10111188888549805
hybrid_proposed,brightness,-0.05,0.9649122807017544,-0.10119795799255371,pbs,/home/dineth/focus_measure/datasets/New folder/bma pbf tfa/pbs_imgs/FieldPos411_Cam01_RGB_MB/FieldPos411_Cam01_RGB_MB_page_11.png,-0.10119795799255371
hybrid_proposed,contrast,0.9,0.9649122807017544,-0.1011497974395752,pbs,/home/dineth/focus_measure/datasets/New folder/bma pbf tfa/pbs_imgs/FieldPos411_Cam01_RGB_MB/FieldPos411_Cam01_RGB_MB_page_11.png,-0.1011497974395752
hybrid_proposed,contrast,1.1,1.0,-0.10112357139587402,pbs,/home/dineth/focus_measure/datasets/New folder/bma pbf tfa/pbs_imgs/FieldPos411_Cam01_RGB_MB/FieldPos411_Cam01_RGB_MB_page_11.png,-0.10112357139587402
all_rois,blur,0.8,1.0,-0.1663351058959961,pbs,/home/dineth/focus_measure/datasets/New folder/bma pbf tfa/pbs_imgs/FieldPos411_Cam01_RGB_MB/FieldPos411_Cam01_RGB_MB_page_11.png,-0.1663351058959961
all_rois,blur,1.2,1.0,-0.1383068561553955,pbs,/home/dineth/focus_measure/datasets/New folder/bma pbf tfa/pbs_imgs/FieldPos411_Cam01_RGB_MB/FieldPos411_Cam01_RGB_MB_page_11.png,-0.1383068561553955
all_rois,noise,0.01,1.0,0.03584718704223633,pbs,/home/dineth/focus_measure/datasets/New folder/bma pbf tfa/pbs_imgs/FieldPos411_Cam01_RGB_MB/FieldPos411_Cam01_RGB_MB_page_11.png,0.03584718704223633
all_rois,noise,0.02,1.0,0.22114181518554688,pbs,/home/dineth/focus_measure/datasets/New folder/bma pbf tfa/pbs_imgs/FieldPos411_Cam01_RGB_MB/FieldPos411_Cam01_RGB_MB_page_11.png,0.22114181518554688
all_rois,brightness,0.05,1.0,-0.08178496360778809,pbs,/home/dineth/focus_measure/datasets/New folder/bma pbf tfa/pbs_imgs/FieldPos411_Cam01_RGB_MB/FieldPos411_Cam01_RGB_MB_page_11.png,-0.08178496360778809
all_rois,brightness,-0.05,1.0,-0.08229851722717285,pbs,/home/dineth/focus_measure/datasets/New folder/bma pbf tfa/pbs_imgs/FieldPos411_Cam01_RGB_MB/FieldPos411_Cam01_RGB_MB_page_11.png,-0.08229851722717285
all_rois,contrast,0.9,1.0,-0.0820016860961914,pbs,/home/dineth/focus_measure/datasets/New folder/bma pbf tfa/pbs_imgs/FieldPos411_Cam01_RGB_MB/FieldPos411_Cam01_RGB_MB_page_11.png,-0.0820016860961914
all_rois,contrast,1.1,1.0,-0.08206653594970703,pbs,/home/dineth/focus_measure/datasets/New folder/bma pbf tfa/pbs_imgs/FieldPos411_Cam01_RGB_MB/FieldPos411_Cam01_RGB_MB_page_11.png,-0.08206653594970703
cnn_adaptive,blur,0.8,0.9649122807017544,-0.23279404640197754,pbs,/home/dineth/focus_measure/datasets/New folder/bma pbf tfa/pbs_imgs/FieldPos411_Cam01_RGB_MB/FieldPos411_Cam01_RGB_MB_page_11.png,-0.23279404640197754
cnn_adaptive,blur,1.2,0.8360655737704918,-0.21139824390411377,pbs,/home/dineth/focus_measure/datasets/New folder/bma pbf tfa/pbs_imgs/FieldPos411_Cam01_RGB_MB/FieldPos411_Cam01_RGB_MB_page_11.png,-0.21139824390411377
cnn_adaptive,noise,0.01,1.0,0.027128934860229492,pbs,/home/dineth/focus_measure/datasets/New folder/bma pbf tfa/pbs_imgs/FieldPos411_Cam01_RGB_MB/FieldPos411_Cam01_RGB_MB_page_11.png,0.027128934860229492
cnn_adaptive,noise,0.02,0.9649122807017544,0.23906421661376953,pbs,/home/dineth/focus_measure/datasets/New folder/bma pbf tfa/pbs_imgs/FieldPos411_Cam01_RGB_MB/FieldPos411_Cam01_RGB_MB_page_11.png,0.23906421661376953
cnn_adaptive,brightness,0.05,1.0,-0.10111188888549805,pbs,/home/dineth/focus_measure/datasets/New folder/bma pbf tfa/pbs_imgs/FieldPos411_Cam01_RGB_MB/FieldPos411_Cam01_RGB_MB_page_11.png,-0.10111188888549805
cnn_adaptive,brightness,-0.05,0.9649122807017544,-0.10119795799255371,pbs,/home/dineth/focus_measure/datasets/New folder/bma pbf tfa/pbs_imgs/FieldPos411_Cam01_RGB_MB/FieldPos411_Cam01_RGB_MB_page_11.png,-0.10119795799255371
cnn_adaptive,contrast,0.9,0.9649122807017544,-0.1011497974395752,pbs,/home/dineth/focus_measure/datasets/New folder/bma pbf tfa/pbs_imgs/FieldPos411_Cam01_RGB_MB/FieldPos411_Cam01_RGB_MB_page_11.png,-0.1011497974395752
cnn_adaptive,contrast,1.1,1.0,-0.10112357139587402,pbs,/home/dineth/focus_measure/datasets/New folder/bma pbf tfa/pbs_imgs/FieldPos411_Cam01_RGB_MB/FieldPos411_Cam01_RGB_MB_page_11.png,-0.10112357139587402
center_top1,blur,0.8,1.0,0.278592586517334,pbs,/home/dineth/focus_measure/datasets/New folder/bma pbf tfa/pbs_imgs/FieldPos413_Cam01_RGB_MB/FieldPos413_Cam01_RGB_MB_page_4.png,0.278592586517334
center_top1,blur,1.2,1.0,0.28011202812194824,pbs,/home/dineth/focus_measure/datasets/New folder/bma pbf tfa/pbs_imgs/FieldPos413_Cam01_RGB_MB/FieldPos413_Cam01_RGB_MB_page_4.png,0.28011202812194824
center_top1,noise,0.01,1.0,0.08866477012634277,pbs,/home/dineth/focus_measure/datasets/New folder/bma pbf tfa/pbs_imgs/FieldPos413_Cam01_RGB_MB/FieldPos413_Cam01_RGB_MB_page_4.png,0.08866477012634277
center_top1,noise,0.02,1.0,-0.1803133487701416,pbs,/home/dineth/focus_measure/datasets/New folder/bma pbf tfa/pbs_imgs/FieldPos413_Cam01_RGB_MB/FieldPos413_Cam01_RGB_MB_page_4.png,-0.1803133487701416
center_top1,brightness,0.05,1.0,0.10047149658203125,pbs,/home/dineth/focus_measure/datasets/New folder/bma pbf tfa/pbs_imgs/FieldPos413_Cam01_RGB_MB/FieldPos413_Cam01_RGB_MB_page_4.png,0.10047149658203125
center_top1,brightness,-0.05,1.0,0.10053777694702148,pbs,/home/dineth/focus_measure/datasets/New folder/bma pbf tfa/pbs_imgs/FieldPos413_Cam01_RGB_MB/FieldPos413_Cam01_RGB_MB_page_4.png,0.10053777694702148
center_top1,contrast,0.9,1.0,0.10051965713500977,pbs,/home/dineth/focus_measure/datasets/New folder/bma pbf tfa/pbs_imgs/FieldPos413_Cam01_RGB_MB/FieldPos413_Cam01_RGB_MB_page_4.png,0.10051965713500977
center_top1,contrast,1.1,1.0,0.10053491592407227,pbs,/home/dineth/focus_measure/datasets/New folder/bma pbf tfa/pbs_imgs/FieldPos413_Cam01_RGB_MB/FieldPos413_Cam01_RGB_MB_page_4.png,0.10053491592407227
random_k@k=1,blur,0.8,1.0,0.08556389808654785,pbs,/home/dineth/focus_measure/datasets/New folder/bma pbf tfa/pbs_imgs/FieldPos413_Cam01_RGB_MB/FieldPos413_Cam01_RGB_MB_page_4.png,0.08556389808654785
random_k@k=1,blur,1.2,1.0,0.18431401252746582,pbs,/home/dineth/focus_measure/datasets/New folder/bma pbf tfa/pbs_imgs/FieldPos413_Cam01_RGB_MB/FieldPos413_Cam01_RGB_MB_page_4.png,0.18431401252746582
random_k@k=1,noise,0.01,1.0,0.16130495071411133,pbs,/home/dineth/focus_measure/datasets/New folder/bma pbf tfa/pbs_imgs/FieldPos413_Cam01_RGB_MB/FieldPos413_Cam01_RGB_MB_page_4.png,0.16130495071411133
random_k@k=1,noise,0.02,1.0,0.4075809717178345,pbs,/home/dineth/focus_measure/datasets/New folder/bma pbf tfa/pbs_imgs/FieldPos413_Cam01_RGB_MB/FieldPos413_Cam01_RGB_MB_page_4.png,0.4075809717178345
random_k@k=1,brightness,0.05,1.0,0.06667208671569824,pbs,/home/dineth/focus_measure/datasets/New folder/bma pbf tfa/pbs_imgs/FieldPos413_Cam01_RGB_MB/FieldPos413_Cam01_RGB_MB_page_4.png,0.06667208671569824
random_k@k=1,brightness,-0.05,1.0,0.06652498245239258,pbs,/home/dineth/focus_measure/datasets/New folder/bma pbf tfa/pbs_imgs/FieldPos413_Cam01_RGB_MB/FieldPos413_Cam01_RGB_MB_page_4.png,0.06652498245239258
random_k@k=1,contrast,0.9,1.0,0.06652474403381348,pbs,/home/dineth/focus_measure/datasets/New folder/bma pbf tfa/pbs_imgs/FieldPos413_Cam01_RGB_MB/FieldPos413_Cam01_RGB_MB_page_4.png,0.06652474403381348
random_k@k=1,contrast,1.1,1.0,0.06666922569274902,pbs,/home/dineth/focus_measure/datasets/New folder/bma pbf tfa/pbs_imgs/FieldPos413_Cam01_RGB_MB/FieldPos413_Cam01_RGB_MB_page_4.png,0.06666922569274902
random_k@k=3,blur,0.8,1.0,-0.05930495262145996,pbs,/home/dineth/focus_measure/datasets/New folder/bma pbf tfa/pbs_imgs/FieldPos413_Cam01_RGB_MB/FieldPos413_Cam01_RGB_MB_page_4.png,-0.05930495262145996
random_k@k=3,blur,1.2,1.0,-0.11434316635131836,pbs,/home/dineth/focus_measure/datasets/New folder/bma pbf tfa/pbs_imgs/FieldPos413_Cam01_RGB_MB/FieldPos413_Cam01_RGB_MB_page_4.png,-0.11434316635131836
random_k@k=3,noise,0.01,1.0,0.14751243591308594,pbs,/home/dineth/focus_measure/datasets/New folder/bma pbf tfa/pbs_imgs/FieldPos413_Cam01_RGB_MB/FieldPos413_Cam01_RGB_MB_page_4.png,0.14751243591308594
random_k@k=3,noise,0.02,1.0,0.2830359935760498,pbs,/home/dineth/focus_measure/datasets/New folder/bma pbf tfa/pbs_imgs/FieldPos413_Cam01_RGB_MB/FieldPos413_Cam01_RGB_MB_page_4.png,0.2830359935760498
random_k@k=3,brightness,0.05,1.0,0.010928153991699219,pbs,/home/dineth/focus_measure/datasets/New folder/bma pbf tfa/pbs_imgs/FieldPos413_Cam01_RGB_MB/FieldPos413_Cam01_RGB_MB_page_4.png,0.010928153991699219
random_k@k=3,brightness,-0.05,1.0,0.010970354080200195,pbs,/home/dineth/focus_measure/datasets/New folder/bma pbf tfa/pbs_imgs/FieldPos413_Cam01_RGB_MB/FieldPos413_Cam01_RGB_MB_page_4.png,0.010970354080200195
random_k@k=3,contrast,0.9,1.0,0.010987043380737305,pbs,/home/dineth/focus_measure/datasets/New folder/bma pbf tfa/pbs_imgs/FieldPos413_Cam01_RGB_MB/FieldPos413_Cam01_RGB_MB_page_4.png,0.010987043380737305
random_k@k=3,contrast,1.1,1.0,0.01106715202331543,pbs,/home/dineth/focus_measure/datasets/New folder/bma pbf tfa/pbs_imgs/FieldPos413_Cam01_RGB_MB/FieldPos413_Cam01_RGB_MB_page_4.png,0.01106715202331543
random_k@k=5,blur,0.8,1.0,-0.2459864616394043,pbs,/home/dineth/focus_measure/datasets/New folder/bma pbf tfa/pbs_imgs/FieldPos413_Cam01_RGB_MB/FieldPos413_Cam01_RGB_MB_page_4.png,-0.2459864616394043
random_k@k=5,blur,1.2,1.0,-0.11397528648376465,pbs,/home/dineth/focus_measure/datasets/New folder/bma pbf tfa/pbs_imgs/FieldPos413_Cam01_RGB_MB/FieldPos413_Cam01_RGB_MB_page_4.png,-0.11397528648376465
random_k@k=5,noise,0.01,1.0,-0.06361222267150879,pbs,/home/dineth/focus_measure/datasets/New folder/bma pbf tfa/pbs_imgs/FieldPos413_Cam01_RGB_MB/FieldPos413_Cam01_RGB_MB_page_4.png,-0.06361222267150879
random_k@k=5,noise,0.02,1.0,0.0035756826400756836,pbs,/home/dineth/focus_measure/datasets/New folder/bma pbf tfa/pbs_imgs/FieldPos413_Cam01_RGB_MB/FieldPos413_Cam01_RGB_MB_page_4.png,0.0035756826400756836
random_k@k=5,brightness,0.05,1.0,-0.17940402030944824,pbs,/home/dineth/focus_measure/datasets/New folder/bma pbf tfa/pbs_imgs/FieldPos413_Cam01_RGB_MB/FieldPos413_Cam01_RGB_MB_page_4.png,-0.17940402030944824
random_k@k=5,brightness,-0.05,1.0,-0.17934584617614746,pbs,/home/dineth/focus_measure/datasets/New folder/bma pbf tfa/pbs_imgs/FieldPos413_Cam01_RGB_MB/FieldPos413_Cam01_RGB_MB_page_4.png,-0.17934584617614746
random_k@k=5,contrast,0.9,1.0,-0.17931032180786133,pbs,/home/dineth/focus_measure/datasets/New folder/bma pbf tfa/pbs_imgs/FieldPos413_Cam01_RGB_MB/FieldPos413_Cam01_RGB_MB_page_4.png,-0.17931032180786133
random_k@k=5,contrast,1.1,1.0,-0.17925238609313965,pbs,/home/dineth/focus_measure/datasets/New folder/bma pbf tfa/pbs_imgs/FieldPos413_Cam01_RGB_MB/FieldPos413_Cam01_RGB_MB_page_4.png,-0.17925238609313965
random_k@k=7,blur,0.8,1.0,-0.15468502044677734,pbs,/home/dineth/focus_measure/datasets/New folder/bma pbf tfa/pbs_imgs/FieldPos413_Cam01_RGB_MB/FieldPos413_Cam01_RGB_MB_page_4.png,-0.15468502044677734
random_k@k=7,blur,1.2,1.0,-0.022673845291137695,pbs,/home/dineth/focus_measure/datasets/New folder/bma pbf tfa/pbs_imgs/FieldPos413_Cam01_RGB_MB/FieldPos413_Cam01_RGB_MB_page_4.png,-0.022673845291137695
random_k@k=7,noise,0.01,1.0,0.010631561279296875,pbs,/home/dineth/focus_measure/datasets/New folder/bma pbf tfa/pbs_imgs/FieldPos413_Cam01_RGB_MB/FieldPos413_Cam01_RGB_MB_page_4.png,0.010631561279296875
random_k@k=7,noise,0.02,1.0,0.09487712383270264,pbs,/home/dineth/focus_measure/datasets/New folder/bma pbf tfa/pbs_imgs/FieldPos413_Cam01_RGB_MB/FieldPos413_Cam01_RGB_MB_page_4.png,0.09487712383270264
random_k@k=7,brightness,0.05,1.0,-0.08810257911682129,pbs,/home/dineth/focus_measure/datasets/New folder/bma pbf tfa/pbs_imgs/FieldPos413_Cam01_RGB_MB/FieldPos413_Cam01_RGB_MB_page_4.png,-0.08810257911682129
random_k@k=7,brightness,-0.05,1.0,-0.08804440498352051,pbs,/home/dineth/focus_measure/datasets/New folder/bma pbf tfa/pbs_imgs/FieldPos413_Cam01_RGB_MB/FieldPos413_Cam01_RGB_MB_page_4.png,-0.08804440498352051
random_k@k=7,contrast,0.9,1.0,-0.08800888061523438,pbs,/home/dineth/focus_measure/datasets/New folder/bma pbf tfa/pbs_imgs/FieldPos413_Cam01_RGB_MB/FieldPos413_Cam01_RGB_MB_page_4.png,-0.08800888061523438
random_k@k=7,contrast,1.1,1.0,-0.0879509449005127,pbs,/home/dineth/focus_measure/datasets/New folder/bma pbf tfa/pbs_imgs/FieldPos413_Cam01_RGB_MB/FieldPos413_Cam01_RGB_MB_page_4.png,-0.0879509449005127
focus_only_topk@k=1,blur,0.8,1.0,-0.25171518325805664,pbs,/home/dineth/focus_measure/datasets/New folder/bma pbf tfa/pbs_imgs/FieldPos413_Cam01_RGB_MB/FieldPos413_Cam01_RGB_MB_page_4.png,-0.25171518325805664
focus_only_topk@k=1,blur,1.2,1.0,-0.2002248764038086,pbs,/home/dineth/focus_measure/datasets/New folder/bma pbf tfa/pbs_imgs/FieldPos413_Cam01_RGB_MB/FieldPos413_Cam01_RGB_MB_page_4.png,-0.2002248764038086
focus_only_topk@k=1,noise,0.01,1.0,0.07454967498779297,pbs,/home/dineth/focus_measure/datasets/New folder/bma pbf tfa/pbs_imgs/FieldPos413_Cam01_RGB_MB/FieldPos413_Cam01_RGB_MB_page_4.png,0.07454967498779297
focus_only_topk@k=1,noise,0.02,1.0,-0.18018603324890137,pbs,/home/dineth/focus_measure/datasets/New folder/bma pbf tfa/pbs_imgs/FieldPos413_Cam01_RGB_MB/FieldPos413_Cam01_RGB_MB_page_4.png,-0.18018603324890137
focus_only_topk@k=1,brightness,0.05,1.0,-0.2037522792816162,pbs,/home/dineth/focus_measure/datasets/New folder/bma pbf tfa/pbs_imgs/FieldPos413_Cam01_RGB_MB/FieldPos413_Cam01_RGB_MB_page_4.png,-0.2037522792816162
focus_only_topk@k=1,brightness,-0.05,1.0,-0.20370054244995117,pbs,/home/dineth/focus_measure/datasets/New folder/bma pbf tfa/pbs_imgs/FieldPos413_Cam01_RGB_MB/FieldPos413_Cam01_RGB_MB_page_4.png,-0.20370054244995117
focus_only_topk@k=1,contrast,0.9,1.0,-0.20375704765319824,pbs,/home/dineth/focus_measure/datasets/New folder/bma pbf tfa/pbs_imgs/FieldPos413_Cam01_RGB_MB/FieldPos413_Cam01_RGB_MB_page_4.png,-0.20375704765319824
focus_only_topk@k=1,contrast,1.1,1.0,-0.20404362678527832,pbs,/home/dineth/focus_measure/datasets/New folder/bma pbf tfa/pbs_imgs/FieldPos413_Cam01_RGB_MB/FieldPos413_Cam01_RGB_MB_page_4.png,-0.20404362678527832
focus_only_topk@k=3,blur,0.8,1.0,-0.2519958019256592,pbs,/home/dineth/focus_measure/datasets/New folder/bma pbf tfa/pbs_imgs/FieldPos413_Cam01_RGB_MB/FieldPos413_Cam01_RGB_MB_page_4.png,-0.2519958019256592
focus_only_topk@k=3,blur,1.2,1.0,-0.2003687620162964,pbs,/home/dineth/focus_measure/datasets/New folder/bma pbf tfa/pbs_imgs/FieldPos413_Cam01_RGB_MB/FieldPos413_Cam01_RGB_MB_page_4.png,-0.2003687620162964
focus_only_topk@k=3,noise,0.01,1.0,-0.03804469108581543,pbs,/home/dineth/focus_measure/datasets/New folder/bma pbf tfa/pbs_imgs/FieldPos413_Cam01_RGB_MB/FieldPos413_Cam01_RGB_MB_page_4.png,-0.03804469108581543
focus_only_topk@k=3,noise,0.02,1.0,0.09747886657714844,pbs,/home/dineth/focus_measure/datasets/New folder/bma pbf tfa/pbs_imgs/FieldPos413_Cam01_RGB_MB/FieldPos413_Cam01_RGB_MB_page_4.png,0.09747886657714844
focus_only_topk@k=3,brightness,0.05,1.0,-0.20386791229248047,pbs,/home/dineth/focus_measure/datasets/New folder/bma pbf tfa/pbs_imgs/FieldPos413_Cam01_RGB_MB/FieldPos413_Cam01_RGB_MB_page_4.png,-0.20386791229248047
focus_only_topk@k=3,brightness,-0.05,1.0,-0.20380735397338867,pbs,/home/dineth/focus_measure/datasets/New folder/bma pbf tfa/pbs_imgs/FieldPos413_Cam01_RGB_MB/FieldPos413_Cam01_RGB_MB_page_4.png,-0.20380735397338867
focus_only_topk@k=3,contrast,0.9,1.0,-0.203871488571167,pbs,/home/dineth/focus_measure/datasets/New folder/bma pbf tfa/pbs_imgs/FieldPos413_Cam01_RGB_MB/FieldPos413_Cam01_RGB_MB_page_4.png,-0.203871488571167
focus_only_topk@k=3,contrast,1.1,1.0,-0.20399141311645508,pbs,/home/dineth/focus_measure/datasets/New folder/bma pbf tfa/pbs_imgs/FieldPos413_Cam01_RGB_MB/FieldPos413_Cam01_RGB_MB_page_4.png,-0.20399141311645508
focus_only_topk@k=5,blur,0.8,0.6666666666666666,-0.03136754035949707,pbs,/home/dineth/focus_measure/datasets/New folder/bma pbf tfa/pbs_imgs/FieldPos413_Cam01_RGB_MB/FieldPos413_Cam01_RGB_MB_page_4.png,-0.03136754035949707
focus_only_topk@k=5,blur,1.2,0.6666666666666666,-0.024919986724853516,pbs,/home/dineth/focus_measure/datasets/New folder/bma pbf tfa/pbs_imgs/FieldPos413_Cam01_RGB_MB/FieldPos413_Cam01_RGB_MB_page_4.png,-0.024919986724853516
focus_only_topk@k=5,noise,0.01,1.0,0.12305498123168945,pbs,/home/dineth/focus_measure/datasets/New folder/bma pbf tfa/pbs_imgs/FieldPos413_Cam01_RGB_MB/FieldPos413_Cam01_RGB_MB_page_4.png,0.12305498123168945
focus_only_topk@k=5,noise,0.02,1.0,0.38576602935791016,pbs,/home/dineth/focus_measure/datasets/New folder/bma pbf tfa/pbs_imgs/FieldPos413_Cam01_RGB_MB/FieldPos413_Cam01_RGB_MB_page_4.png,0.38576602935791016
focus_only_topk@k=5,brightness,0.05,1.0,-0.00016760826110839844,pbs,/home/dineth/focus_measure/datasets/New folder/bma pbf tfa/pbs_imgs/FieldPos413_Cam01_RGB_MB/FieldPos413_Cam01_RGB_MB_page_4.png,-0.00016760826110839844
focus_only_topk@k=5,brightness,-0.05,1.0,-0.00028324127197265625,pbs,/home/dineth/focus_measure/datasets/New folder/bma pbf tfa/pbs_imgs/FieldPos413_Cam01_RGB_MB/FieldPos413_Cam01_RGB_MB_page_4.png,-0.00028324127197265625
focus_only_topk@k=5,contrast,0.9,1.0,-0.00031495094299316406,pbs,/home/dineth/focus_measure/datasets/New folder/bma pbf tfa/pbs_imgs/FieldPos413_Cam01_RGB_MB/FieldPos413_Cam01_RGB_MB_page_4.png,-0.00031495094299316406
focus_only_topk@k=5,contrast,1.1,1.0,-0.0003883838653564453,pbs,/home/dineth/focus_measure/datasets/New folder/bma pbf tfa/pbs_imgs/FieldPos413_Cam01_RGB_MB/FieldPos413_Cam01_RGB_MB_page_4.png,-0.0003883838653564453
focus_only_topk@k=7,blur,0.8,0.75,-0.03136754035949707,pbs,/home/dineth/focus_measure/datasets/New folder/bma pbf tfa/pbs_imgs/FieldPos413_Cam01_RGB_MB/FieldPos413_Cam01_RGB_MB_page_4.png,-0.03136754035949707
focus_only_topk@k=7,blur,1.2,0.5555555555555556,-0.04606485366821289,pbs,/home/dineth/focus_measure/datasets/New folder/bma pbf tfa/pbs_imgs/FieldPos413_Cam01_RGB_MB/FieldPos413_Cam01_RGB_MB_page_4.png,-0.04606485366821289
focus_only_topk@k=7,noise,0.01,0.5555555555555556,0.17279696464538574,pbs,/home/dineth/focus_measure/datasets/New folder/bma pbf tfa/pbs_imgs/FieldPos413_Cam01_RGB_MB/FieldPos413_Cam01_RGB_MB_page_4.png,0.17279696464538574
focus_only_topk@k=7,noise,0.02,0.5555555555555556,0.38576602935791016,pbs,/home/dineth/focus_measure/datasets/New folder/bma pbf tfa/pbs_imgs/FieldPos413_Cam01_RGB_MB/FieldPos413_Cam01_RGB_MB_page_4.png,0.38576602935791016
focus_only_topk@k=7,brightness,0.05,1.0,0.08463430404663086,pbs,/home/dineth/focus_measure/datasets/New folder/bma pbf tfa/pbs_imgs/FieldPos413_Cam01_RGB_MB/FieldPos413_Cam01_RGB_MB_page_4.png,0.08463430404663086
focus_only_topk@k=7,brightness,-0.05,0.75,0.0563352108001709,pbs,/home/dineth/focus_measure/datasets/New folder/bma pbf tfa/pbs_imgs/FieldPos413_Cam01_RGB_MB/FieldPos413_Cam01_RGB_MB_page_4.png,0.0563352108001709
focus_only_topk@k=7,contrast,0.9,0.75,0.022067546844482422,pbs,/home/dineth/focus_measure/datasets/New folder/bma pbf tfa/pbs_imgs/FieldPos413_Cam01_RGB_MB/FieldPos413_Cam01_RGB_MB_page_4.png,0.022067546844482422
focus_only_topk@k=7,contrast,1.1,0.5555555555555556,0.08434557914733887,pbs,/home/dineth/focus_measure/datasets/New folder/bma pbf tfa/pbs_imgs/FieldPos413_Cam01_RGB_MB/FieldPos413_Cam01_RGB_MB_page_4.png,0.08434557914733887
occupancy_only_topk@k=1,blur,0.8,1.0,-0.10336494445800781,pbs,/home/dineth/focus_measure/datasets/New folder/bma pbf tfa/pbs_imgs/FieldPos413_Cam01_RGB_MB/FieldPos413_Cam01_RGB_MB_page_4.png,-0.10336494445800781
occupancy_only_topk@k=1,blur,1.2,1.0,-0.1285862922668457,pbs,/home/dineth/focus_measure/datasets/New folder/bma pbf tfa/pbs_imgs/FieldPos413_Cam01_RGB_MB/FieldPos413_Cam01_RGB_MB_page_4.png,-0.1285862922668457
occupancy_only_topk@k=1,noise,0.01,1.0,0.14910387992858887,pbs,/home/dineth/focus_measure/datasets/New folder/bma pbf tfa/pbs_imgs/FieldPos413_Cam01_RGB_MB/FieldPos413_Cam01_RGB_MB_page_4.png,0.14910387992858887
occupancy_only_topk@k=1,noise,0.02,1.0,0.04692542552947998,pbs,/home/dineth/focus_measure/datasets/New folder/bma pbf tfa/pbs_imgs/FieldPos413_Cam01_RGB_MB/FieldPos413_Cam01_RGB_MB_page_4.png,0.04692542552947998
occupancy_only_topk@k=1,brightness,0.05,0.0,0.22881388664245605,pbs,/home/dineth/focus_measure/datasets/New folder/bma pbf tfa/pbs_imgs/FieldPos413_Cam01_RGB_MB/FieldPos413_Cam01_RGB_MB_page_4.png,0.22881388664245605
occupancy_only_topk@k=1,brightness,-0.05,0.0,-0.14658844470977783,pbs,/home/dineth/focus_measure/datasets/New folder/bma pbf tfa/pbs_imgs/FieldPos413_Cam01_RGB_MB/FieldPos413_Cam01_RGB_MB_page_4.png,-0.14658844470977783
occupancy_only_topk@k=1,contrast,0.9,0.0,-0.03716540336608887,pbs,/home/dineth/focus_measure/datasets/New folder/bma pbf tfa/pbs_imgs/FieldPos413_Cam01_RGB_MB/FieldPos413_Cam01_RGB_MB_page_4.png,-0.03716540336608887
occupancy_only_topk@k=1,contrast,1.1,1.0,-0.08183789253234863,pbs,/home/dineth/focus_measure/datasets/New folder/bma pbf tfa/pbs_imgs/FieldPos413_Cam01_RGB_MB/FieldPos413_Cam01_RGB_MB_page_4.png,-0.08183789253234863
occupancy_only_topk@k=3,blur,0.8,1.0,-0.034613847732543945,pbs,/home/dineth/focus_measure/datasets/New folder/bma pbf tfa/pbs_imgs/FieldPos413_Cam01_RGB_MB/FieldPos413_Cam01_RGB_MB_page_4.png,-0.034613847732543945
occupancy_only_topk@k=3,blur,1.2,1.0,-0.011293649673461914,pbs,/home/dineth/focus_measure/datasets/New folder/bma pbf tfa/pbs_imgs/FieldPos413_Cam01_RGB_MB/FieldPos413_Cam01_RGB_MB_page_4.png,-0.011293649673461914
occupancy_only_topk@k=3,noise,0.01,1.0,-0.014229297637939453,pbs,/home/dineth/focus_measure/datasets/New folder/bma pbf tfa/pbs_imgs/FieldPos413_Cam01_RGB_MB/FieldPos413_Cam01_RGB_MB_page_4.png,-0.014229297637939453
occupancy_only_topk@k=3,noise,0.02,0.5,0.11940336227416992,pbs,/home/dineth/focus_measure/datasets/New folder/bma pbf tfa/pbs_imgs/FieldPos413_Cam01_RGB_MB/FieldPos413_Cam01_RGB_MB_page_4.png,0.11940336227416992
occupancy_only_topk@k=3,brightness,0.05,0.2,0.07994377613067627,pbs,/home/dineth/focus_measure/datasets/New folder/bma pbf tfa/pbs_imgs/FieldPos413_Cam01_RGB_MB/FieldPos413_Cam01_RGB_MB_page_4.png,0.07994377613067627
occupancy_only_topk@k=3,brightness,-0.05,0.0,-0.028903841972351074,pbs,/home/dineth/focus_measure/datasets/New folder/bma pbf tfa/pbs_imgs/FieldPos413_Cam01_RGB_MB/FieldPos413_Cam01_RGB_MB_page_4.png,-0.028903841972351074
occupancy_only_topk@k=3,contrast,0.9,0.5,-0.0448758602142334,pbs,/home/dineth/focus_measure/datasets/New folder/bma pbf tfa/pbs_imgs/FieldPos413_Cam01_RGB_MB/FieldPos413_Cam01_RGB_MB_page_4.png,-0.0448758602142334
occupancy_only_topk@k=3,contrast,1.1,1.0,-0.018764257431030273,pbs,/home/dineth/focus_measure/datasets/New folder/bma pbf tfa/pbs_imgs/FieldPos413_Cam01_RGB_MB/FieldPos413_Cam01_RGB_MB_page_4.png,-0.018764257431030273
occupancy_only_topk@k=5,blur,0.8,1.0,-0.048372507095336914,pbs,/home/dineth/focus_measure/datasets/New folder/bma pbf tfa/pbs_imgs/FieldPos413_Cam01_RGB_MB/FieldPos413_Cam01_RGB_MB_page_4.png,-0.048372507095336914
occupancy_only_topk@k=5,blur,1.2,1.0,-0.0248258113861084,pbs,/home/dineth/focus_measure/datasets/New folder/bma pbf tfa/pbs_imgs/FieldPos413_Cam01_RGB_MB/FieldPos413_Cam01_RGB_MB_page_4.png,-0.0248258113861084
occupancy_only_topk@k=5,noise,0.01,0.6666666666666666,0.06440472602844238,pbs,/home/dineth/focus_measure/datasets/New folder/bma pbf tfa/pbs_imgs/FieldPos413_Cam01_RGB_MB/FieldPos413_Cam01_RGB_MB_page_4.png,0.06440472602844238
occupancy_only_topk@k=5,noise,0.02,0.25,-0.05285358428955078,pbs,/home/dineth/focus_measure/datasets/New folder/bma pbf tfa/pbs_imgs/FieldPos413_Cam01_RGB_MB/FieldPos413_Cam01_RGB_MB_page_4.png,-0.05285358428955078
occupancy_only_topk@k=5,brightness,0.05,0.42857142857142855,0.03037714958190918,pbs,/home/dineth/focus_measure/datasets/New folder/bma pbf tfa/pbs_imgs/FieldPos413_Cam01_RGB_MB/FieldPos413_Cam01_RGB_MB_page_4.png,0.03037714958190918
occupancy_only_topk@k=5,brightness,-0.05,0.25,-0.042841434478759766,pbs,/home/dineth/focus_measure/datasets/New folder/bma pbf tfa/pbs_imgs/FieldPos413_Cam01_RGB_MB/FieldPos413_Cam01_RGB_MB_page_4.png,-0.042841434478759766
occupancy_only_topk@k=5,contrast,0.9,0.6666666666666666,-0.05825960636138916,pbs,/home/dineth/focus_measure/datasets/New folder/bma pbf tfa/pbs_imgs/FieldPos413_Cam01_RGB_MB/FieldPos413_Cam01_RGB_MB_page_4.png,-0.05825960636138916
occupancy_only_topk@k=5,contrast,1.1,0.6666666666666666,-0.042471885681152344,pbs,/home/dineth/focus_measure/datasets/New folder/bma pbf tfa/pbs_imgs/FieldPos413_Cam01_RGB_MB/FieldPos413_Cam01_RGB_MB_page_4.png,-0.042471885681152344
occupancy_only_topk@k=7,blur,0.8,1.0,-0.028545379638671875,pbs,/home/dineth/focus_measure/datasets/New folder/bma pbf tfa/pbs_imgs/FieldPos413_Cam01_RGB_MB/FieldPos413_Cam01_RGB_MB_page_4.png,-0.028545379638671875
occupancy_only_topk@k=7,blur,1.2,1.0,-0.04597067832946777,pbs,/home/dineth/focus_measure/datasets/New folder/bma pbf tfa/pbs_imgs/FieldPos413_Cam01_RGB_MB/FieldPos413_Cam01_RGB_MB_page_4.png,-0.04597067832946777
occupancy_only_topk@k=7,noise,0.01,0.75,0.06440472602844238,pbs,/home/dineth/focus_measure/datasets/New folder/bma pbf tfa/pbs_imgs/FieldPos413_Cam01_RGB_MB/FieldPos413_Cam01_RGB_MB_page_4.png,0.06440472602844238
occupancy_only_topk@k=7,noise,0.02,0.4,0.10572624206542969,pbs,/home/dineth/focus_measure/datasets/New folder/bma pbf tfa/pbs_imgs/FieldPos413_Cam01_RGB_MB/FieldPos413_Cam01_RGB_MB_page_4.png,0.10572624206542969
occupancy_only_topk@k=7,brightness,0.05,0.5555555555555556,-0.012996673583984375,pbs,/home/dineth/focus_measure/datasets/New folder/bma pbf tfa/pbs_imgs/FieldPos413_Cam01_RGB_MB/FieldPos413_Cam01_RGB_MB_page_4.png,-0.012996673583984375
occupancy_only_topk@k=7,brightness,-0.05,0.4,-0.042841434478759766,pbs,/home/dineth/focus_measure/datasets/New folder/bma pbf tfa/pbs_imgs/FieldPos413_Cam01_RGB_MB/FieldPos413_Cam01_RGB_MB_page_4.png,-0.042841434478759766
occupancy_only_topk@k=7,contrast,0.9,0.75,-0.01297140121459961,pbs,/home/dineth/focus_measure/datasets/New folder/bma pbf tfa/pbs_imgs/FieldPos413_Cam01_RGB_MB/FieldPos413_Cam01_RGB_MB_page_4.png,-0.01297140121459961
occupancy_only_topk@k=7,contrast,1.1,0.5555555555555556,-0.03265070915222168,pbs,/home/dineth/focus_measure/datasets/New folder/bma pbf tfa/pbs_imgs/FieldPos413_Cam01_RGB_MB/FieldPos413_Cam01_RGB_MB_page_4.png,-0.03265070915222168
hybrid_proposed,blur,0.8,0.7777777777777778,-0.011984825134277344,pbs,/home/dineth/focus_measure/datasets/New folder/bma pbf tfa/pbs_imgs/FieldPos413_Cam01_RGB_MB/FieldPos413_Cam01_RGB_MB_page_4.png,-0.011984825134277344
hybrid_proposed,blur,1.2,0.7230769230769231,-0.00644373893737793,pbs,/home/dineth/focus_measure/datasets/New folder/bma pbf tfa/pbs_imgs/FieldPos413_Cam01_RGB_MB/FieldPos413_Cam01_RGB_MB_page_4.png,-0.00644373893737793
hybrid_proposed,noise,0.01,0.8983050847457628,0.0466461181640625,pbs,/home/dineth/focus_measure/datasets/New folder/bma pbf tfa/pbs_imgs/FieldPos413_Cam01_RGB_MB/FieldPos413_Cam01_RGB_MB_page_4.png,0.0466461181640625
hybrid_proposed,noise,0.02,0.8666666666666667,0.07432746887207031,pbs,/home/dineth/focus_measure/datasets/New folder/bma pbf tfa/pbs_imgs/FieldPos413_Cam01_RGB_MB/FieldPos413_Cam01_RGB_MB_page_4.png,0.07432746887207031
hybrid_proposed,brightness,0.05,0.8983050847457628,-0.04583334922790527,pbs,/home/dineth/focus_measure/datasets/New folder/bma pbf tfa/pbs_imgs/FieldPos413_Cam01_RGB_MB/FieldPos413_Cam01_RGB_MB_page_4.png,-0.04583334922790527
hybrid_proposed,brightness,-0.05,0.9310344827586207,-0.045964956283569336,pbs,/home/dineth/focus_measure/datasets/New folder/bma pbf tfa/pbs_imgs/FieldPos413_Cam01_RGB_MB/FieldPos413_Cam01_RGB_MB_page_4.png,-0.045964956283569336
hybrid_proposed,contrast,0.9,0.8360655737704918,-0.04592156410217285,pbs,/home/dineth/focus_measure/datasets/New folder/bma pbf tfa/pbs_imgs/FieldPos413_Cam01_RGB_MB/FieldPos413_Cam01_RGB_MB_page_4.png,-0.04592156410217285
hybrid_proposed,contrast,1.1,0.8983050847457628,-0.049654245376586914,pbs,/home/dineth/focus_measure/datasets/New folder/bma pbf tfa/pbs_imgs/FieldPos413_Cam01_RGB_MB/FieldPos413_Cam01_RGB_MB_page_4.png,-0.049654245376586914
all_rois,blur,0.8,1.0,-0.013053655624389648,pbs,/home/dineth/focus_measure/datasets/New folder/bma pbf tfa/pbs_imgs/FieldPos413_Cam01_RGB_MB/FieldPos413_Cam01_RGB_MB_page_4.png,-0.013053655624389648
all_rois,blur,1.2,1.0,-0.011467933654785156,pbs,/home/dineth/focus_measure/datasets/New folder/bma pbf tfa/pbs_imgs/FieldPos413_Cam01_RGB_MB/FieldPos413_Cam01_RGB_MB_page_4.png,-0.011467933654785156
all_rois,noise,0.01,1.0,0.04208111763000488,pbs,/home/dineth/focus_measure/datasets/New folder/bma pbf tfa/pbs_imgs/FieldPos413_Cam01_RGB_MB/FieldPos413_Cam01_RGB_MB_page_4.png,0.04208111763000488
all_rois,noise,0.02,1.0,-0.0016922950744628906,pbs,/home/dineth/focus_measure/datasets/New folder/bma pbf tfa/pbs_imgs/FieldPos413_Cam01_RGB_MB/FieldPos413_Cam01_RGB_MB_page_4.png,-0.0016922950744628906
all_rois,brightness,0.05,1.0,-0.019015073776245117,pbs,/home/dineth/focus_measure/datasets/New folder/bma pbf tfa/pbs_imgs/FieldPos413_Cam01_RGB_MB/FieldPos413_Cam01_RGB_MB_page_4.png,-0.019015073776245117
all_rois,brightness,-0.05,1.0,-0.019108295440673828,pbs,/home/dineth/focus_measure/datasets/New folder/bma pbf tfa/pbs_imgs/FieldPos413_Cam01_RGB_MB/FieldPos413_Cam01_RGB_MB_page_4.png,-0.019108295440673828
all_rois,contrast,0.9,1.0,-0.018930435180664062,pbs,/home/dineth/focus_measure/datasets/New folder/bma pbf tfa/pbs_imgs/FieldPos413_Cam01_RGB_MB/FieldPos413_Cam01_RGB_MB_page_4.png,-0.018930435180664062
all_rois,contrast,1.1,1.0,-0.019153118133544922,pbs,/home/dineth/focus_measure/datasets/New folder/bma pbf tfa/pbs_imgs/FieldPos413_Cam01_RGB_MB/FieldPos413_Cam01_RGB_MB_page_4.png,-0.019153118133544922
cnn_adaptive,blur,0.8,0.7777777777777778,-0.011984825134277344,pbs,/home/dineth/focus_measure/datasets/New folder/bma pbf tfa/pbs_imgs/FieldPos413_Cam01_RGB_MB/FieldPos413_Cam01_RGB_MB_page_4.png,-0.011984825134277344
cnn_adaptive,blur,1.2,0.7230769230769231,-0.00644373893737793,pbs,/home/dineth/focus_measure/datasets/New folder/bma pbf tfa/pbs_imgs/FieldPos413_Cam01_RGB_MB/FieldPos413_Cam01_RGB_MB_page_4.png,-0.00644373893737793
cnn_adaptive,noise,0.01,0.8983050847457628,0.0466461181640625,pbs,/home/dineth/focus_measure/datasets/New folder/bma pbf tfa/pbs_imgs/FieldPos413_Cam01_RGB_MB/FieldPos413_Cam01_RGB_MB_page_4.png,0.0466461181640625
cnn_adaptive,noise,0.02,0.8666666666666667,0.07432746887207031,pbs,/home/dineth/focus_measure/datasets/New folder/bma pbf tfa/pbs_imgs/FieldPos413_Cam01_RGB_MB/FieldPos413_Cam01_RGB_MB_page_4.png,0.07432746887207031
cnn_adaptive,brightness,0.05,0.8983050847457628,-0.04583334922790527,pbs,/home/dineth/focus_measure/datasets/New folder/bma pbf tfa/pbs_imgs/FieldPos413_Cam01_RGB_MB/FieldPos413_Cam01_RGB_MB_page_4.png,-0.04583334922790527
cnn_adaptive,brightness,-0.05,0.9310344827586207,-0.045964956283569336,pbs,/home/dineth/focus_measure/datasets/New folder/bma pbf tfa/pbs_imgs/FieldPos413_Cam01_RGB_MB/FieldPos413_Cam01_RGB_MB_page_4.png,-0.045964956283569336
cnn_adaptive,contrast,0.9,0.8360655737704918,-0.04592156410217285,pbs,/home/dineth/focus_measure/datasets/New folder/bma pbf tfa/pbs_imgs/FieldPos413_Cam01_RGB_MB/FieldPos413_Cam01_RGB_MB_page_4.png,-0.04592156410217285
cnn_adaptive,contrast,1.1,0.8983050847457628,-0.049654245376586914,pbs,/home/dineth/focus_measure/datasets/New folder/bma pbf tfa/pbs_imgs/FieldPos413_Cam01_RGB_MB/FieldPos413_Cam01_RGB_MB_page_4.png,-0.049654245376586914
center_top1,blur,0.8,1.0,-0.000810086727142334,pbs,/home/dineth/focus_measure/datasets/New folder/bma pbf tfa/pbs_imgs/FieldPos413_Cam01_RGB_MB/FieldPos413_Cam01_RGB_MB_page_9.png,-0.000810086727142334
center_top1,blur,1.2,1.0,-0.0061370134353637695,pbs,/home/dineth/focus_measure/datasets/New folder/bma pbf tfa/pbs_imgs/FieldPos413_Cam01_RGB_MB/FieldPos413_Cam01_RGB_MB_page_9.png,-0.0061370134353637695
center_top1,noise,0.01,1.0,0.07463371753692627,pbs,/home/dineth/focus_measure/datasets/New folder/bma pbf tfa/pbs_imgs/FieldPos413_Cam01_RGB_MB/FieldPos413_Cam01_RGB_MB_page_9.png,0.07463371753692627
center_top1,noise,0.02,1.0,1.128732144832611,pbs,/home/dineth/focus_measure/datasets/New folder/bma pbf tfa/pbs_imgs/FieldPos413_Cam01_RGB_MB/FieldPos413_Cam01_RGB_MB_page_9.png,1.128732144832611
center_top1,brightness,0.05,1.0,-0.0006386637687683105,pbs,/home/dineth/focus_measure/datasets/New folder/bma pbf tfa/pbs_imgs/FieldPos413_Cam01_RGB_MB/FieldPos413_Cam01_RGB_MB_page_9.png,-0.0006386637687683105
center_top1,brightness,-0.05,1.0,-0.0007912516593933105,pbs,/home/dineth/focus_measure/datasets/New folder/bma pbf tfa/pbs_imgs/FieldPos413_Cam01_RGB_MB/FieldPos413_Cam01_RGB_MB_page_9.png,-0.0007912516593933105
center_top1,contrast,0.9,1.0,-0.0006778240203857422,pbs,/home/dineth/focus_measure/datasets/New folder/bma pbf tfa/pbs_imgs/FieldPos413_Cam01_RGB_MB/FieldPos413_Cam01_RGB_MB_page_9.png,-0.0006778240203857422
center_top1,contrast,1.1,1.0,-0.0007362961769104004,pbs,/home/dineth/focus_measure/datasets/New folder/bma pbf tfa/pbs_imgs/FieldPos413_Cam01_RGB_MB/FieldPos413_Cam01_RGB_MB_page_9.png,-0.0007362961769104004
random_k@k=1,blur,0.8,1.0,0.018282830715179443,pbs,/home/dineth/focus_measure/datasets/New folder/bma pbf tfa/pbs_imgs/FieldPos413_Cam01_RGB_MB/FieldPos413_Cam01_RGB_MB_page_9.png,0.018282830715179443
random_k@k=1,blur,1.2,1.0,0.010106563568115234,pbs,/home/dineth/focus_measure/datasets/New folder/bma pbf tfa/pbs_imgs/FieldPos413_Cam01_RGB_MB/FieldPos413_Cam01_RGB_MB_page_9.png,0.010106563568115234
random_k@k=1,noise,0.01,1.0,-0.031968891620635986,pbs,/home/dineth/focus_measure/datasets/New folder/bma pbf tfa/pbs_imgs/FieldPos413_Cam01_RGB_MB/FieldPos413_Cam01_RGB_MB_page_9.png,-0.031968891620635986
random_k@k=1,noise,0.02,1.0,0.6290615200996399,pbs,/home/dineth/focus_measure/datasets/New folder/bma pbf tfa/pbs_imgs/FieldPos413_Cam01_RGB_MB/FieldPos413_Cam01_RGB_MB_page_9.png,0.6290615200996399
random_k@k=1,brightness,0.05,1.0,0.019643336534500122,pbs,/home/dineth/focus_measure/datasets/New folder/bma pbf tfa/pbs_imgs/FieldPos413_Cam01_RGB_MB/FieldPos413_Cam01_RGB_MB_page_9.png,0.019643336534500122
random_k@k=1,brightness,-0.05,1.0,0.01959976553916931,pbs,/home/dineth/focus_measure/datasets/New folder/bma pbf tfa/pbs_imgs/FieldPos413_Cam01_RGB_MB/FieldPos413_Cam01_RGB_MB_page_9.png,0.01959976553916931
random_k@k=1,contrast,0.9,1.0,0.019612789154052734,pbs,/home/dineth/focus_measure/datasets/New folder/bma pbf tfa/pbs_imgs/FieldPos413_Cam01_RGB_MB/FieldPos413_Cam01_RGB_MB_page_9.png,0.019612789154052734
random_k@k=1,contrast,1.1,1.0,0.019703567028045654,pbs,/home/dineth/focus_measure/datasets/New folder/bma pbf tfa/pbs_imgs/FieldPos413_Cam01_RGB_MB/FieldPos413_Cam01_RGB_MB_page_9.png,0.019703567028045654
random_k@k=3,blur,0.8,1.0,0.03288877010345459,pbs,/home/dineth/focus_measure/datasets/New folder/bma pbf tfa/pbs_imgs/FieldPos413_Cam01_RGB_MB/FieldPos413_Cam01_RGB_MB_page_9.png,0.03288877010345459
random_k@k=3,blur,1.2,1.0,0.024658262729644775,pbs,/home/dineth/focus_measure/datasets/New folder/bma pbf tfa/pbs_imgs/FieldPos413_Cam01_RGB_MB/FieldPos413_Cam01_RGB_MB_page_9.png,0.024658262729644775
random_k@k=3,noise,0.01,1.0,-0.014747202396392822,pbs,/home/dineth/focus_measure/datasets/New folder/bma pbf tfa/pbs_imgs/FieldPos413_Cam01_RGB_MB/FieldPos413_Cam01_RGB_MB_page_9.png,-0.014747202396392822
random_k@k=3,noise,0.02,1.0,0.21699869632720947,pbs,/home/dineth/focus_measure/datasets/New folder/bma pbf tfa/pbs_imgs/FieldPos413_Cam01_RGB_MB/FieldPos413_Cam01_RGB_MB_page_9.png,0.21699869632720947
random_k@k=3,brightness,0.05,1.0,-0.011848688125610352,pbs,/home/dineth/focus_measure/datasets/New folder/bma pbf tfa/pbs_imgs/FieldPos413_Cam01_RGB_MB/FieldPos413_Cam01_RGB_MB_page_9.png,-0.011848688125610352
random_k@k=3,brightness,-0.05,1.0,-0.011818408966064453,pbs,/home/dineth/focus_measure/datasets/New folder/bma pbf tfa/pbs_imgs/FieldPos413_Cam01_RGB_MB/FieldPos413_Cam01_RGB_MB_page_9.png,-0.011818408966064453
random_k@k=3,contrast,0.9,1.0,-0.011803030967712402,pbs,/home/dineth/focus_measure/datasets/New folder/bma pbf tfa/pbs_imgs/FieldPos413_Cam01_RGB_MB/FieldPos413_Cam01_RGB_MB_page_9.png,-0.011803030967712402
random_k@k=3,contrast,1.1,1.0,-0.011698395013809204,pbs,/home/dineth/focus_measure/datasets/New folder/bma pbf tfa/pbs_imgs/FieldPos413_Cam01_RGB_MB/FieldPos413_Cam01_RGB_MB_page_9.png,-0.011698395013809204
random_k@k=5,blur,0.8,1.0,0.0297124981880188,pbs,/home/dineth/focus_measure/datasets/New folder/bma pbf tfa/pbs_imgs/FieldPos413_Cam01_RGB_MB/FieldPos413_Cam01_RGB_MB_page_9.png,0.0297124981880188
random_k@k=5,blur,1.2,1.0,0.02153855562210083,pbs,/home/dineth/focus_measure/datasets/New folder/bma pbf tfa/pbs_imgs/FieldPos413_Cam01_RGB_MB/FieldPos413_Cam01_RGB_MB_page_9.png,0.02153855562210083
random_k@k=5,noise,0.01,1.0,-0.018097341060638428,pbs,/home/dineth/focus_measure/datasets/New folder/bma pbf tfa/pbs_imgs/FieldPos413_Cam01_RGB_MB/FieldPos413_Cam01_RGB_MB_page_9.png,-0.018097341060638428
random_k@k=5,noise,0.02,1.0,0.11276894807815552,pbs,/home/dineth/focus_measure/datasets/New folder/bma pbf tfa/pbs_imgs/FieldPos413_Cam01_RGB_MB/FieldPos413_Cam01_RGB_MB_page_9.png,0.11276894807815552
random_k@k=5,brightness,0.05,1.0,-0.014856040477752686,pbs,/home/dineth/focus_measure/datasets/New folder/bma pbf tfa/pbs_imgs/FieldPos413_Cam01_RGB_MB/FieldPos413_Cam01_RGB_MB_page_9.png,-0.014856040477752686
random_k@k=5,brightness,-0.05,1.0,-0.014830201864242554,pbs,/home/dineth/focus_measure/datasets/New folder/bma pbf tfa/pbs_imgs/FieldPos413_Cam01_RGB_MB/FieldPos413_Cam01_RGB_MB_page_9.png,-0.014830201864242554
random_k@k=5,contrast,0.9,1.0,-0.014901876449584961,pbs,/home/dineth/focus_measure/datasets/New folder/bma pbf tfa/pbs_imgs/FieldPos413_Cam01_RGB_MB/FieldPos413_Cam01_RGB_MB_page_9.png,-0.014901876449584961
random_k@k=5,contrast,1.1,1.0,-0.014939725399017334,pbs,/home/dineth/focus_measure/datasets/New folder/bma pbf tfa/pbs_imgs/FieldPos413_Cam01_RGB_MB/FieldPos413_Cam01_RGB_MB_page_9.png,-0.014939725399017334
random_k@k=7,blur,0.8,1.0,0.030043363571166992,pbs,/home/dineth/focus_measure/datasets/New folder/bma pbf tfa/pbs_imgs/FieldPos413_Cam01_RGB_MB/FieldPos413_Cam01_RGB_MB_page_9.png,0.030043363571166992
random_k@k=7,blur,1.2,1.0,0.021869421005249023,pbs,/home/dineth/focus_measure/datasets/New folder/bma pbf tfa/pbs_imgs/FieldPos413_Cam01_RGB_MB/FieldPos413_Cam01_RGB_MB_page_9.png,0.021869421005249023
random_k@k=7,noise,0.01,1.0,-0.017766475677490234,pbs,/home/dineth/focus_measure/datasets/New folder/bma pbf tfa/pbs_imgs/FieldPos413_Cam01_RGB_MB/FieldPos413_Cam01_RGB_MB_page_9.png,-0.017766475677490234
random_k@k=7,noise,0.02,1.0,0.14500880241394043,pbs,/home/dineth/focus_measure/datasets/New folder/bma pbf tfa/pbs_imgs/FieldPos413_Cam01_RGB_MB/FieldPos413_Cam01_RGB_MB_page_9.png,0.14500880241394043
random_k@k=7,brightness,0.05,1.0,-0.014525175094604492,pbs,/home/dineth/focus_measure/datasets/New folder/bma pbf tfa/pbs_imgs/FieldPos413_Cam01_RGB_MB/FieldPos413_Cam01_RGB_MB_page_9.png,-0.014525175094604492
random_k@k=7,brightness,-0.05,1.0,-0.01449933648109436,pbs,/home/dineth/focus_measure/datasets/New folder/bma pbf tfa/pbs_imgs/FieldPos413_Cam01_RGB_MB/FieldPos413_Cam01_RGB_MB_page_9.png,-0.01449933648109436
random_k@k=7,contrast,0.9,1.0,-0.014571011066436768,pbs,/home/dineth/focus_measure/datasets/New folder/bma pbf tfa/pbs_imgs/FieldPos413_Cam01_RGB_MB/FieldPos413_Cam01_RGB_MB_page_9.png,-0.014571011066436768
random_k@k=7,contrast,1.1,1.0,-0.01460886001586914,pbs,/home/dineth/focus_measure/datasets/New folder/bma pbf tfa/pbs_imgs/FieldPos413_Cam01_RGB_MB/FieldPos413_Cam01_RGB_MB_page_9.png,-0.01460886001586914
focus_only_topk@k=1,blur,0.8,1.0,-0.047299206256866455,pbs,/home/dineth/focus_measure/datasets/New folder/bma pbf tfa/pbs_imgs/FieldPos413_Cam01_RGB_MB/FieldPos413_Cam01_RGB_MB_page_9.png,-0.047299206256866455
focus_only_topk@k=1,blur,1.2,1.0,0.04356938600540161,pbs,/home/dineth/focus_measure/datasets/New folder/bma pbf tfa/pbs_imgs/FieldPos413_Cam01_RGB_MB/FieldPos413_Cam01_RGB_MB_page_9.png,0.04356938600540161
focus_only_topk@k=1,noise,0.01,1.0,-0.004963189363479614,pbs,/home/dineth/focus_measure/datasets/New folder/bma pbf tfa/pbs_imgs/FieldPos413_Cam01_RGB_MB/FieldPos413_Cam01_RGB_MB_page_9.png,-0.004963189363479614
focus_only_topk@k=1,noise,0.02,1.0,-0.016595840454101562,pbs,/home/dineth/focus_measure/datasets/New folder/bma pbf tfa/pbs_imgs/FieldPos413_Cam01_RGB_MB/FieldPos413_Cam01_RGB_MB_page_9.png,-0.016595840454101562
focus_only_topk@k=1,brightness,0.05,1.0,-0.003383249044418335,pbs,/home/dineth/focus_measure/datasets/New folder/bma pbf tfa/pbs_imgs/FieldPos413_Cam01_RGB_MB/FieldPos413_Cam01_RGB_MB_page_9.png,-0.003383249044418335
focus_only_topk@k=1,brightness,-0.05,1.0,-0.0033710598945617676,pbs,/home/dineth/focus_measure/datasets/New folder/bma pbf tfa/pbs_imgs/FieldPos413_Cam01_RGB_MB/FieldPos413_Cam01_RGB_MB_page_9.png,-0.0033710598945617676
focus_only_topk@k=1,contrast,0.9,1.0,-0.0034171342849731445,pbs,/home/dineth/focus_measure/datasets/New folder/bma pbf tfa/pbs_imgs/FieldPos413_Cam01_RGB_MB/FieldPos413_Cam01_RGB_MB_page_9.png,-0.0034171342849731445
focus_only_topk@k=1,contrast,1.1,1.0,-0.0033575892448425293,pbs,/home/dineth/focus_measure/datasets/New folder/bma pbf tfa/pbs_imgs/FieldPos413_Cam01_RGB_MB/FieldPos413_Cam01_RGB_MB_page_9.png,-0.0033575892448425293
focus_only_topk@k=3,blur,0.8,1.0,-0.02691066265106201,pbs,/home/dineth/focus_measure/datasets/New folder/bma pbf tfa/pbs_imgs/FieldPos413_Cam01_RGB_MB/FieldPos413_Cam01_RGB_MB_page_9.png,-0.02691066265106201
focus_only_topk@k=3,blur,1.2,1.0,0.0638924241065979,pbs,/home/dineth/focus_measure/datasets/New folder/bma pbf tfa/pbs_imgs/FieldPos413_Cam01_RGB_MB/FieldPos413_Cam01_RGB_MB_page_9.png,0.0638924241065979
focus_only_topk@k=3,noise,0.01,1.0,-0.018657445907592773,pbs,/home/dineth/focus_measure/datasets/New folder/bma pbf tfa/pbs_imgs/FieldPos413_Cam01_RGB_MB/FieldPos413_Cam01_RGB_MB_page_9.png,-0.018657445907592773
focus_only_topk@k=3,noise,0.02,1.0,0.024889588356018066,pbs,/home/dineth/focus_measure/datasets/New folder/bma pbf tfa/pbs_imgs/FieldPos413_Cam01_RGB_MB/FieldPos413_Cam01_RGB_MB_page_9.png,0.024889588356018066
focus_only_topk@k=3,brightness,0.05,1.0,-0.028983592987060547,pbs,/home/dineth/focus_measure/datasets/New folder/bma pbf tfa/pbs_imgs/FieldPos413_Cam01_RGB_MB/FieldPos413_Cam01_RGB_MB_page_9.png,-0.028983592987060547
focus_only_topk@k=3,brightness,-0.05,1.0,-0.028988778591156006,pbs,/home/dineth/focus_measure/datasets/New folder/bma pbf tfa/pbs_imgs/FieldPos413_Cam01_RGB_MB/FieldPos413_Cam01_RGB_MB_page_9.png,-0.028988778591156006
focus_only_topk@k=3,contrast,0.9,1.0,-0.028984546661376953,pbs,/home/dineth/focus_measure/datasets/New folder/bma pbf tfa/pbs_imgs/FieldPos413_Cam01_RGB_MB/FieldPos413_Cam01_RGB_MB_page_9.png,-0.028984546661376953
focus_only_topk@k=3,contrast,1.1,1.0,-0.029065579175949097,pbs,/home/dineth/focus_measure/datasets/New folder/bma pbf tfa/pbs_imgs/FieldPos413_Cam01_RGB_MB/FieldPos413_Cam01_RGB_MB_page_9.png,-0.029065579175949097
focus_only_topk@k=5,blur,0.8,1.0,-0.03133976459503174,pbs,/home/dineth/focus_measure/datasets/New folder/bma pbf tfa/pbs_imgs/FieldPos413_Cam01_RGB_MB/FieldPos413_Cam01_RGB_MB_page_9.png,-0.03133976459503174
focus_only_topk@k=5,blur,1.2,1.0,0.02947258949279785,pbs,/home/dineth/focus_measure/datasets/New folder/bma pbf tfa/pbs_imgs/FieldPos413_Cam01_RGB_MB/FieldPos413_Cam01_RGB_MB_page_9.png,0.02947258949279785
focus_only_topk@k=5,noise,0.01,1.0,0.0459975004196167,pbs,/home/dineth/focus_measure/datasets/New folder/bma pbf tfa/pbs_imgs/FieldPos413_Cam01_RGB_MB/FieldPos413_Cam01_RGB_MB_page_9.png,0.0459975004196167
focus_only_topk@k=5,noise,0.02,1.0,0.15856307744979858,pbs,/home/dineth/focus_measure/datasets/New folder/bma pbf tfa/pbs_imgs/FieldPos413_Cam01_RGB_MB/FieldPos413_Cam01_RGB_MB_page_9.png,0.15856307744979858
focus_only_topk@k=5,brightness,0.05,1.0,-0.02755206823348999,pbs,/home/dineth/focus_measure/datasets/New folder/bma pbf tfa/pbs_imgs/FieldPos413_Cam01_RGB_MB/FieldPos413_Cam01_RGB_MB_page_9.png,-0.02755206823348999
focus_only_topk@k=5,brightness,-0.05,1.0,-0.027580678462982178,pbs,/home/dineth/focus_measure/datasets/New folder/bma pbf tfa/pbs_imgs/FieldPos413_Cam01_RGB_MB/FieldPos413_Cam01_RGB_MB_page_9.png,-0.027580678462982178
focus_only_topk@k=5,contrast,0.9,1.0,-0.027491748332977295,pbs,/home/dineth/focus_measure/datasets/New folder/bma pbf tfa/pbs_imgs/FieldPos413_Cam01_RGB_MB/FieldPos413_Cam01_RGB_MB_page_9.png,-0.027491748332977295
focus_only_topk@k=5,contrast,1.1,1.0,-0.027554869651794434,pbs,/home/dineth/focus_measure/datasets/New folder/bma pbf tfa/pbs_imgs/FieldPos413_Cam01_RGB_MB/FieldPos413_Cam01_RGB_MB_page_9.png,-0.027554869651794434
focus_only_topk@k=7,blur,0.8,1.0,-0.03133976459503174,pbs,/home/dineth/focus_measure/datasets/New folder/bma pbf tfa/pbs_imgs/FieldPos413_Cam01_RGB_MB/FieldPos413_Cam01_RGB_MB_page_9.png,-0.03133976459503174
focus_only_topk@k=7,blur,1.2,1.0,0.025261282920837402,pbs,/home/dineth/focus_measure/datasets/New folder/bma pbf tfa/pbs_imgs/FieldPos413_Cam01_RGB_MB/FieldPos413_Cam01_RGB_MB_page_9.png,0.025261282920837402
focus_only_topk@k=7,noise,0.01,1.0,0.0011365413665771484,pbs,/home/dineth/focus_measure/datasets/New folder/bma pbf tfa/pbs_imgs/FieldPos413_Cam01_RGB_MB/FieldPos413_Cam01_RGB_MB_page_9.png,0.0011365413665771484
focus_only_topk@k=7,noise,0.02,1.0,0.05850696563720703,pbs,/home/dineth/focus_measure/datasets/New folder/bma pbf tfa/pbs_imgs/FieldPos413_Cam01_RGB_MB/FieldPos413_Cam01_RGB_MB_page_9.png,0.05850696563720703
focus_only_topk@k=7,brightness,0.05,1.0,-0.02755206823348999,pbs,/home/dineth/focus_measure/datasets/New folder/bma pbf tfa/pbs_imgs/FieldPos413_Cam01_RGB_MB/FieldPos413_Cam01_RGB_MB_page_9.png,-0.02755206823348999
focus_only_topk@k=7,brightness,-0.05,1.0,-0.027580678462982178,pbs,/home/dineth/focus_measure/datasets/New folder/bma pbf tfa/pbs_imgs/FieldPos413_Cam01_RGB_MB/FieldPos413_Cam01_RGB_MB_page_9.png,-0.027580678462982178
focus_only_topk@k=7,contrast,0.9,1.0,-0.027491748332977295,pbs,/home/dineth/focus_measure/datasets/New folder/bma pbf tfa/pbs_imgs/FieldPos413_Cam01_RGB_MB/FieldPos413_Cam01_RGB_MB_page_9.png,-0.027491748332977295
focus_only_topk@k=7,contrast,1.1,1.0,-0.027554869651794434,pbs,/home/dineth/focus_measure/datasets/New folder/bma pbf tfa/pbs_imgs/FieldPos413_Cam01_RGB_MB/FieldPos413_Cam01_RGB_MB_page_9.png,-0.027554869651794434
occupancy_only_topk@k=1,blur,0.8,1.0,-0.015071958303451538,pbs,/home/dineth/focus_measure/datasets/New folder/bma pbf tfa/pbs_imgs/FieldPos413_Cam01_RGB_MB/FieldPos413_Cam01_RGB_MB_page_9.png,-0.015071958303451538
occupancy_only_topk@k=1,blur,1.2,1.0,-0.01973026990890503,pbs,/home/dineth/focus_measure/datasets/New folder/bma pbf tfa/pbs_imgs/FieldPos413_Cam01_RGB_MB/FieldPos413_Cam01_RGB_MB_page_9.png,-0.01973026990890503
occupancy_only_topk@k=1,noise,0.01,1.0,0.00040084123611450195,pbs,/home/dineth/focus_measure/datasets/New folder/bma pbf tfa/pbs_imgs/FieldPos413_Cam01_RGB_MB/FieldPos413_Cam01_RGB_MB_page_9.png,0.00040084123611450195
occupancy_only_topk@k=1,noise,0.02,1.0,0.026011884212493896,pbs,/home/dineth/focus_measure/datasets/New folder/bma pbf tfa/pbs_imgs/FieldPos413_Cam01_RGB_MB/FieldPos413_Cam01_RGB_MB_page_9.png,0.026011884212493896
occupancy_only_topk@k=1,brightness,0.05,1.0,0.01112261414527893,pbs,/home/dineth/focus_measure/datasets/New folder/bma pbf tfa/pbs_imgs/FieldPos413_Cam01_RGB_MB/FieldPos413_Cam01_RGB_MB_page_9.png,0.01112261414527893
occupancy_only_topk@k=1,brightness,-0.05,1.0,0.010952115058898926,pbs,/home/dineth/focus_measure/datasets/New folder/bma pbf tfa/pbs_imgs/FieldPos413_Cam01_RGB_MB/FieldPos413_Cam01_RGB_MB_page_9.png,0.010952115058898926
occupancy_only_topk@k=1,contrast,0.9,1.0,0.011011719703674316,pbs,/home/dineth/focus_measure/datasets/New folder/bma pbf tfa/pbs_imgs/FieldPos413_Cam01_RGB_MB/FieldPos413_Cam01_RGB_MB_page_9.png,0.011011719703674316
occupancy_only_topk@k=1,contrast,1.1,1.0,0.010953843593597412,pbs,/home/dineth/focus_measure/datasets/New folder/bma pbf tfa/pbs_imgs/FieldPos413_Cam01_RGB_MB/FieldPos413_Cam01_RGB_MB_page_9.png,0.010953843593597412
occupancy_only_topk@k=3,blur,0.8,1.0,-0.015049099922180176,pbs,/home/dineth/focus_measure/datasets/New folder/bma pbf tfa/pbs_imgs/FieldPos413_Cam01_RGB_MB/FieldPos413_Cam01_RGB_MB_page_9.png,-0.015049099922180176
occupancy_only_topk@k=3,blur,1.2,1.0,-0.019813507795333862,pbs,/home/dineth/focus_measure/datasets/New folder/bma pbf tfa/pbs_imgs/FieldPos413_Cam01_RGB_MB/FieldPos413_Cam01_RGB_MB_page_9.png,-0.019813507795333862
occupancy_only_topk@k=3,noise,0.01,0.5,0.0004475116729736328,pbs,/home/dineth/focus_measure/datasets/New folder/bma pbf tfa/pbs_imgs/FieldPos413_Cam01_RGB_MB/FieldPos413_Cam01_RGB_MB_page_9.png,0.0004475116729736328
occupancy_only_topk@k=3,noise,0.02,0.5,0.0258253812789917,pbs,/home/dineth/focus_measure/datasets/New folder/bma pbf tfa/pbs_imgs/FieldPos413_Cam01_RGB_MB/FieldPos413_Cam01_RGB_MB_page_9.png,0.0258253812789917
occupancy_only_topk@k=3,brightness,0.05,0.5,0.01098659634590149,pbs,/home/dineth/focus_measure/datasets/New folder/bma pbf tfa/pbs_imgs/FieldPos413_Cam01_RGB_MB/FieldPos413_Cam01_RGB_MB_page_9.png,0.01098659634590149
occupancy_only_topk@k=3,brightness,-0.05,0.2,0.010973304510116577,pbs,/home/dineth/focus_measure/datasets/New folder/bma pbf tfa/pbs_imgs/FieldPos413_Cam01_RGB_MB/FieldPos413_Cam01_RGB_MB_page_9.png,0.010973304510116577
occupancy_only_topk@k=3,contrast,0.9,1.0,0.01100611686706543,pbs,/home/dineth/focus_measure/datasets/New folder/bma pbf tfa/pbs_imgs/FieldPos413_Cam01_RGB_MB/FieldPos413_Cam01_RGB_MB_page_9.png,0.01100611686706543
occupancy_only_topk@k=3,contrast,1.1,0.5,0.01097908616065979,pbs,/home/dineth/focus_measure/datasets/New folder/bma pbf tfa/pbs_imgs/FieldPos413_Cam01_RGB_MB/FieldPos413_Cam01_RGB_MB_page_9.png,0.01097908616065979
occupancy_only_topk@k=5,blur,0.8,1.0,-0.009798824787139893,pbs,/home/dineth/focus_measure/datasets/New folder/bma pbf tfa/pbs_imgs/FieldPos413_Cam01_RGB_MB/FieldPos413_Cam01_RGB_MB_page_9.png,-0.009798824787139893
occupancy_only_topk@k=5,blur,1.2,1.0,-0.014457166194915771,pbs,/home/dineth/focus_measure/datasets/New folder/bma pbf tfa/pbs_imgs/FieldPos413_Cam01_RGB_MB/FieldPos413_Cam01_RGB_MB_page_9.png,-0.014457166194915771
occupancy_only_topk@k=5,noise,0.01,1.0,-0.02075093984603882,pbs,/home/dineth/focus_measure/datasets/New folder/bma pbf tfa/pbs_imgs/FieldPos413_Cam01_RGB_MB/FieldPos413_Cam01_RGB_MB_page_9.png,-0.02075093984603882
occupancy_only_topk@k=5,noise,0.02,0.42857142857142855,0.023139774799346924,pbs,/home/dineth/focus_measure/datasets/New folder/bma pbf tfa/pbs_imgs/FieldPos413_Cam01_RGB_MB/FieldPos413_Cam01_RGB_MB_page_9.png,0.023139774799346924
occupancy_only_topk@k=5,brightness,0.05,0.6666666666666666,0.01967090368270874,pbs,/home/dineth/focus_measure/datasets/New folder/bma pbf tfa/pbs_imgs/FieldPos413_Cam01_RGB_MB/FieldPos413_Cam01_RGB_MB_page_9.png,0.01967090368270874
occupancy_only_topk@k=5,brightness,-0.05,0.25,0.01963520050048828,pbs,/home/dineth/focus_measure/datasets/New folder/bma pbf tfa/pbs_imgs/FieldPos413_Cam01_RGB_MB/FieldPos413_Cam01_RGB_MB_page_9.png,0.01963520050048828
occupancy_only_topk@k=5,contrast,0.9,1.0,-0.001887977123260498,pbs,/home/dineth/focus_measure/datasets/New folder/bma pbf tfa/pbs_imgs/FieldPos413_Cam01_RGB_MB/FieldPos413_Cam01_RGB_MB_page_9.png,-0.001887977123260498
occupancy_only_topk@k=5,contrast,1.1,0.6666666666666666,0.019636154174804688,pbs,/home/dineth/focus_measure/datasets/New folder/bma pbf tfa/pbs_imgs/FieldPos413_Cam01_RGB_MB/FieldPos413_Cam01_RGB_MB_page_9.png,0.019636154174804688
occupancy_only_topk@k=7,blur,0.8,1.0,-0.009798824787139893,pbs,/home/dineth/focus_measure/datasets/New folder/bma pbf tfa/pbs_imgs/FieldPos413_Cam01_RGB_MB/FieldPos413_Cam01_RGB_MB_page_9.png,-0.009798824787139893
occupancy_only_topk@k=7,blur,1.2,1.0,-0.014457166194915771,pbs,/home/dineth/focus_measure/datasets/New folder/bma pbf tfa/pbs_imgs/FieldPos413_Cam01_RGB_MB/FieldPos413_Cam01_RGB_MB_page_9.png,-0.014457166194915771
occupancy_only_topk@k=7,noise,0.01,1.0,-0.02075093984603882,pbs,/home/dineth/focus_measure/datasets/New folder/bma pbf tfa/pbs_imgs/FieldPos413_Cam01_RGB_MB/FieldPos413_Cam01_RGB_MB_page_9.png,-0.02075093984603882
occupancy_only_topk@k=7,noise,0.02,0.75,0.03128260374069214,pbs,/home/dineth/focus_measure/datasets/New folder/bma pbf tfa/pbs_imgs/FieldPos413_Cam01_RGB_MB/FieldPos413_Cam01_RGB_MB_page_9.png,0.03128260374069214
occupancy_only_topk@k=7,brightness,0.05,0.75,0.01967090368270874,pbs,/home/dineth/focus_measure/datasets/New folder/bma pbf tfa/pbs_imgs/FieldPos413_Cam01_RGB_MB/FieldPos413_Cam01_RGB_MB_page_9.png,0.01967090368270874
occupancy_only_topk@k=7,brightness,-0.05,0.5555555555555556,0.01622435450553894,pbs,/home/dineth/focus_measure/datasets/New folder/bma pbf tfa/pbs_imgs/FieldPos413_Cam01_RGB_MB/FieldPos413_Cam01_RGB_MB_page_9.png,0.01622435450553894
occupancy_only_topk@k=7,contrast,0.9,0.75,-0.001887977123260498,pbs,/home/dineth/focus_measure/datasets/New folder/bma pbf tfa/pbs_imgs/FieldPos413_Cam01_RGB_MB/FieldPos413_Cam01_RGB_MB_page_9.png,-0.001887977123260498
occupancy_only_topk@k=7,contrast,1.1,0.75,0.01623636484146118,pbs,/home/dineth/focus_measure/datasets/New folder/bma pbf tfa/pbs_imgs/FieldPos413_Cam01_RGB_MB/FieldPos413_Cam01_RGB_MB_page_9.png,0.01623636484146118
hybrid_proposed,blur,0.8,0.9649122807017544,0.016959965229034424,pbs,/home/dineth/focus_measure/datasets/New folder/bma pbf tfa/pbs_imgs/FieldPos413_Cam01_RGB_MB/FieldPos413_Cam01_RGB_MB_page_9.png,0.016959965229034424
hybrid_proposed,blur,1.2,0.9649122807017544,-0.0020896196365356445,pbs,/home/dineth/focus_measure/datasets/New folder/bma pbf tfa/pbs_imgs/FieldPos413_Cam01_RGB_MB/FieldPos413_Cam01_RGB_MB_page_9.png,-0.0020896196365356445
hybrid_proposed,noise,0.01,0.9649122807017544,0.004451274871826172,pbs,/home/dineth/focus_measure/datasets/New folder/bma pbf tfa/pbs_imgs/FieldPos413_Cam01_RGB_MB/FieldPos413_Cam01_RGB_MB_page_9.png,0.004451274871826172
hybrid_proposed,noise,0.02,0.9649122807017544,0.18312007188796997,pbs,/home/dineth/focus_measure/datasets/New folder/bma pbf tfa/pbs_imgs/FieldPos413_Cam01_RGB_MB/FieldPos413_Cam01_RGB_MB_page_9.png,0.18312007188796997
hybrid_proposed,brightness,0.05,0.9649122807017544,0.002526998519897461,pbs,/home/dineth/focus_measure/datasets/New folder/bma pbf tfa/pbs_imgs/FieldPos413_Cam01_RGB_MB/FieldPos413_Cam01_RGB_MB_page_9.png,0.002526998519897461
hybrid_proposed,brightness,-0.05,0.9310344827586207,0.0014291107654571533,pbs,/home/dineth/focus_measure/datasets/New folder/bma pbf tfa/pbs_imgs/FieldPos413_Cam01_RGB_MB/FieldPos413_Cam01_RGB_MB_page_9.png,0.0014291107654571533
hybrid_proposed,contrast,0.9,0.9649122807017544,0.002529144287109375,pbs,/home/dineth/focus_measure/datasets/New folder/bma pbf tfa/pbs_imgs/FieldPos413_Cam01_RGB_MB/FieldPos413_Cam01_RGB_MB_page_9.png,0.002529144287109375
hybrid_proposed,contrast,1.1,0.9649122807017544,0.001319587230682373,pbs,/home/dineth/focus_measure/datasets/New folder/bma pbf tfa/pbs_imgs/FieldPos413_Cam01_RGB_MB/FieldPos413_Cam01_RGB_MB_page_9.png,0.001319587230682373
all_rois,blur,0.8,1.0,0.040850043296813965,pbs,/home/dineth/focus_measure/datasets/New folder/bma pbf tfa/pbs_imgs/FieldPos413_Cam01_RGB_MB/FieldPos413_Cam01_RGB_MB_page_9.png,0.040850043296813965
all_rois,blur,1.2,1.0,0.024227678775787354,pbs,/home/dineth/focus_measure/datasets/New folder/bma pbf tfa/pbs_imgs/FieldPos413_Cam01_RGB_MB/FieldPos413_Cam01_RGB_MB_page_9.png,0.024227678775787354
all_rois,noise,0.01,1.0,0.01147836446762085,pbs,/home/dineth/focus_measure/datasets/New folder/bma pbf tfa/pbs_imgs/FieldPos413_Cam01_RGB_MB/FieldPos413_Cam01_RGB_MB_page_9.png,0.01147836446762085
all_rois,noise,0.02,1.0,0.26719415187835693,pbs,/home/dineth/focus_measure/datasets/New folder/bma pbf tfa/pbs_imgs/FieldPos413_Cam01_RGB_MB/FieldPos413_Cam01_RGB_MB_page_9.png,0.26719415187835693
all_rois,brightness,0.05,1.0,0.021469712257385254,pbs,/home/dineth/focus_measure/datasets/New folder/bma pbf tfa/pbs_imgs/FieldPos413_Cam01_RGB_MB/FieldPos413_Cam01_RGB_MB_page_9.png,0.021469712257385254
all_rois,brightness,-0.05,1.0,0.021477878093719482,pbs,/home/dineth/focus_measure/datasets/New folder/bma pbf tfa/pbs_imgs/FieldPos413_Cam01_RGB_MB/FieldPos413_Cam01_RGB_MB_page_9.png,0.021477878093719482
all_rois,contrast,0.9,1.0,0.021555066108703613,pbs,/home/dineth/focus_measure/datasets/New folder/bma pbf tfa/pbs_imgs/FieldPos413_Cam01_RGB_MB/FieldPos413_Cam01_RGB_MB_page_9.png,0.021555066108703613
all_rois,contrast,1.1,1.0,0.021411895751953125,pbs,/home/dineth/focus_measure/datasets/New folder/bma pbf tfa/pbs_imgs/FieldPos413_Cam01_RGB_MB/FieldPos413_Cam01_RGB_MB_page_9.png,0.021411895751953125
cnn_adaptive,blur,0.8,0.9649122807017544,0.016959965229034424,pbs,/home/dineth/focus_measure/datasets/New folder/bma pbf tfa/pbs_imgs/FieldPos413_Cam01_RGB_MB/FieldPos413_Cam01_RGB_MB_page_9.png,0.016959965229034424
cnn_adaptive,blur,1.2,0.9649122807017544,-0.0020896196365356445,pbs,/home/dineth/focus_measure/datasets/New folder/bma pbf tfa/pbs_imgs/FieldPos413_Cam01_RGB_MB/FieldPos413_Cam01_RGB_MB_page_9.png,-0.0020896196365356445
cnn_adaptive,noise,0.01,0.9649122807017544,0.004451274871826172,pbs,/home/dineth/focus_measure/datasets/New folder/bma pbf tfa/pbs_imgs/FieldPos413_Cam01_RGB_MB/FieldPos413_Cam01_RGB_MB_page_9.png,0.004451274871826172
cnn_adaptive,noise,0.02,0.9649122807017544,0.18312007188796997,pbs,/home/dineth/focus_measure/datasets/New folder/bma pbf tfa/pbs_imgs/FieldPos413_Cam01_RGB_MB/FieldPos413_Cam01_RGB_MB_page_9.png,0.18312007188796997
cnn_adaptive,brightness,0.05,0.9649122807017544,0.002526998519897461,pbs,/home/dineth/focus_measure/datasets/New folder/bma pbf tfa/pbs_imgs/FieldPos413_Cam01_RGB_MB/FieldPos413_Cam01_RGB_MB_page_9.png,0.002526998519897461
cnn_adaptive,brightness,-0.05,0.9310344827586207,0.0014291107654571533,pbs,/home/dineth/focus_measure/datasets/New folder/bma pbf tfa/pbs_imgs/FieldPos413_Cam01_RGB_MB/FieldPos413_Cam01_RGB_MB_page_9.png,0.0014291107654571533
cnn_adaptive,contrast,0.9,0.9649122807017544,0.002529144287109375,pbs,/home/dineth/focus_measure/datasets/New folder/bma pbf tfa/pbs_imgs/FieldPos413_Cam01_RGB_MB/FieldPos413_Cam01_RGB_MB_page_9.png,0.002529144287109375
cnn_adaptive,contrast,1.1,0.9649122807017544,0.001319587230682373,pbs,/home/dineth/focus_measure/datasets/New folder/bma pbf tfa/pbs_imgs/FieldPos413_Cam01_RGB_MB/FieldPos413_Cam01_RGB_MB_page_9.png,0.001319587230682373
center_top1,blur,0.8,1.0,0.0009444952011108398,pbs,/home/dineth/focus_measure/datasets/New folder/bma pbf tfa/pbs_imgs/FieldPos427_Cam01_RGB_MB/FieldPos427_Cam01_RGB_MB_page_10.png,0.0009444952011108398
center_top1,blur,1.2,1.0,0.07498449087142944,pbs,/home/dineth/focus_measure/datasets/New folder/bma pbf tfa/pbs_imgs/FieldPos427_Cam01_RGB_MB/FieldPos427_Cam01_RGB_MB_page_10.png,0.07498449087142944
center_top1,noise,0.01,1.0,0.026047885417938232,pbs,/home/dineth/focus_measure/datasets/New folder/bma pbf tfa/pbs_imgs/FieldPos427_Cam01_RGB_MB/FieldPos427_Cam01_RGB_MB_page_10.png,0.026047885417938232
center_top1,noise,0.02,1.0,0.3123628497123718,pbs,/home/dineth/focus_measure/datasets/New folder/bma pbf tfa/pbs_imgs/FieldPos427_Cam01_RGB_MB/FieldPos427_Cam01_RGB_MB_page_10.png,0.3123628497123718
center_top1,brightness,0.05,1.0,-0.07593166828155518,pbs,/home/dineth/focus_measure/datasets/New folder/bma pbf tfa/pbs_imgs/FieldPos427_Cam01_RGB_MB/FieldPos427_Cam01_RGB_MB_page_10.png,-0.07593166828155518
center_top1,brightness,-0.05,1.0,-0.07601410150527954,pbs,/home/dineth/focus_measure/datasets/New folder/bma pbf tfa/pbs_imgs/FieldPos427_Cam01_RGB_MB/FieldPos427_Cam01_RGB_MB_page_10.png,-0.07601410150527954
center_top1,contrast,0.9,1.0,-0.07583212852478027,pbs,/home/dineth/focus_measure/datasets/New folder/bma pbf tfa/pbs_imgs/FieldPos427_Cam01_RGB_MB/FieldPos427_Cam01_RGB_MB_page_10.png,-0.07583212852478027
center_top1,contrast,1.1,1.0,-0.07596331834793091,pbs,/home/dineth/focus_measure/datasets/New folder/bma pbf tfa/pbs_imgs/FieldPos427_Cam01_RGB_MB/FieldPos427_Cam01_RGB_MB_page_10.png,-0.07596331834793091
random_k@k=1,blur,0.8,1.0,0.1403988003730774,pbs,/home/dineth/focus_measure/datasets/New folder/bma pbf tfa/pbs_imgs/FieldPos427_Cam01_RGB_MB/FieldPos427_Cam01_RGB_MB_page_10.png,0.1403988003730774
random_k@k=1,blur,1.2,1.0,0.1716446876525879,pbs,/home/dineth/focus_measure/datasets/New folder/bma pbf tfa/pbs_imgs/FieldPos427_Cam01_RGB_MB/FieldPos427_Cam01_RGB_MB_page_10.png,0.1716446876525879
random_k@k=1,noise,0.01,1.0,0.36600446701049805,pbs,/home/dineth/focus_measure/datasets/New folder/bma pbf tfa/pbs_imgs/FieldPos427_Cam01_RGB_MB/FieldPos427_Cam01_RGB_MB_page_10.png,0.36600446701049805
random_k@k=1,noise,0.02,1.0,0.39946597814559937,pbs,/home/dineth/focus_measure/datasets/New folder/bma pbf tfa/pbs_imgs/FieldPos427_Cam01_RGB_MB/FieldPos427_Cam01_RGB_MB_page_10.png,0.39946597814559937
random_k@k=1,brightness,0.05,1.0,0.11561191082000732,pbs,/home/dineth/focus_measure/datasets/New folder/bma pbf tfa/pbs_imgs/FieldPos427_Cam01_RGB_MB/FieldPos427_Cam01_RGB_MB_page_10.png,0.11561191082000732
random_k@k=1,brightness,-0.05,1.0,0.1155327558517456,pbs,/home/dineth/focus_measure/datasets/New folder/bma pbf tfa/pbs_imgs/FieldPos427_Cam01_RGB_MB/FieldPos427_Cam01_RGB_MB_page_10.png,0.1155327558517456
random_k@k=1,contrast,0.9,1.0,0.11572003364562988,pbs,/home/dineth/focus_measure/datasets/New folder/bma pbf tfa/pbs_imgs/FieldPos427_Cam01_RGB_MB/FieldPos427_Cam01_RGB_MB_page_10.png,0.11572003364562988
random_k@k=1,contrast,1.1,1.0,0.11563318967819214,pbs,/home/dineth/focus_measure/datasets/New folder/bma pbf tfa/pbs_imgs/FieldPos427_Cam01_RGB_MB/FieldPos427_Cam01_RGB_MB_page_10.png,0.11563318967819214
random_k@k=3,blur,0.8,1.0,0.15540862083435059,pbs,/home/dineth/focus_measure/datasets/New folder/bma pbf tfa/pbs_imgs/FieldPos427_Cam01_RGB_MB/FieldPos427_Cam01_RGB_MB_page_10.png,0.15540862083435059
random_k@k=3,blur,1.2,1.0,0.25816357135772705,pbs,/home/dineth/focus_measure/datasets/New folder/bma pbf tfa/pbs_imgs/FieldPos427_Cam01_RGB_MB/FieldPos427_Cam01_RGB_MB_page_10.png,0.25816357135772705
random_k@k=3,noise,0.01,1.0,0.2589915990829468,pbs,/home/dineth/focus_measure/datasets/New folder/bma pbf tfa/pbs_imgs/FieldPos427_Cam01_RGB_MB/FieldPos427_Cam01_RGB_MB_page_10.png,0.2589915990829468
random_k@k=3,noise,0.02,1.0,0.32419639825820923,pbs,/home/dineth/focus_measure/datasets/New folder/bma pbf tfa/pbs_imgs/FieldPos427_Cam01_RGB_MB/FieldPos427_Cam01_RGB_MB_page_10.png,0.32419639825820923
random_k@k=3,brightness,0.05,1.0,0.07046771049499512,pbs,/home/dineth/focus_measure/datasets/New folder/bma pbf tfa/pbs_imgs/FieldPos427_Cam01_RGB_MB/FieldPos427_Cam01_RGB_MB_page_10.png,0.07046771049499512
random_k@k=3,brightness,-0.05,1.0,0.07045364379882812,pbs,/home/dineth/focus_measure/datasets/New folder/bma pbf tfa/pbs_imgs/FieldPos427_Cam01_RGB_MB/FieldPos427_Cam01_RGB_MB_page_10.png,0.07045364379882812
random_k@k=3,contrast,0.9,1.0,0.07051056623458862,pbs,/home/dineth/focus_measure/datasets/New folder/bma pbf tfa/pbs_imgs/FieldPos427_Cam01_RGB_MB/FieldPos427_Cam01_RGB_MB_page_10.png,0.07051056623458862
random_k@k=3,contrast,1.1,1.0,0.07055360078811646,pbs,/home/dineth/focus_measure/datasets/New folder/bma pbf tfa/pbs_imgs/FieldPos427_Cam01_RGB_MB/FieldPos427_Cam01_RGB_MB_page_10.png,0.07055360078811646
random_k@k=5,blur,0.8,1.0,0.09595519304275513,pbs,/home/dineth/focus_measure/datasets/New folder/bma pbf tfa/pbs_imgs/FieldPos427_Cam01_RGB_MB/FieldPos427_Cam01_RGB_MB_page_10.png,0.09595519304275513
random_k@k=5,blur,1.2,1.0,0.1774095892906189,pbs,/home/dineth/focus_measure/datasets/New folder/bma pbf tfa/pbs_imgs/FieldPos427_Cam01_RGB_MB/FieldPos427_Cam01_RGB_MB_page_10.png,0.1774095892906189
random_k@k=5,noise,0.01,1.0,0.13405901193618774,pbs,/home/dineth/focus_measure/datasets/New folder/bma pbf tfa/pbs_imgs/FieldPos427_Cam01_RGB_MB/FieldPos427_Cam01_RGB_MB_page_10.png,0.13405901193618774
random_k@k=5,noise,0.02,1.0,0.25830894708633423,pbs,/home/dineth/focus_measure/datasets/New folder/bma pbf tfa/pbs_imgs/FieldPos427_Cam01_RGB_MB/FieldPos427_Cam01_RGB_MB_page_10.png,0.25830894708633423
random_k@k=5,brightness,0.05,1.0,0.011085331439971924,pbs,/home/dineth/focus_measure/datasets/New folder/bma pbf tfa/pbs_imgs/FieldPos427_Cam01_RGB_MB/FieldPos427_Cam01_RGB_MB_page_10.png,0.011085331439971924
random_k@k=5,brightness,-0.05,1.0,0.011075019836425781,pbs,/home/dineth/focus_measure/datasets/New folder/bma pbf tfa/pbs_imgs/FieldPos427_Cam01_RGB_MB/FieldPos427_Cam01_RGB_MB_page_10.png,0.011075019836425781
random_k@k=5,contrast,0.9,1.0,0.011085033416748047,pbs,/home/dineth/focus_measure/datasets/New folder/bma pbf tfa/pbs_imgs/FieldPos427_Cam01_RGB_MB/FieldPos427_Cam01_RGB_MB_page_10.png,0.011085033416748047
random_k@k=5,contrast,1.1,1.0,0.01100623607635498,pbs,/home/dineth/focus_measure/datasets/New folder/bma pbf tfa/pbs_imgs/FieldPos427_Cam01_RGB_MB/FieldPos427_Cam01_RGB_MB_page_10.png,0.01100623607635498
random_k@k=7,blur,0.8,1.0,0.24777281284332275,pbs,/home/dineth/focus_measure/datasets/New folder/bma pbf tfa/pbs_imgs/FieldPos427_Cam01_RGB_MB/FieldPos427_Cam01_RGB_MB_page_10.png,0.24777281284332275
random_k@k=7,blur,1.2,1.0,0.3292272090911865,pbs,/home/dineth/focus_measure/datasets/New folder/bma pbf tfa/pbs_imgs/FieldPos427_Cam01_RGB_MB/FieldPos427_Cam01_RGB_MB_page_10.png,0.3292272090911865
random_k@k=7,noise,0.01,1.0,0.28587663173675537,pbs,/home/dineth/focus_measure/datasets/New folder/bma pbf tfa/pbs_imgs/FieldPos427_Cam01_RGB_MB/FieldPos427_Cam01_RGB_MB_page_10.png,0.28587663173675537
random_k@k=7,noise,0.02,1.0,0.41012656688690186,pbs,/home/dineth/focus_measure/datasets/New folder/bma pbf tfa/pbs_imgs/FieldPos427_Cam01_RGB_MB/FieldPos427_Cam01_RGB_MB_page_10.png,0.41012656688690186
random_k@k=7,brightness,0.05,1.0,0.16290295124053955,pbs,/home/dineth/focus_measure/datasets/New folder/bma pbf tfa/pbs_imgs/FieldPos427_Cam01_RGB_MB/FieldPos427_Cam01_RGB_MB_page_10.png,0.16290295124053955
random_k@k=7,brightness,-0.05,1.0,0.1628926396369934,pbs,/home/dineth/focus_measure/datasets/New folder/bma pbf tfa/pbs_imgs/FieldPos427_Cam01_RGB_MB/FieldPos427_Cam01_RGB_MB_page_10.png,0.1628926396369934
random_k@k=7,contrast,0.9,1.0,0.16290265321731567,pbs,/home/dineth/focus_measure/datasets/New folder/bma pbf tfa/pbs_imgs/FieldPos427_Cam01_RGB_MB/FieldPos427_Cam01_RGB_MB_page_10.png,0.16290265321731567
random_k@k=7,contrast,1.1,1.0,0.1628238558769226,pbs,/home/dineth/focus_measure/datasets/New folder/bma pbf tfa/pbs_imgs/FieldPos427_Cam01_RGB_MB/FieldPos427_Cam01_RGB_MB_page_10.png,0.1628238558769226
focus_only_topk@k=1,blur,0.8,1.0,0.016432523727416992,pbs,/home/dineth/focus_measure/datasets/New folder/bma pbf tfa/pbs_imgs/FieldPos427_Cam01_RGB_MB/FieldPos427_Cam01_RGB_MB_page_10.png,0.016432523727416992
focus_only_topk@k=1,blur,1.2,1.0,0.06772297620773315,pbs,/home/dineth/focus_measure/datasets/New folder/bma pbf tfa/pbs_imgs/FieldPos427_Cam01_RGB_MB/FieldPos427_Cam01_RGB_MB_page_10.png,0.06772297620773315
focus_only_topk@k=1,noise,0.01,1.0,0.26880455017089844,pbs,/home/dineth/focus_measure/datasets/New folder/bma pbf tfa/pbs_imgs/FieldPos427_Cam01_RGB_MB/FieldPos427_Cam01_RGB_MB_page_10.png,0.26880455017089844
focus_only_topk@k=1,noise,0.02,1.0,0.8857640027999878,pbs,/home/dineth/focus_measure/datasets/New folder/bma pbf tfa/pbs_imgs/FieldPos427_Cam01_RGB_MB/FieldPos427_Cam01_RGB_MB_page_10.png,0.8857640027999878
focus_only_topk@k=1,brightness,0.05,1.0,0.013248085975646973,pbs,/home/dineth/focus_measure/datasets/New folder/bma pbf tfa/pbs_imgs/FieldPos427_Cam01_RGB_MB/FieldPos427_Cam01_RGB_MB_page_10.png,0.013248085975646973
focus_only_topk@k=1,brightness,-0.05,1.0,0.013170421123504639,pbs,/home/dineth/focus_measure/datasets/New folder/bma pbf tfa/pbs_imgs/FieldPos427_Cam01_RGB_MB/FieldPos427_Cam01_RGB_MB_page_10.png,0.013170421123504639
focus_only_topk@k=1,contrast,0.9,1.0,0.01319807767868042,pbs,/home/dineth/focus_measure/datasets/New folder/bma pbf tfa/pbs_imgs/FieldPos427_Cam01_RGB_MB/FieldPos427_Cam01_RGB_MB_page_10.png,0.01319807767868042
focus_only_topk@k=1,contrast,1.1,1.0,0.013202369213104248,pbs,/home/dineth/focus_measure/datasets/New folder/bma pbf tfa/pbs_imgs/FieldPos427_Cam01_RGB_MB/FieldPos427_Cam01_RGB_MB_page_10.png,0.013202369213104248
focus_only_topk@k=3,blur,0.8,0.2,0.13922786712646484,pbs,/home/dineth/focus_measure/datasets/New folder/bma pbf tfa/pbs_imgs/FieldPos427_Cam01_RGB_MB/FieldPos427_Cam01_RGB_MB_page_10.png,0.13922786712646484
focus_only_topk@k=3,blur,1.2,0.2,0.28081899881362915,pbs,/home/dineth/focus_measure/datasets/New folder/bma pbf tfa/pbs_imgs/FieldPos427_Cam01_RGB_MB/FieldPos427_Cam01_RGB_MB_page_10.png,0.28081899881362915
focus_only_topk@k=3,noise,0.01,1.0,0.2690575122833252,pbs,/home/dineth/focus_measure/datasets/New folder/bma pbf tfa/pbs_imgs/FieldPos427_Cam01_RGB_MB/FieldPos427_Cam01_RGB_MB_page_10.png,0.2690575122833252
focus_only_topk@k=3,noise,0.02,1.0,0.8858786821365356,pbs,/home/dineth/focus_measure/datasets/New folder/bma pbf tfa/pbs_imgs/FieldPos427_Cam01_RGB_MB/FieldPos427_Cam01_RGB_MB_page_10.png,0.8858786821365356
focus_only_topk@k=3,brightness,0.05,1.0,0.05508887767791748,pbs,/home/dineth/focus_measure/datasets/New folder/bma pbf tfa/pbs_imgs/FieldPos427_Cam01_RGB_MB/FieldPos427_Cam01_RGB_MB_page_10.png,0.05508887767791748
focus_only_topk@k=3,brightness,-0.05,1.0,0.05509597063064575,pbs,/home/dineth/focus_measure/datasets/New folder/bma pbf tfa/pbs_imgs/FieldPos427_Cam01_RGB_MB/FieldPos427_Cam01_RGB_MB_page_10.png,0.05509597063064575
focus_only_topk@k=3,contrast,0.9,0.5,0.05514800548553467,pbs,/home/dineth/focus_measure/datasets/New folder/bma pbf tfa/pbs_imgs/FieldPos427_Cam01_RGB_MB/FieldPos427_Cam01_RGB_MB_page_10.png,0.05514800548553467
focus_only_topk@k=3,contrast,1.1,1.0,0.05522966384887695,pbs,/home/dineth/focus_measure/datasets/New folder/bma pbf tfa/pbs_imgs/FieldPos427_Cam01_RGB_MB/FieldPos427_Cam01_RGB_MB_page_10.png,0.05522966384887695
focus_only_topk@k=5,blur,0.8,0.25,0.10740900039672852,pbs,/home/dineth/focus_measure/datasets/New folder/bma pbf tfa/pbs_imgs/FieldPos427_Cam01_RGB_MB/FieldPos427_Cam01_RGB_MB_page_10.png,0.10740900039672852
focus_only_topk@k=5,blur,1.2,0.25,0.248573899269104,pbs,/home/dineth/focus_measure/datasets/New folder/bma pbf tfa/pbs_imgs/FieldPos427_Cam01_RGB_MB/FieldPos427_Cam01_RGB_MB_page_10.png,0.248573899269104
focus_only_topk@k=5,noise,0.01,1.0,0.23039841651916504,pbs,/home/dineth/focus_measure/datasets/New folder/bma pbf tfa/pbs_imgs/FieldPos427_Cam01_RGB_MB/FieldPos427_Cam01_RGB_MB_page_10.png,0.23039841651916504
focus_only_topk@k=5,noise,0.02,0.6666666666666666,0.6656210422515869,pbs,/home/dineth/focus_measure/datasets/New folder/bma pbf tfa/pbs_imgs/FieldPos427_Cam01_RGB_MB/FieldPos427_Cam01_RGB_MB_page_10.png,0.6656210422515869
focus_only_topk@k=5,brightness,0.05,1.0,0.02331829071044922,pbs,/home/dineth/focus_measure/datasets/New folder/bma pbf tfa/pbs_imgs/FieldPos427_Cam01_RGB_MB/FieldPos427_Cam01_RGB_MB_page_10.png,0.02331829071044922
focus_only_topk@k=5,brightness,-0.05,1.0,0.023161232471466064,pbs,/home/dineth/focus_measure/datasets/New folder/bma pbf tfa/pbs_imgs/FieldPos427_Cam01_RGB_MB/FieldPos427_Cam01_RGB_MB_page_10.png,0.023161232471466064
focus_only_topk@k=5,contrast,0.9,0.25,0.08694112300872803,pbs,/home/dineth/focus_measure/datasets/New folder/bma pbf tfa/pbs_imgs/FieldPos427_Cam01_RGB_MB/FieldPos427_Cam01_RGB_MB_page_10.png,0.08694112300872803
focus_only_topk@k=5,contrast,1.1,1.0,0.02317500114440918,pbs,/home/dineth/focus_measure/datasets/New folder/bma pbf tfa/pbs_imgs/FieldPos427_Cam01_RGB_MB/FieldPos427_Cam01_RGB_MB_page_10.png,0.02317500114440918
focus_only_topk@k=7,blur,0.8,0.4,0.10740900039672852,pbs,/home/dineth/focus_measure/datasets/New folder/bma pbf tfa/pbs_imgs/FieldPos427_Cam01_RGB_MB/FieldPos427_Cam01_RGB_MB_page_10.png,0.10740900039672852
focus_only_topk@k=7,blur,1.2,0.2727272727272727,0.2500671148300171,pbs,/home/dineth/focus_measure/datasets/New folder/bma pbf tfa/pbs_imgs/FieldPos427_Cam01_RGB_MB/FieldPos427_Cam01_RGB_MB_page_10.png,0.2500671148300171
focus_only_topk@k=7,noise,0.01,1.0,0.16806834936141968,pbs,/home/dineth/focus_measure/datasets/New folder/bma pbf tfa/pbs_imgs/FieldPos427_Cam01_RGB_MB/FieldPos427_Cam01_RGB_MB_page_10.png,0.16806834936141968
focus_only_topk@k=7,noise,0.02,1.0,0.536612868309021,pbs,/home/dineth/focus_measure/datasets/New folder/bma pbf tfa/pbs_imgs/FieldPos427_Cam01_RGB_MB/FieldPos427_Cam01_RGB_MB_page_10.png,0.536612868309021
focus_only_topk@k=7,brightness,0.05,1.0,0.02331829071044922,pbs,/home/dineth/focus_measure/datasets/New folder/bma pbf tfa/pbs_imgs/FieldPos427_Cam01_RGB_MB/FieldPos427_Cam01_RGB_MB_page_10.png,0.02331829071044922
focus_only_topk@k=7,brightness,-0.05,1.0,0.023161232471466064,pbs,/home/dineth/focus_measure/datasets/New folder/bma pbf tfa/pbs_imgs/FieldPos427_Cam01_RGB_MB/FieldPos427_Cam01_RGB_MB_page_10.png,0.023161232471466064
focus_only_topk@k=7,contrast,0.9,0.4,0.08694112300872803,pbs,/home/dineth/focus_measure/datasets/New folder/bma pbf tfa/pbs_imgs/FieldPos427_Cam01_RGB_MB/FieldPos427_Cam01_RGB_MB_page_10.png,0.08694112300872803
focus_only_topk@k=7,contrast,1.1,1.0,0.02317500114440918,pbs,/home/dineth/focus_measure/datasets/New folder/bma pbf tfa/pbs_imgs/FieldPos427_Cam01_RGB_MB/FieldPos427_Cam01_RGB_MB_page_10.png,0.02317500114440918
occupancy_only_topk@k=1,blur,0.8,1.0,0.016432523727416992,pbs,/home/dineth/focus_measure/datasets/New folder/bma pbf tfa/pbs_imgs/FieldPos427_Cam01_RGB_MB/FieldPos427_Cam01_RGB_MB_page_10.png,0.016432523727416992
occupancy_only_topk@k=1,blur,1.2,1.0,0.06772297620773315,pbs,/home/dineth/focus_measure/datasets/New folder/bma pbf tfa/pbs_imgs/FieldPos427_Cam01_RGB_MB/FieldPos427_Cam01_RGB_MB_page_10.png,0.06772297620773315
occupancy_only_topk@k=1,noise,0.01,1.0,0.26880455017089844,pbs,/home/dineth/focus_measure/datasets/New folder/bma pbf tfa/pbs_imgs/FieldPos427_Cam01_RGB_MB/FieldPos427_Cam01_RGB_MB_page_10.png,0.26880455017089844
occupancy_only_topk@k=1,noise,0.02,0.0,0.14265459775924683,pbs,/home/dineth/focus_measure/datasets/New folder/bma pbf tfa/pbs_imgs/FieldPos427_Cam01_RGB_MB/FieldPos427_Cam01_RGB_MB_page_10.png,0.14265459775924683
occupancy_only_topk@k=1,brightness,0.05,0.0,0.13645601272583008,pbs,/home/dineth/focus_measure/datasets/New folder/bma pbf tfa/pbs_imgs/FieldPos427_Cam01_RGB_MB/FieldPos427_Cam01_RGB_MB_page_10.png,0.13645601272583008
occupancy_only_topk@k=1,brightness,-0.05,1.0,0.013170421123504639,pbs,/home/dineth/focus_measure/datasets/New folder/bma pbf tfa/pbs_imgs/FieldPos427_Cam01_RGB_MB/FieldPos427_Cam01_RGB_MB_page_10.png,0.013170421123504639
occupancy_only_topk@k=1,contrast,0.9,0.0,0.13641619682312012,pbs,/home/dineth/focus_measure/datasets/New folder/bma pbf tfa/pbs_imgs/FieldPos427_Cam01_RGB_MB/FieldPos427_Cam01_RGB_MB_page_10.png,0.13641619682312012
occupancy_only_topk@k=1,contrast,1.1,1.0,0.013202369213104248,pbs,/home/dineth/focus_measure/datasets/New folder/bma pbf tfa/pbs_imgs/FieldPos427_Cam01_RGB_MB/FieldPos427_Cam01_RGB_MB_page_10.png,0.013202369213104248
occupancy_only_topk@k=3,blur,0.8,1.0,0.25702619552612305,pbs,/home/dineth/focus_measure/datasets/New folder/bma pbf tfa/pbs_imgs/FieldPos427_Cam01_RGB_MB/FieldPos427_Cam01_RGB_MB_page_10.png,0.25702619552612305
occupancy_only_topk@k=3,blur,1.2,1.0,0.32505130767822266,pbs,/home/dineth/focus_measure/datasets/New folder/bma pbf tfa/pbs_imgs/FieldPos427_Cam01_RGB_MB/FieldPos427_Cam01_RGB_MB_page_10.png,0.32505130767822266
occupancy_only_topk@k=3,noise,0.01,0.5,0.20001137256622314,pbs,/home/dineth/focus_measure/datasets/New folder/bma pbf tfa/pbs_imgs/FieldPos427_Cam01_RGB_MB/FieldPos427_Cam01_RGB_MB_page_10.png,0.20001137256622314
occupancy_only_topk@k=3,noise,0.02,0.5,0.5684764385223389,pbs,/home/dineth/focus_measure/datasets/New folder/bma pbf tfa/pbs_imgs/FieldPos427_Cam01_RGB_MB/FieldPos427_Cam01_RGB_MB_page_10.png,0.5684764385223389
occupancy_only_topk@k=3,brightness,0.05,1.0,0.01326453685760498,pbs,/home/dineth/focus_measure/datasets/New folder/bma pbf tfa/pbs_imgs/FieldPos427_Cam01_RGB_MB/FieldPos427_Cam01_RGB_MB_page_10.png,0.01326453685760498
occupancy_only_topk@k=3,brightness,-0.05,0.5,0.03575557470321655,pbs,/home/dineth/focus_measure/datasets/New folder/bma pbf tfa/pbs_imgs/FieldPos427_Cam01_RGB_MB/FieldPos427_Cam01_RGB_MB_page_10.png,0.03575557470321655
occupancy_only_topk@k=3,contrast,0.9,1.0,0.013141214847564697,pbs,/home/dineth/focus_measure/datasets/New folder/bma pbf tfa/pbs_imgs/FieldPos427_Cam01_RGB_MB/FieldPos427_Cam01_RGB_MB_page_10.png,0.013141214847564697
occupancy_only_topk@k=3,contrast,1.1,1.0,0.013266205787658691,pbs,/home/dineth/focus_measure/datasets/New folder/bma pbf tfa/pbs_imgs/FieldPos427_Cam01_RGB_MB/FieldPos427_Cam01_RGB_MB_page_10.png,0.013266205787658691
occupancy_only_topk@k=5,blur,0.8,1.0,0.136804461479187,pbs,/home/dineth/focus_measure/datasets/New folder/bma pbf tfa/pbs_imgs/FieldPos427_Cam01_RGB_MB/FieldPos427_Cam01_RGB_MB_page_10.png,0.136804461479187
occupancy_only_topk@k=5,blur,1.2,1.0,0.3124980926513672,pbs,/home/dineth/focus_measure/datasets/New folder/bma pbf tfa/pbs_imgs/FieldPos427_Cam01_RGB_MB/FieldPos427_Cam01_RGB_MB_page_10.png,0.3124980926513672
occupancy_only_topk@k=5,noise,0.01,1.0,0.200067937374115,pbs,/home/dineth/focus_measure/datasets/New folder/bma pbf tfa/pbs_imgs/FieldPos427_Cam01_RGB_MB/FieldPos427_Cam01_RGB_MB_page_10.png,0.200067937374115
occupancy_only_topk@k=5,noise,0.02,1.0,0.5686124563217163,pbs,/home/dineth/focus_measure/datasets/New folder/bma pbf tfa/pbs_imgs/FieldPos427_Cam01_RGB_MB/FieldPos427_Cam01_RGB_MB_page_10.png,0.5686124563217163
occupancy_only_topk@k=5,brightness,0.05,1.0,0.03566616773605347,pbs,/home/dineth/focus_measure/datasets/New folder/bma pbf tfa/pbs_imgs/FieldPos427_Cam01_RGB_MB/FieldPos427_Cam01_RGB_MB_page_10.png,0.03566616773605347
occupancy_only_topk@k=5,brightness,-0.05,1.0,0.03566765785217285,pbs,/home/dineth/focus_measure/datasets/New folder/bma pbf tfa/pbs_imgs/FieldPos427_Cam01_RGB_MB/FieldPos427_Cam01_RGB_MB_page_10.png,0.03566765785217285
occupancy_only_topk@k=5,contrast,0.9,0.6666666666666666,0.03564345836639404,pbs,/home/dineth/focus_measure/datasets/New folder/bma pbf tfa/pbs_imgs/FieldPos427_Cam01_RGB_MB/FieldPos427_Cam01_RGB_MB_page_10.png,0.03564345836639404
occupancy_only_topk@k=5,contrast,1.1,1.0,0.035632312297821045,pbs,/home/dineth/focus_measure/datasets/New folder/bma pbf tfa/pbs_imgs/FieldPos427_Cam01_RGB_MB/FieldPos427_Cam01_RGB_MB_page_10.png,0.035632312297821045
occupancy_only_topk@k=7,blur,0.8,1.0,0.22519999742507935,pbs,/home/dineth/focus_measure/datasets/New folder/bma pbf tfa/pbs_imgs/FieldPos427_Cam01_RGB_MB/FieldPos427_Cam01_RGB_MB_page_10.png,0.22519999742507935
occupancy_only_topk@k=7,blur,1.2,1.0,0.292974591255188,pbs,/home/dineth/focus_measure/datasets/New folder/bma pbf tfa/pbs_imgs/FieldPos427_Cam01_RGB_MB/FieldPos427_Cam01_RGB_MB_page_10.png,0.292974591255188
occupancy_only_topk@k=7,noise,0.01,0.75,0.14345860481262207,pbs,/home/dineth/focus_measure/datasets/New folder/bma pbf tfa/pbs_imgs/FieldPos427_Cam01_RGB_MB/FieldPos427_Cam01_RGB_MB_page_10.png,0.14345860481262207
occupancy_only_topk@k=7,noise,0.02,0.75,0.3736395835876465,pbs,/home/dineth/focus_measure/datasets/New folder/bma pbf tfa/pbs_imgs/FieldPos427_Cam01_RGB_MB/FieldPos427_Cam01_RGB_MB_page_10.png,0.3736395835876465
occupancy_only_topk@k=7,brightness,0.05,0.75,0.02331829071044922,pbs,/home/dineth/focus_measure/datasets/New folder/bma pbf tfa/pbs_imgs/FieldPos427_Cam01_RGB_MB/FieldPos427_Cam01_RGB_MB_page_10.png,0.02331829071044922
occupancy_only_topk@k=7,brightness,-0.05,1.0,0.023161232471466064,pbs,/home/dineth/focus_measure/datasets/New folder/bma pbf tfa/pbs_imgs/FieldPos427_Cam01_RGB_MB/FieldPos427_Cam01_RGB_MB_page_10.png,0.023161232471466064
occupancy_only_topk@k=7,contrast,0.9,0.75,0.023214101791381836,pbs,/home/dineth/focus_measure/datasets/New folder/bma pbf tfa/pbs_imgs/FieldPos427_Cam01_RGB_MB/FieldPos427_Cam01_RGB_MB_page_10.png,0.023214101791381836
occupancy_only_topk@k=7,contrast,1.1,1.0,0.02317500114440918,pbs,/home/dineth/focus_measure/datasets/New folder/bma pbf tfa/pbs_imgs/FieldPos427_Cam01_RGB_MB/FieldPos427_Cam01_RGB_MB_page_10.png,0.02317500114440918
hybrid_proposed,blur,0.8,0.9649122807017544,0.07598531246185303,pbs,/home/dineth/focus_measure/datasets/New folder/bma pbf tfa/pbs_imgs/FieldPos427_Cam01_RGB_MB/FieldPos427_Cam01_RGB_MB_page_10.png,0.07598531246185303
hybrid_proposed,blur,1.2,0.9649122807017544,0.12163865566253662,pbs,/home/dineth/focus_measure/datasets/New folder/bma pbf tfa/pbs_imgs/FieldPos427_Cam01_RGB_MB/FieldPos427_Cam01_RGB_MB_page_10.png,0.12163865566253662
hybrid_proposed,noise,0.01,0.9649122807017544,0.16553831100463867,pbs,/home/dineth/focus_measure/datasets/New folder/bma pbf tfa/pbs_imgs/FieldPos427_Cam01_RGB_MB/FieldPos427_Cam01_RGB_MB_page_10.png,0.16553831100463867
hybrid_proposed,noise,0.02,0.9649122807017544,0.5406917333602905,pbs,/home/dineth/focus_measure/datasets/New folder/bma pbf tfa/pbs_imgs/FieldPos427_Cam01_RGB_MB/FieldPos427_Cam01_RGB_MB_page_10.png,0.5406917333602905
hybrid_proposed,brightness,0.05,1.0,0.005487561225891113,pbs,/home/dineth/focus_measure/datasets/New folder/bma pbf tfa/pbs_imgs/FieldPos427_Cam01_RGB_MB/FieldPos427_Cam01_RGB_MB_page_10.png,0.005487561225891113
hybrid_proposed,brightness,-0.05,1.0,0.005620121955871582,pbs,/home/dineth/focus_measure/datasets/New folder/bma pbf tfa/pbs_imgs/FieldPos427_Cam01_RGB_MB/FieldPos427_Cam01_RGB_MB_page_10.png,0.005620121955871582
hybrid_proposed,contrast,0.9,0.9649122807017544,0.005522966384887695,pbs,/home/dineth/focus_measure/datasets/New folder/bma pbf tfa/pbs_imgs/FieldPos427_Cam01_RGB_MB/FieldPos427_Cam01_RGB_MB_page_10.png,0.005522966384887695
hybrid_proposed,contrast,1.1,1.0,0.0055389404296875,pbs,/home/dineth/focus_measure/datasets/New folder/bma pbf tfa/pbs_imgs/FieldPos427_Cam01_RGB_MB/FieldPos427_Cam01_RGB_MB_page_10.png,0.0055389404296875
all_rois,blur,0.8,1.0,0.06515812873840332,pbs,/home/dineth/focus_measure/datasets/New folder/bma pbf tfa/pbs_imgs/FieldPos427_Cam01_RGB_MB/FieldPos427_Cam01_RGB_MB_page_10.png,0.06515812873840332
all_rois,blur,1.2,1.0,0.12155210971832275,pbs,/home/dineth/focus_measure/datasets/New folder/bma pbf tfa/pbs_imgs/FieldPos427_Cam01_RGB_MB/FieldPos427_Cam01_RGB_MB_page_10.png,0.12155210971832275
all_rois,noise,0.01,1.0,0.1956268548965454,pbs,/home/dineth/focus_measure/datasets/New folder/bma pbf tfa/pbs_imgs/FieldPos427_Cam01_RGB_MB/FieldPos427_Cam01_RGB_MB_page_10.png,0.1956268548965454
all_rois,noise,0.02,1.0,0.5544776916503906,pbs,/home/dineth/focus_measure/datasets/New folder/bma pbf tfa/pbs_imgs/FieldPos427_Cam01_RGB_MB/FieldPos427_Cam01_RGB_MB_page_10.png,0.5544776916503906
all_rois,brightness,0.05,1.0,0.01980578899383545,pbs,/home/dineth/focus_measure/datasets/New folder/bma pbf tfa/pbs_imgs/FieldPos427_Cam01_RGB_MB/FieldPos427_Cam01_RGB_MB_page_10.png,0.01980578899383545
all_rois,brightness,-0.05,1.0,0.019611477851867676,pbs,/home/dineth/focus_measure/datasets/New folder/bma pbf tfa/pbs_imgs/FieldPos427_Cam01_RGB_MB/FieldPos427_Cam01_RGB_MB_page_10.png,0.019611477851867676
all_rois,contrast,0.9,1.0,0.01981908082962036,pbs,/home/dineth/focus_measure/datasets/New folder/bma pbf tfa/pbs_imgs/FieldPos427_Cam01_RGB_MB/FieldPos427_Cam01_RGB_MB_page_10.png,0.01981908082962036
all_rois,contrast,1.1,1.0,0.019652605056762695,pbs,/home/dineth/focus_measure/datasets/New folder/bma pbf tfa/pbs_imgs/FieldPos427_Cam01_RGB_MB/FieldPos427_Cam01_RGB_MB_page_10.png,0.019652605056762695
cnn_adaptive,blur,0.8,0.9649122807017544,0.07598531246185303,pbs,/home/dineth/focus_measure/datasets/New folder/bma pbf tfa/pbs_imgs/FieldPos427_Cam01_RGB_MB/FieldPos427_Cam01_RGB_MB_page_10.png,0.07598531246185303
cnn_adaptive,blur,1.2,0.9649122807017544,0.12163865566253662,pbs,/home/dineth/focus_measure/datasets/New folder/bma pbf tfa/pbs_imgs/FieldPos427_Cam01_RGB_MB/FieldPos427_Cam01_RGB_MB_page_10.png,0.12163865566253662
cnn_adaptive,noise,0.01,0.9649122807017544,0.16553831100463867,pbs,/home/dineth/focus_measure/datasets/New folder/bma pbf tfa/pbs_imgs/FieldPos427_Cam01_RGB_MB/FieldPos427_Cam01_RGB_MB_page_10.png,0.16553831100463867
cnn_adaptive,noise,0.02,0.9649122807017544,0.5406917333602905,pbs,/home/dineth/focus_measure/datasets/New folder/bma pbf tfa/pbs_imgs/FieldPos427_Cam01_RGB_MB/FieldPos427_Cam01_RGB_MB_page_10.png,0.5406917333602905
cnn_adaptive,brightness,0.05,1.0,0.005487561225891113,pbs,/home/dineth/focus_measure/datasets/New folder/bma pbf tfa/pbs_imgs/FieldPos427_Cam01_RGB_MB/FieldPos427_Cam01_RGB_MB_page_10.png,0.005487561225891113
cnn_adaptive,brightness,-0.05,1.0,0.005620121955871582,pbs,/home/dineth/focus_measure/datasets/New folder/bma pbf tfa/pbs_imgs/FieldPos427_Cam01_RGB_MB/FieldPos427_Cam01_RGB_MB_page_10.png,0.005620121955871582
cnn_adaptive,contrast,0.9,0.9649122807017544,0.005522966384887695,pbs,/home/dineth/focus_measure/datasets/New folder/bma pbf tfa/pbs_imgs/FieldPos427_Cam01_RGB_MB/FieldPos427_Cam01_RGB_MB_page_10.png,0.005522966384887695
cnn_adaptive,contrast,1.1,1.0,0.0055389404296875,pbs,/home/dineth/focus_measure/datasets/New folder/bma pbf tfa/pbs_imgs/FieldPos427_Cam01_RGB_MB/FieldPos427_Cam01_RGB_MB_page_10.png,0.0055389404296875
center_top1,blur,0.8,1.0,0.43442845344543457,pbs,/home/dineth/focus_measure/datasets/New folder/bma pbf tfa/pbs_imgs/FieldPos433_Cam01_RGB_MB/FieldPos433_Cam01_RGB_MB_page_14.png,0.43442845344543457
center_top1,blur,1.2,1.0,0.7188010215759277,pbs,/home/dineth/focus_measure/datasets/New folder/bma pbf tfa/pbs_imgs/FieldPos433_Cam01_RGB_MB/FieldPos433_Cam01_RGB_MB_page_14.png,0.7188010215759277
center_top1,noise,0.01,1.0,-0.10163068771362305,pbs,/home/dineth/focus_measure/datasets/New folder/bma pbf tfa/pbs_imgs/FieldPos433_Cam01_RGB_MB/FieldPos433_Cam01_RGB_MB_page_14.png,-0.10163068771362305
center_top1,noise,0.02,1.0,0.22191476821899414,pbs,/home/dineth/focus_measure/datasets/New folder/bma pbf tfa/pbs_imgs/FieldPos433_Cam01_RGB_MB/FieldPos433_Cam01_RGB_MB_page_14.png,0.22191476821899414
center_top1,brightness,0.05,1.0,0.09800577163696289,pbs,/home/dineth/focus_measure/datasets/New folder/bma pbf tfa/pbs_imgs/FieldPos433_Cam01_RGB_MB/FieldPos433_Cam01_RGB_MB_page_14.png,0.09800577163696289
center_top1,brightness,-0.05,1.0,0.0980978012084961,pbs,/home/dineth/focus_measure/datasets/New folder/bma pbf tfa/pbs_imgs/FieldPos433_Cam01_RGB_MB/FieldPos433_Cam01_RGB_MB_page_14.png,0.0980978012084961
center_top1,contrast,0.9,1.0,0.09801769256591797,pbs,/home/dineth/focus_measure/datasets/New folder/bma pbf tfa/pbs_imgs/FieldPos433_Cam01_RGB_MB/FieldPos433_Cam01_RGB_MB_page_14.png,0.09801769256591797
center_top1,contrast,1.1,1.0,0.09797954559326172,pbs,/home/dineth/focus_measure/datasets/New folder/bma pbf tfa/pbs_imgs/FieldPos433_Cam01_RGB_MB/FieldPos433_Cam01_RGB_MB_page_14.png,0.09797954559326172
random_k@k=1,blur,0.8,1.0,-0.0896759033203125,pbs,/home/dineth/focus_measure/datasets/New folder/bma pbf tfa/pbs_imgs/FieldPos433_Cam01_RGB_MB/FieldPos433_Cam01_RGB_MB_page_14.png,-0.0896759033203125
random_k@k=1,blur,1.2,1.0,0.1657266616821289,pbs,/home/dineth/focus_measure/datasets/New folder/bma pbf tfa/pbs_imgs/FieldPos433_Cam01_RGB_MB/FieldPos433_Cam01_RGB_MB_page_14.png,0.1657266616821289
random_k@k=1,noise,0.01,1.0,-0.3875603675842285,pbs,/home/dineth/focus_measure/datasets/New folder/bma pbf tfa/pbs_imgs/FieldPos433_Cam01_RGB_MB/FieldPos433_Cam01_RGB_MB_page_14.png,-0.3875603675842285
random_k@k=1,noise,0.02,1.0,-0.39853382110595703,pbs,/home/dineth/focus_measure/datasets/New folder/bma pbf tfa/pbs_imgs/FieldPos433_Cam01_RGB_MB/FieldPos433_Cam01_RGB_MB_page_14.png,-0.39853382110595703
random_k@k=1,brightness,0.05,1.0,-0.5037012100219727,pbs,/home/dineth/focus_measure/datasets/New folder/bma pbf tfa/pbs_imgs/FieldPos433_Cam01_RGB_MB/FieldPos433_Cam01_RGB_MB_page_14.png,-0.5037012100219727
random_k@k=1,brightness,-0.05,1.0,-0.5038003921508789,pbs,/home/dineth/focus_measure/datasets/New folder/bma pbf tfa/pbs_imgs/FieldPos433_Cam01_RGB_MB/FieldPos433_Cam01_RGB_MB_page_14.png,-0.5038003921508789
random_k@k=1,contrast,0.9,1.0,-0.5036258697509766,pbs,/home/dineth/focus_measure/datasets/New folder/bma pbf tfa/pbs_imgs/FieldPos433_Cam01_RGB_MB/FieldPos433_Cam01_RGB_MB_page_14.png,-0.5036258697509766
random_k@k=1,contrast,1.1,1.0,-0.5036530494689941,pbs,/home/dineth/focus_measure/datasets/New folder/bma pbf tfa/pbs_imgs/FieldPos433_Cam01_RGB_MB/FieldPos433_Cam01_RGB_MB_page_14.png,-0.5036530494689941
random_k@k=3,blur,0.8,1.0,0.5261831283569336,pbs,/home/dineth/focus_measure/datasets/New folder/bma pbf tfa/pbs_imgs/FieldPos433_Cam01_RGB_MB/FieldPos433_Cam01_RGB_MB_page_14.png,0.5261831283569336
random_k@k=3,blur,1.2,1.0,0.5756242275238037,pbs,/home/dineth/focus_measure/datasets/New folder/bma pbf tfa/pbs_imgs/FieldPos433_Cam01_RGB_MB/FieldPos433_Cam01_RGB_MB_page_14.png,0.5756242275238037
random_k@k=3,noise,0.01,1.0,0.2769761085510254,pbs,/home/dineth/focus_measure/datasets/New folder/bma pbf tfa/pbs_imgs/FieldPos433_Cam01_RGB_MB/FieldPos433_Cam01_RGB_MB_page_14.png,0.2769761085510254
random_k@k=3,noise,0.02,1.0,0.11402320861816406,pbs,/home/dineth/focus_measure/datasets/New folder/bma pbf tfa/pbs_imgs/FieldPos433_Cam01_RGB_MB/FieldPos433_Cam01_RGB_MB_page_14.png,0.11402320861816406
random_k@k=3,brightness,0.05,1.0,0.2604637145996094,pbs,/home/dineth/focus_measure/datasets/New folder/bma pbf tfa/pbs_imgs/FieldPos433_Cam01_RGB_MB/FieldPos433_Cam01_RGB_MB_page_14.png,0.2604637145996094
random_k@k=3,brightness,-0.05,1.0,0.2600431442260742,pbs,/home/dineth/focus_measure/datasets/New folder/bma pbf tfa/pbs_imgs/FieldPos433_Cam01_RGB_MB/FieldPos433_Cam01_RGB_MB_page_14.png,0.2600431442260742
random_k@k=3,contrast,0.9,1.0,0.26022815704345703,pbs,/home/dineth/focus_measure/datasets/New folder/bma pbf tfa/pbs_imgs/FieldPos433_Cam01_RGB_MB/FieldPos433_Cam01_RGB_MB_page_14.png,0.26022815704345703
random_k@k=3,contrast,1.1,1.0,0.26027965545654297,pbs,/home/dineth/focus_measure/datasets/New folder/bma pbf tfa/pbs_imgs/FieldPos433_Cam01_RGB_MB/FieldPos433_Cam01_RGB_MB_page_14.png,0.26027965545654297
random_k@k=5,blur,0.8,1.0,0.6592917442321777,pbs,/home/dineth/focus_measure/datasets/New folder/bma pbf tfa/pbs_imgs/FieldPos433_Cam01_RGB_MB/FieldPos433_Cam01_RGB_MB_page_14.png,0.6592917442321777
random_k@k=5,blur,1.2,1.0,0.7728817462921143,pbs,/home/dineth/focus_measure/datasets/New folder/bma pbf tfa/pbs_imgs/FieldPos433_Cam01_RGB_MB/FieldPos433_Cam01_RGB_MB_page_14.png,0.7728817462921143
random_k@k=5,noise,0.01,1.0,0.4101386070251465,pbs,/home/dineth/focus_measure/datasets/New folder/bma pbf tfa/pbs_imgs/FieldPos433_Cam01_RGB_MB/FieldPos433_Cam01_RGB_MB_page_14.png,0.4101386070251465
random_k@k=5,noise,0.02,1.0,0.2474074363708496,pbs,/home/dineth/focus_measure/datasets/New folder/bma pbf tfa/pbs_imgs/FieldPos433_Cam01_RGB_MB/FieldPos433_Cam01_RGB_MB_page_14.png,0.2474074363708496
random_k@k=5,brightness,0.05,1.0,0.2618570327758789,pbs,/home/dineth/focus_measure/datasets/New folder/bma pbf tfa/pbs_imgs/FieldPos433_Cam01_RGB_MB/FieldPos433_Cam01_RGB_MB_page_14.png,0.2618570327758789
random_k@k=5,brightness,-0.05,1.0,0.26212358474731445,pbs,/home/dineth/focus_measure/datasets/New folder/bma pbf tfa/pbs_imgs/FieldPos433_Cam01_RGB_MB/FieldPos433_Cam01_RGB_MB_page_14.png,0.26212358474731445
random_k@k=5,contrast,0.9,1.0,0.26198291778564453,pbs,/home/dineth/focus_measure/datasets/New folder/bma pbf tfa/pbs_imgs/FieldPos433_Cam01_RGB_MB/FieldPos433_Cam01_RGB_MB_page_14.png,0.26198291778564453
random_k@k=5,contrast,1.1,1.0,0.2614893913269043,pbs,/home/dineth/focus_measure/datasets/New folder/bma pbf tfa/pbs_imgs/FieldPos433_Cam01_RGB_MB/FieldPos433_Cam01_RGB_MB_page_14.png,0.2614893913269043
random_k@k=7,blur,0.8,1.0,0.6325302124023438,pbs,/home/dineth/focus_measure/datasets/New folder/bma pbf tfa/pbs_imgs/FieldPos433_Cam01_RGB_MB/FieldPos433_Cam01_RGB_MB_page_14.png,0.6325302124023438
random_k@k=7,blur,1.2,1.0,0.7461202144622803,pbs,/home/dineth/focus_measure/datasets/New folder/bma pbf tfa/pbs_imgs/FieldPos433_Cam01_RGB_MB/FieldPos433_Cam01_RGB_MB_page_14.png,0.7461202144622803
random_k@k=7,noise,0.01,1.0,0.24573802947998047,pbs,/home/dineth/focus_measure/datasets/New folder/bma pbf tfa/pbs_imgs/FieldPos433_Cam01_RGB_MB/FieldPos433_Cam01_RGB_MB_page_14.png,0.24573802947998047
random_k@k=7,noise,0.02,1.0,0.22064590454101562,pbs,/home/dineth/focus_measure/datasets/New folder/bma pbf tfa/pbs_imgs/FieldPos433_Cam01_RGB_MB/FieldPos433_Cam01_RGB_MB_page_14.png,0.22064590454101562
random_k@k=7,brightness,0.05,1.0,0.23509550094604492,pbs,/home/dineth/focus_measure/datasets/New folder/bma pbf tfa/pbs_imgs/FieldPos433_Cam01_RGB_MB/FieldPos433_Cam01_RGB_MB_page_14.png,0.23509550094604492
random_k@k=7,brightness,-0.05,1.0,0.23536205291748047,pbs,/home/dineth/focus_measure/datasets/New folder/bma pbf tfa/pbs_imgs/FieldPos433_Cam01_RGB_MB/FieldPos433_Cam01_RGB_MB_page_14.png,0.23536205291748047
random_k@k=7,contrast,0.9,1.0,0.23522138595581055,pbs,/home/dineth/focus_measure/datasets/New folder/bma pbf tfa/pbs_imgs/FieldPos433_Cam01_RGB_MB/FieldPos433_Cam01_RGB_MB_page_14.png,0.23522138595581055
random_k@k=7,contrast,1.1,1.0,0.2347278594970703,pbs,/home/dineth/focus_measure/datasets/New folder/bma pbf tfa/pbs_imgs/FieldPos433_Cam01_RGB_MB/FieldPos433_Cam01_RGB_MB_page_14.png,0.2347278594970703
focus_only_topk@k=1,blur,0.8,0.0,0.3218994140625,pbs,/home/dineth/focus_measure/datasets/New folder/bma pbf tfa/pbs_imgs/FieldPos433_Cam01_RGB_MB/FieldPos433_Cam01_RGB_MB_page_14.png,0.3218994140625
focus_only_topk@k=1,blur,1.2,0.0,0.7288942337036133,pbs,/home/dineth/focus_measure/datasets/New folder/bma pbf tfa/pbs_imgs/FieldPos433_Cam01_RGB_MB/FieldPos433_Cam01_RGB_MB_page_14.png,0.7288942337036133
focus_only_topk@k=1,noise,0.01,1.0,0.010169029235839844,pbs,/home/dineth/focus_measure/datasets/New folder/bma pbf tfa/pbs_imgs/FieldPos433_Cam01_RGB_MB/FieldPos433_Cam01_RGB_MB_page_14.png,0.010169029235839844
focus_only_topk@k=1,noise,0.02,0.0,-0.23534774780273438,pbs,/home/dineth/focus_measure/datasets/New folder/bma pbf tfa/pbs_imgs/FieldPos433_Cam01_RGB_MB/FieldPos433_Cam01_RGB_MB_page_14.png,-0.23534774780273438
focus_only_topk@k=1,brightness,0.05,1.0,-0.17596006393432617,pbs,/home/dineth/focus_measure/datasets/New folder/bma pbf tfa/pbs_imgs/FieldPos433_Cam01_RGB_MB/FieldPos433_Cam01_RGB_MB_page_14.png,-0.17596006393432617
focus_only_topk@k=1,brightness,-0.05,1.0,-0.17624139785766602,pbs,/home/dineth/focus_measure/datasets/New folder/bma pbf tfa/pbs_imgs/FieldPos433_Cam01_RGB_MB/FieldPos433_Cam01_RGB_MB_page_14.png,-0.17624139785766602
focus_only_topk@k=1,contrast,0.9,1.0,-0.17619085311889648,pbs,/home/dineth/focus_measure/datasets/New folder/bma pbf tfa/pbs_imgs/FieldPos433_Cam01_RGB_MB/FieldPos433_Cam01_RGB_MB_page_14.png,-0.17619085311889648
focus_only_topk@k=1,contrast,1.1,1.0,-0.17616987228393555,pbs,/home/dineth/focus_measure/datasets/New folder/bma pbf tfa/pbs_imgs/FieldPos433_Cam01_RGB_MB/FieldPos433_Cam01_RGB_MB_page_14.png,-0.17616987228393555
focus_only_topk@k=3,blur,0.8,0.2,0.4006810188293457,pbs,/home/dineth/focus_measure/datasets/New folder/bma pbf tfa/pbs_imgs/FieldPos433_Cam01_RGB_MB/FieldPos433_Cam01_RGB_MB_page_14.png,0.4006810188293457
focus_only_topk@k=3,blur,1.2,0.2,0.6585328578948975,pbs,/home/dineth/focus_measure/datasets/New folder/bma pbf tfa/pbs_imgs/FieldPos433_Cam01_RGB_MB/FieldPos433_Cam01_RGB_MB_page_14.png,0.6585328578948975
focus_only_topk@k=3,noise,0.01,1.0,0.16922426223754883,pbs,/home/dineth/focus_measure/datasets/New folder/bma pbf tfa/pbs_imgs/FieldPos433_Cam01_RGB_MB/FieldPos433_Cam01_RGB_MB_page_14.png,0.16922426223754883
focus_only_topk@k=3,noise,0.02,0.0,-0.07581615447998047,pbs,/home/dineth/focus_measure/datasets/New folder/bma pbf tfa/pbs_imgs/FieldPos433_Cam01_RGB_MB/FieldPos433_Cam01_RGB_MB_page_14.png,-0.07581615447998047
focus_only_topk@k=3,brightness,0.05,1.0,0.2117471694946289,pbs,/home/dineth/focus_measure/datasets/New folder/bma pbf tfa/pbs_imgs/FieldPos433_Cam01_RGB_MB/FieldPos433_Cam01_RGB_MB_page_14.png,0.2117471694946289
focus_only_topk@k=3,brightness,-0.05,1.0,0.2119002342224121,pbs,/home/dineth/focus_measure/datasets/New folder/bma pbf tfa/pbs_imgs/FieldPos433_Cam01_RGB_MB/FieldPos433_Cam01_RGB_MB_page_14.png,0.2119002342224121
focus_only_topk@k=3,contrast,0.9,1.0,0.21198177337646484,pbs,/home/dineth/focus_measure/datasets/New folder/bma pbf tfa/pbs_imgs/FieldPos433_Cam01_RGB_MB/FieldPos433_Cam01_RGB_MB_page_14.png,0.21198177337646484
focus_only_topk@k=3,contrast,1.1,1.0,0.21189403533935547,pbs,/home/dineth/focus_measure/datasets/New folder/bma pbf tfa/pbs_imgs/FieldPos433_Cam01_RGB_MB/FieldPos433_Cam01_RGB_MB_page_14.png,0.21189403533935547
focus_only_topk@k=5,blur,0.8,0.42857142857142855,0.5709335803985596,pbs,/home/dineth/focus_measure/datasets/New folder/bma pbf tfa/pbs_imgs/FieldPos433_Cam01_RGB_MB/FieldPos433_Cam01_RGB_MB_page_14.png,0.5709335803985596
focus_only_topk@k=5,blur,1.2,0.42857142857142855,0.9750030040740967,pbs,/home/dineth/focus_measure/datasets/New folder/bma pbf tfa/pbs_imgs/FieldPos433_Cam01_RGB_MB/FieldPos433_Cam01_RGB_MB_page_14.png,0.9750030040740967
focus_only_topk@k=5,noise,0.01,1.0,0.2123432159423828,pbs,/home/dineth/focus_measure/datasets/New folder/bma pbf tfa/pbs_imgs/FieldPos433_Cam01_RGB_MB/FieldPos433_Cam01_RGB_MB_page_14.png,0.2123432159423828
focus_only_topk@k=5,noise,0.02,0.1111111111111111,0.4173092842102051,pbs,/home/dineth/focus_measure/datasets/New folder/bma pbf tfa/pbs_imgs/FieldPos433_Cam01_RGB_MB/FieldPos433_Cam01_RGB_MB_page_14.png,0.4173092842102051
focus_only_topk@k=5,brightness,0.05,1.0,0.1654644012451172,pbs,/home/dineth/focus_measure/datasets/New folder/bma pbf tfa/pbs_imgs/FieldPos433_Cam01_RGB_MB/FieldPos433_Cam01_RGB_MB_page_14.png,0.1654644012451172
focus_only_topk@k=5,brightness,-0.05,1.0,0.16574716567993164,pbs,/home/dineth/focus_measure/datasets/New folder/bma pbf tfa/pbs_imgs/FieldPos433_Cam01_RGB_MB/FieldPos433_Cam01_RGB_MB_page_14.png,0.16574716567993164
focus_only_topk@k=5,contrast,0.9,0.6666666666666666,0.05332517623901367,pbs,/home/dineth/focus_measure/datasets/New folder/bma pbf tfa/pbs_imgs/FieldPos433_Cam01_RGB_MB/FieldPos433_Cam01_RGB_MB_page_14.png,0.05332517623901367
focus_only_topk@k=5,contrast,1.1,1.0,0.16575908660888672,pbs,/home/dineth/focus_measure/datasets/New folder/bma pbf tfa/pbs_imgs/FieldPos433_Cam01_RGB_MB/FieldPos433_Cam01_RGB_MB_page_14.png,0.16575908660888672
focus_only_topk@k=7,blur,0.8,0.4,0.4120776653289795,pbs,/home/dineth/focus_measure/datasets/New folder/bma pbf tfa/pbs_imgs/FieldPos433_Cam01_RGB_MB/FieldPos433_Cam01_RGB_MB_page_14.png,0.4120776653289795
focus_only_topk@k=7,blur,1.2,0.4,0.7091274261474609,pbs,/home/dineth/focus_measure/datasets/New folder/bma pbf tfa/pbs_imgs/FieldPos433_Cam01_RGB_MB/FieldPos433_Cam01_RGB_MB_page_14.png,0.7091274261474609
focus_only_topk@k=7,noise,0.01,1.0,0.16959381103515625,pbs,/home/dineth/focus_measure/datasets/New folder/bma pbf tfa/pbs_imgs/FieldPos433_Cam01_RGB_MB/FieldPos433_Cam01_RGB_MB_page_14.png,0.16959381103515625
focus_only_topk@k=7,noise,0.02,0.16666666666666666,0.32770872116088867,pbs,/home/dineth/focus_measure/datasets/New folder/bma pbf tfa/pbs_imgs/FieldPos433_Cam01_RGB_MB/FieldPos433_Cam01_RGB_MB_page_14.png,0.32770872116088867
focus_only_topk@k=7,brightness,0.05,1.0,0.21200847625732422,pbs,/home/dineth/focus_measure/datasets/New folder/bma pbf tfa/pbs_imgs/FieldPos433_Cam01_RGB_MB/FieldPos433_Cam01_RGB_MB_page_14.png,0.21200847625732422
focus_only_topk@k=7,brightness,-0.05,1.0,0.21204757690429688,pbs,/home/dineth/focus_measure/datasets/New folder/bma pbf tfa/pbs_imgs/FieldPos433_Cam01_RGB_MB/FieldPos433_Cam01_RGB_MB_page_14.png,0.21204757690429688
focus_only_topk@k=7,contrast,0.9,0.75,0.07598304748535156,pbs,/home/dineth/focus_measure/datasets/New folder/bma pbf tfa/pbs_imgs/FieldPos433_Cam01_RGB_MB/FieldPos433_Cam01_RGB_MB_page_14.png,0.07598304748535156
focus_only_topk@k=7,contrast,1.1,1.0,0.21215200424194336,pbs,/home/dineth/focus_measure/datasets/New folder/bma pbf tfa/pbs_imgs/FieldPos433_Cam01_RGB_MB/FieldPos433_Cam01_RGB_MB_page_14.png,0.21215200424194336
occupancy_only_topk@k=1,blur,0.8,1.0,0.4544696807861328,pbs,/home/dineth/focus_measure/datasets/New folder/bma pbf tfa/pbs_imgs/FieldPos433_Cam01_RGB_MB/FieldPos433_Cam01_RGB_MB_page_14.png,0.4544696807861328
occupancy_only_topk@k=1,blur,1.2,1.0,0.7815673351287842,pbs,/home/dineth/focus_measure/datasets/New folder/bma pbf tfa/pbs_imgs/FieldPos433_Cam01_RGB_MB/FieldPos433_Cam01_RGB_MB_page_14.png,0.7815673351287842
occupancy_only_topk@k=1,noise,0.01,1.0,-0.019730091094970703,pbs,/home/dineth/focus_measure/datasets/New folder/bma pbf tfa/pbs_imgs/FieldPos433_Cam01_RGB_MB/FieldPos433_Cam01_RGB_MB_page_14.png,-0.019730091094970703
occupancy_only_topk@k=1,noise,0.02,1.0,0.32325124740600586,pbs,/home/dineth/focus_measure/datasets/New folder/bma pbf tfa/pbs_imgs/FieldPos433_Cam01_RGB_MB/FieldPos433_Cam01_RGB_MB_page_14.png,0.32325124740600586
occupancy_only_topk@k=1,brightness,0.05,1.0,-0.14959049224853516,pbs,/home/dineth/focus_measure/datasets/New folder/bma pbf tfa/pbs_imgs/FieldPos433_Cam01_RGB_MB/FieldPos433_Cam01_RGB_MB_page_14.png,-0.14959049224853516
occupancy_only_topk@k=1,brightness,-0.05,1.0,-0.14969873428344727,pbs,/home/dineth/focus_measure/datasets/New folder/bma pbf tfa/pbs_imgs/FieldPos433_Cam01_RGB_MB/FieldPos433_Cam01_RGB_MB_page_14.png,-0.14969873428344727
occupancy_only_topk@k=1,contrast,0.9,1.0,-0.14971542358398438,pbs,/home/dineth/focus_measure/datasets/New folder/bma pbf tfa/pbs_imgs/FieldPos433_Cam01_RGB_MB/FieldPos433_Cam01_RGB_MB_page_14.png,-0.14971542358398438
occupancy_only_topk@k=1,contrast,1.1,1.0,-0.14950847625732422,pbs,/home/dineth/focus_measure/datasets/New folder/bma pbf tfa/pbs_imgs/FieldPos433_Cam01_RGB_MB/FieldPos433_Cam01_RGB_MB_page_14.png,-0.14950847625732422
occupancy_only_topk@k=3,blur,0.8,0.5,0.6385879516601562,pbs,/home/dineth/focus_measure/datasets/New folder/bma pbf tfa/pbs_imgs/FieldPos433_Cam01_RGB_MB/FieldPos433_Cam01_RGB_MB_page_14.png,0.6385879516601562
occupancy_only_topk@k=3,blur,1.2,0.5,0.9558367729187012,pbs,/home/dineth/focus_measure/datasets/New folder/bma pbf tfa/pbs_imgs/FieldPos433_Cam01_RGB_MB/FieldPos433_Cam01_RGB_MB_page_14.png,0.9558367729187012
occupancy_only_topk@k=3,noise,0.01,1.0,0.049983978271484375,pbs,/home/dineth/focus_measure/datasets/New folder/bma pbf tfa/pbs_imgs/FieldPos433_Cam01_RGB_MB/FieldPos433_Cam01_RGB_MB_page_14.png,0.049983978271484375
occupancy_only_topk@k=3,noise,0.02,1.0,0.6286089420318604,pbs,/home/dineth/focus_measure/datasets/New folder/bma pbf tfa/pbs_imgs/FieldPos433_Cam01_RGB_MB/FieldPos433_Cam01_RGB_MB_page_14.png,0.6286089420318604
occupancy_only_topk@k=3,brightness,0.05,0.5,0.01572275161743164,pbs,/home/dineth/focus_measure/datasets/New folder/bma pbf tfa/pbs_imgs/FieldPos433_Cam01_RGB_MB/FieldPos433_Cam01_RGB_MB_page_14.png,0.01572275161743164
occupancy_only_topk@k=3,brightness,-0.05,0.2,0.14641332626342773,pbs,/home/dineth/focus_measure/datasets/New folder/bma pbf tfa/pbs_imgs/FieldPos433_Cam01_RGB_MB/FieldPos433_Cam01_RGB_MB_page_14.png,0.14641332626342773
occupancy_only_topk@k=3,contrast,0.9,0.5,0.0343022346496582,pbs,/home/dineth/focus_measure/datasets/New folder/bma pbf tfa/pbs_imgs/FieldPos433_Cam01_RGB_MB/FieldPos433_Cam01_RGB_MB_page_14.png,0.0343022346496582
occupancy_only_topk@k=3,contrast,1.1,0.5,0.14643049240112305,pbs,/home/dineth/focus_measure/datasets/New folder/bma pbf tfa/pbs_imgs/FieldPos433_Cam01_RGB_MB/FieldPos433_Cam01_RGB_MB_page_14.png,0.14643049240112305
occupancy_only_topk@k=5,blur,0.8,0.6666666666666666,0.5943326950073242,pbs,/home/dineth/focus_measure/datasets/New folder/bma pbf tfa/pbs_imgs/FieldPos433_Cam01_RGB_MB/FieldPos433_Cam01_RGB_MB_page_14.png,0.5943326950073242
occupancy_only_topk@k=5,blur,1.2,0.6666666666666666,0.7987279891967773,pbs,/home/dineth/focus_measure/datasets/New folder/bma pbf tfa/pbs_imgs/FieldPos433_Cam01_RGB_MB/FieldPos433_Cam01_RGB_MB_page_14.png,0.7987279891967773
occupancy_only_topk@k=5,noise,0.01,0.6666666666666666,0.18331098556518555,pbs,/home/dineth/focus_measure/datasets/New folder/bma pbf tfa/pbs_imgs/FieldPos433_Cam01_RGB_MB/FieldPos433_Cam01_RGB_MB_page_14.png,0.18331098556518555
occupancy_only_topk@k=5,noise,0.02,0.6666666666666666,0.5262982845306396,pbs,/home/dineth/focus_measure/datasets/New folder/bma pbf tfa/pbs_imgs/FieldPos433_Cam01_RGB_MB/FieldPos433_Cam01_RGB_MB_page_14.png,0.5262982845306396
occupancy_only_topk@k=5,brightness,0.05,0.6666666666666666,0.034942626953125,pbs,/home/dineth/focus_measure/datasets/New folder/bma pbf tfa/pbs_imgs/FieldPos433_Cam01_RGB_MB/FieldPos433_Cam01_RGB_MB_page_14.png,0.034942626953125
occupancy_only_topk@k=5,brightness,-0.05,0.42857142857142855,0.16574716567993164,pbs,/home/dineth/focus_measure/datasets/New folder/bma pbf tfa/pbs_imgs/FieldPos433_Cam01_RGB_MB/FieldPos433_Cam01_RGB_MB_page_14.png,0.16574716567993164
occupancy_only_topk@k=5,contrast,0.9,0.6666666666666666,0.034998416900634766,pbs,/home/dineth/focus_measure/datasets/New folder/bma pbf tfa/pbs_imgs/FieldPos433_Cam01_RGB_MB/FieldPos433_Cam01_RGB_MB_page_14.png,0.034998416900634766
occupancy_only_topk@k=5,contrast,1.1,0.6666666666666666,0.1837320327758789,pbs,/home/dineth/focus_measure/datasets/New folder/bma pbf tfa/pbs_imgs/FieldPos433_Cam01_RGB_MB/FieldPos433_Cam01_RGB_MB_page_14.png,0.1837320327758789
occupancy_only_topk@k=7,blur,0.8,1.0,0.4117882251739502,pbs,/home/dineth/focus_measure/datasets/New folder/bma pbf tfa/pbs_imgs/FieldPos433_Cam01_RGB_MB/FieldPos433_Cam01_RGB_MB_page_14.png,0.4117882251739502
occupancy_only_topk@k=7,blur,1.2,1.0,0.6635661125183105,pbs,/home/dineth/focus_measure/datasets/New folder/bma pbf tfa/pbs_imgs/FieldPos433_Cam01_RGB_MB/FieldPos433_Cam01_RGB_MB_page_14.png,0.6635661125183105
occupancy_only_topk@k=7,noise,0.01,1.0,0.09342098236083984,pbs,/home/dineth/focus_measure/datasets/New folder/bma pbf tfa/pbs_imgs/FieldPos433_Cam01_RGB_MB/FieldPos433_Cam01_RGB_MB_page_14.png,0.09342098236083984
occupancy_only_topk@k=7,noise,0.02,1.0,0.43640828132629395,pbs,/home/dineth/focus_measure/datasets/New folder/bma pbf tfa/pbs_imgs/FieldPos433_Cam01_RGB_MB/FieldPos433_Cam01_RGB_MB_page_14.png,0.43640828132629395
occupancy_only_topk@k=7,brightness,0.05,0.75,-0.08358526229858398,pbs,/home/dineth/focus_measure/datasets/New folder/bma pbf tfa/pbs_imgs/FieldPos433_Cam01_RGB_MB/FieldPos433_Cam01_RGB_MB_page_14.png,-0.08358526229858398
occupancy_only_topk@k=7,brightness,-0.05,0.5555555555555556,-0.08373546600341797,pbs,/home/dineth/focus_measure/datasets/New folder/bma pbf tfa/pbs_imgs/FieldPos433_Cam01_RGB_MB/FieldPos433_Cam01_RGB_MB_page_14.png,-0.08373546600341797
occupancy_only_topk@k=7,contrast,0.9,1.0,-0.08372688293457031,pbs,/home/dineth/focus_measure/datasets/New folder/bma pbf tfa/pbs_imgs/FieldPos433_Cam01_RGB_MB/FieldPos433_Cam01_RGB_MB_page_14.png,-0.08372688293457031
occupancy_only_topk@k=7,contrast,1.1,0.75,0.07586908340454102,pbs,/home/dineth/focus_measure/datasets/New folder/bma pbf tfa/pbs_imgs/FieldPos433_Cam01_RGB_MB/FieldPos433_Cam01_RGB_MB_page_14.png,0.07586908340454102
hybrid_proposed,blur,0.8,0.5135135135135135,0.518519401550293,pbs,/home/dineth/focus_measure/datasets/New folder/bma pbf tfa/pbs_imgs/FieldPos433_Cam01_RGB_MB/FieldPos433_Cam01_RGB_MB_page_14.png,0.518519401550293
hybrid_proposed,blur,1.2,0.5342465753424658,0.7233738899230957,pbs,/home/dineth/focus_measure/datasets/New folder/bma pbf tfa/pbs_imgs/FieldPos433_Cam01_RGB_MB/FieldPos433_Cam01_RGB_MB_page_14.png,0.7233738899230957
hybrid_proposed,noise,0.01,0.9310344827586207,0.016092777252197266,pbs,/home/dineth/focus_measure/datasets/New folder/bma pbf tfa/pbs_imgs/FieldPos433_Cam01_RGB_MB/FieldPos433_Cam01_RGB_MB_page_14.png,0.016092777252197266
hybrid_proposed,noise,0.02,0.5774647887323944,0.39349889755249023,pbs,/home/dineth/focus_measure/datasets/New folder/bma pbf tfa/pbs_imgs/FieldPos433_Cam01_RGB_MB/FieldPos433_Cam01_RGB_MB_page_14.png,0.39349889755249023
hybrid_proposed,brightness,0.05,0.9649122807017544,0.11847686767578125,pbs,/home/dineth/focus_measure/datasets/New folder/bma pbf tfa/pbs_imgs/FieldPos433_Cam01_RGB_MB/FieldPos433_Cam01_RGB_MB_page_14.png,0.11847686767578125
hybrid_proposed,brightness,-0.05,0.9649122807017544,0.1186685562133789,pbs,/home/dineth/focus_measure/datasets/New folder/bma pbf tfa/pbs_imgs/FieldPos433_Cam01_RGB_MB/FieldPos433_Cam01_RGB_MB_page_14.png,0.1186685562133789
hybrid_proposed,contrast,0.9,0.9649122807017544,0.11872291564941406,pbs,/home/dineth/focus_measure/datasets/New folder/bma pbf tfa/pbs_imgs/FieldPos433_Cam01_RGB_MB/FieldPos433_Cam01_RGB_MB_page_14.png,0.11872291564941406
hybrid_proposed,contrast,1.1,1.0,0.1182851791381836,pbs,/home/dineth/focus_measure/datasets/New folder/bma pbf tfa/pbs_imgs/FieldPos433_Cam01_RGB_MB/FieldPos433_Cam01_RGB_MB_page_14.png,0.1182851791381836
all_rois,blur,0.8,1.0,0.5319137573242188,pbs,/home/dineth/focus_measure/datasets/New folder/bma pbf tfa/pbs_imgs/FieldPos433_Cam01_RGB_MB/FieldPos433_Cam01_RGB_MB_page_14.png,0.5319137573242188
all_rois,blur,1.2,1.0,0.7669720649719238,pbs,/home/dineth/focus_measure/datasets/New folder/bma pbf tfa/pbs_imgs/FieldPos433_Cam01_RGB_MB/FieldPos433_Cam01_RGB_MB_page_14.png,0.7669720649719238
all_rois,noise,0.01,1.0,0.14822769165039062,pbs,/home/dineth/focus_measure/datasets/New folder/bma pbf tfa/pbs_imgs/FieldPos433_Cam01_RGB_MB/FieldPos433_Cam01_RGB_MB_page_14.png,0.14822769165039062
all_rois,noise,0.02,1.0,0.41688990592956543,pbs,/home/dineth/focus_measure/datasets/New folder/bma pbf tfa/pbs_imgs/FieldPos433_Cam01_RGB_MB/FieldPos433_Cam01_RGB_MB_page_14.png,0.41688990592956543
all_rois,brightness,0.05,1.0,0.15254545211791992,pbs,/home/dineth/focus_measure/datasets/New folder/bma pbf tfa/pbs_imgs/FieldPos433_Cam01_RGB_MB/FieldPos433_Cam01_RGB_MB_page_14.png,0.15254545211791992
all_rois,brightness,-0.05,1.0,0.15264081954956055,pbs,/home/dineth/focus_measure/datasets/New folder/bma pbf tfa/pbs_imgs/FieldPos433_Cam01_RGB_MB/FieldPos433_Cam01_RGB_MB_page_14.png,0.15264081954956055
all_rois,contrast,0.9,1.0,0.1524815559387207,pbs,/home/dineth/focus_measure/datasets/New folder/bma pbf tfa/pbs_imgs/FieldPos433_Cam01_RGB_MB/FieldPos433_Cam01_RGB_MB_page_14.png,0.1524815559387207
all_rois,contrast,1.1,1.0,0.1526036262512207,pbs,/home/dineth/focus_measure/datasets/New folder/bma pbf tfa/pbs_imgs/FieldPos433_Cam01_RGB_MB/FieldPos433_Cam01_RGB_MB_page_14.png,0.1526036262512207
cnn_adaptive,blur,0.8,0.5135135135135135,0.518519401550293,pbs,/home/dineth/focus_measure/datasets/New folder/bma pbf tfa/pbs_imgs/FieldPos433_Cam01_RGB_MB/FieldPos433_Cam01_RGB_MB_page_14.png,0.518519401550293
cnn_adaptive,blur,1.2,0.5342465753424658,0.7233738899230957,pbs,/home/dineth/focus_measure/datasets/New folder/bma pbf tfa/pbs_imgs/FieldPos433_Cam01_RGB_MB/FieldPos433_Cam01_RGB_MB_page_14.png,0.7233738899230957
cnn_adaptive,noise,0.01,0.9310344827586207,0.016092777252197266,pbs,/home/dineth/focus_measure/datasets/New folder/bma pbf tfa/pbs_imgs/FieldPos433_Cam01_RGB_MB/FieldPos433_Cam01_RGB_MB_page_14.png,0.016092777252197266
cnn_adaptive,noise,0.02,0.5774647887323944,0.39349889755249023,pbs,/home/dineth/focus_measure/datasets/New folder/bma pbf tfa/pbs_imgs/FieldPos433_Cam01_RGB_MB/FieldPos433_Cam01_RGB_MB_page_14.png,0.39349889755249023
cnn_adaptive,brightness,0.05,0.9649122807017544,0.11847686767578125,pbs,/home/dineth/focus_measure/datasets/New folder/bma pbf tfa/pbs_imgs/FieldPos433_Cam01_RGB_MB/FieldPos433_Cam01_RGB_MB_page_14.png,0.11847686767578125
cnn_adaptive,brightness,-0.05,0.9649122807017544,0.1186685562133789,pbs,/home/dineth/focus_measure/datasets/New folder/bma pbf tfa/pbs_imgs/FieldPos433_Cam01_RGB_MB/FieldPos433_Cam01_RGB_MB_page_14.png,0.1186685562133789
cnn_adaptive,contrast,0.9,0.9649122807017544,0.11872291564941406,pbs,/home/dineth/focus_measure/datasets/New folder/bma pbf tfa/pbs_imgs/FieldPos433_Cam01_RGB_MB/FieldPos433_Cam01_RGB_MB_page_14.png,0.11872291564941406
cnn_adaptive,contrast,1.1,1.0,0.1182851791381836,pbs,/home/dineth/focus_measure/datasets/New folder/bma pbf tfa/pbs_imgs/FieldPos433_Cam01_RGB_MB/FieldPos433_Cam01_RGB_MB_page_14.png,0.1182851791381836
center_top1,blur,0.8,1.0,-0.26001691818237305,pbs,/home/dineth/focus_measure/datasets/New folder/bma pbf tfa/pbs_imgs/FieldPos434_Cam01_RGB_MB/FieldPos434_Cam01_RGB_MB_page_12.png,-0.26001691818237305
center_top1,blur,1.2,1.0,-0.3111846446990967,pbs,/home/dineth/focus_measure/datasets/New folder/bma pbf tfa/pbs_imgs/FieldPos434_Cam01_RGB_MB/FieldPos434_Cam01_RGB_MB_page_12.png,-0.3111846446990967
center_top1,noise,0.01,1.0,-0.11736321449279785,pbs,/home/dineth/focus_measure/datasets/New folder/bma pbf tfa/pbs_imgs/FieldPos434_Cam01_RGB_MB/FieldPos434_Cam01_RGB_MB_page_12.png,-0.11736321449279785
center_top1,noise,0.02,1.0,-0.23019075393676758,pbs,/home/dineth/focus_measure/datasets/New folder/bma pbf tfa/pbs_imgs/FieldPos434_Cam01_RGB_MB/FieldPos434_Cam01_RGB_MB_page_12.png,-0.23019075393676758
center_top1,brightness,0.05,1.0,-0.10175538063049316,pbs,/home/dineth/focus_measure/datasets/New folder/bma pbf tfa/pbs_imgs/FieldPos434_Cam01_RGB_MB/FieldPos434_Cam01_RGB_MB_page_12.png,-0.10175538063049316
center_top1,brightness,-0.05,1.0,-0.101776123046875,pbs,/home/dineth/focus_measure/datasets/New folder/bma pbf tfa/pbs_imgs/FieldPos434_Cam01_RGB_MB/FieldPos434_Cam01_RGB_MB_page_12.png,-0.101776123046875
center_top1,contrast,0.9,1.0,-0.10185098648071289,pbs,/home/dineth/focus_measure/datasets/New folder/bma pbf tfa/pbs_imgs/FieldPos434_Cam01_RGB_MB/FieldPos434_Cam01_RGB_MB_page_12.png,-0.10185098648071289
center_top1,contrast,1.1,1.0,-0.10191965103149414,pbs,/home/dineth/focus_measure/datasets/New folder/bma pbf tfa/pbs_imgs/FieldPos434_Cam01_RGB_MB/FieldPos434_Cam01_RGB_MB_page_12.png,-0.10191965103149414
random_k@k=1,blur,0.8,1.0,-0.020249605178833008,pbs,/home/dineth/focus_measure/datasets/New folder/bma pbf tfa/pbs_imgs/FieldPos434_Cam01_RGB_MB/FieldPos434_Cam01_RGB_MB_page_12.png,-0.020249605178833008
random_k@k=1,blur,1.2,1.0,-0.03508949279785156,pbs,/home/dineth/focus_measure/datasets/New folder/bma pbf tfa/pbs_imgs/FieldPos434_Cam01_RGB_MB/FieldPos434_Cam01_RGB_MB_page_12.png,-0.03508949279785156
random_k@k=1,noise,0.01,1.0,0.2667834758758545,pbs,/home/dineth/focus_measure/datasets/New folder/bma pbf tfa/pbs_imgs/FieldPos434_Cam01_RGB_MB/FieldPos434_Cam01_RGB_MB_page_12.png,0.2667834758758545
random_k@k=1,noise,0.02,1.0,0.07307314872741699,pbs,/home/dineth/focus_measure/datasets/New folder/bma pbf tfa/pbs_imgs/FieldPos434_Cam01_RGB_MB/FieldPos434_Cam01_RGB_MB_page_12.png,0.07307314872741699
random_k@k=1,brightness,0.05,1.0,0.00026679039001464844,pbs,/home/dineth/focus_measure/datasets/New folder/bma pbf tfa/pbs_imgs/FieldPos434_Cam01_RGB_MB/FieldPos434_Cam01_RGB_MB_page_12.png,0.00026679039001464844
random_k@k=1,brightness,-0.05,1.0,0.00038886070251464844,pbs,/home/dineth/focus_measure/datasets/New folder/bma pbf tfa/pbs_imgs/FieldPos434_Cam01_RGB_MB/FieldPos434_Cam01_RGB_MB_page_12.png,0.00038886070251464844
random_k@k=1,contrast,0.9,1.0,0.00010204315185546875,pbs,/home/dineth/focus_measure/datasets/New folder/bma pbf tfa/pbs_imgs/FieldPos434_Cam01_RGB_MB/FieldPos434_Cam01_RGB_MB_page_12.png,0.00010204315185546875
random_k@k=1,contrast,1.1,1.0,0.0002841949462890625,pbs,/home/dineth/focus_measure/datasets/New folder/bma pbf tfa/pbs_imgs/FieldPos434_Cam01_RGB_MB/FieldPos434_Cam01_RGB_MB_page_12.png,0.0002841949462890625
random_k@k=3,blur,0.8,1.0,-0.020128250122070312,pbs,/home/dineth/focus_measure/datasets/New folder/bma pbf tfa/pbs_imgs/FieldPos434_Cam01_RGB_MB/FieldPos434_Cam01_RGB_MB_page_12.png,-0.020128250122070312
random_k@k=3,blur,1.2,1.0,-0.1163032054901123,pbs,/home/dineth/focus_measure/datasets/New folder/bma pbf tfa/pbs_imgs/FieldPos434_Cam01_RGB_MB/FieldPos434_Cam01_RGB_MB_page_12.png,-0.1163032054901123
random_k@k=3,noise,0.01,1.0,0.15199017524719238,pbs,/home/dineth/focus_measure/datasets/New folder/bma pbf tfa/pbs_imgs/FieldPos434_Cam01_RGB_MB/FieldPos434_Cam01_RGB_MB_page_12.png,0.15199017524719238
random_k@k=3,noise,0.02,1.0,0.10908102989196777,pbs,/home/dineth/focus_measure/datasets/New folder/bma pbf tfa/pbs_imgs/FieldPos434_Cam01_RGB_MB/FieldPos434_Cam01_RGB_MB_page_12.png,0.10908102989196777
random_k@k=3,brightness,0.05,1.0,0.0005218982696533203,pbs,/home/dineth/focus_measure/datasets/New folder/bma pbf tfa/pbs_imgs/FieldPos434_Cam01_RGB_MB/FieldPos434_Cam01_RGB_MB_page_12.png,0.0005218982696533203
random_k@k=3,brightness,-0.05,1.0,0.0004467964172363281,pbs,/home/dineth/focus_measure/datasets/New folder/bma pbf tfa/pbs_imgs/FieldPos434_Cam01_RGB_MB/FieldPos434_Cam01_RGB_MB_page_12.png,0.0004467964172363281
random_k@k=3,contrast,0.9,1.0,0.0005218982696533203,pbs,/home/dineth/focus_measure/datasets/New folder/bma pbf tfa/pbs_imgs/FieldPos434_Cam01_RGB_MB/FieldPos434_Cam01_RGB_MB_page_12.png,0.0005218982696533203
random_k@k=3,contrast,1.1,1.0,0.00041556358337402344,pbs,/home/dineth/focus_measure/datasets/New folder/bma pbf tfa/pbs_imgs/FieldPos434_Cam01_RGB_MB/FieldPos434_Cam01_RGB_MB_page_12.png,0.00041556358337402344
random_k@k=5,blur,0.8,1.0,-0.173384428024292,pbs,/home/dineth/focus_measure/datasets/New folder/bma pbf tfa/pbs_imgs/FieldPos434_Cam01_RGB_MB/FieldPos434_Cam01_RGB_MB_page_12.png,-0.173384428024292
random_k@k=5,blur,1.2,1.0,-0.1478252410888672,pbs,/home/dineth/focus_measure/datasets/New folder/bma pbf tfa/pbs_imgs/FieldPos434_Cam01_RGB_MB/FieldPos434_Cam01_RGB_MB_page_12.png,-0.1478252410888672
random_k@k=5,noise,0.01,1.0,-0.07200813293457031,pbs,/home/dineth/focus_measure/datasets/New folder/bma pbf tfa/pbs_imgs/FieldPos434_Cam01_RGB_MB/FieldPos434_Cam01_RGB_MB_page_12.png,-0.07200813293457031
random_k@k=5,noise,0.02,1.0,0.3650933504104614,pbs,/home/dineth/focus_measure/datasets/New folder/bma pbf tfa/pbs_imgs/FieldPos434_Cam01_RGB_MB/FieldPos434_Cam01_RGB_MB_page_12.png,0.3650933504104614
random_k@k=5,brightness,0.05,1.0,-0.11247014999389648,pbs,/home/dineth/focus_measure/datasets/New folder/bma pbf tfa/pbs_imgs/FieldPos434_Cam01_RGB_MB/FieldPos434_Cam01_RGB_MB_page_12.png,-0.11247014999389648
random_k@k=5,brightness,-0.05,1.0,-0.11234045028686523,pbs,/home/dineth/focus_measure/datasets/New folder/bma pbf tfa/pbs_imgs/FieldPos434_Cam01_RGB_MB/FieldPos434_Cam01_RGB_MB_page_12.png,-0.11234045028686523
random_k@k=5,contrast,0.9,1.0,-0.11263513565063477,pbs,/home/dineth/focus_measure/datasets/New folder/bma pbf tfa/pbs_imgs/FieldPos434_Cam01_RGB_MB/FieldPos434_Cam01_RGB_MB_page_12.png,-0.11263513565063477
random_k@k=5,contrast,1.1,1.0,-0.11244440078735352,pbs,/home/dineth/focus_measure/datasets/New folder/bma pbf tfa/pbs_imgs/FieldPos434_Cam01_RGB_MB/FieldPos434_Cam01_RGB_MB_page_12.png,-0.11244440078735352
random_k@k=7,blur,0.8,1.0,-0.1897578239440918,pbs,/home/dineth/focus_measure/datasets/New folder/bma pbf tfa/pbs_imgs/FieldPos434_Cam01_RGB_MB/FieldPos434_Cam01_RGB_MB_page_12.png,-0.1897578239440918
random_k@k=7,blur,1.2,1.0,-0.1486060619354248,pbs,/home/dineth/focus_measure/datasets/New folder/bma pbf tfa/pbs_imgs/FieldPos434_Cam01_RGB_MB/FieldPos434_Cam01_RGB_MB_page_12.png,-0.1486060619354248
random_k@k=7,noise,0.01,1.0,-0.04710531234741211,pbs,/home/dineth/focus_measure/datasets/New folder/bma pbf tfa/pbs_imgs/FieldPos434_Cam01_RGB_MB/FieldPos434_Cam01_RGB_MB_page_12.png,-0.04710531234741211
random_k@k=7,noise,0.02,1.0,0.3643125295639038,pbs,/home/dineth/focus_measure/datasets/New folder/bma pbf tfa/pbs_imgs/FieldPos434_Cam01_RGB_MB/FieldPos434_Cam01_RGB_MB_page_12.png,0.3643125295639038
random_k@k=7,brightness,0.05,1.0,-0.1132509708404541,pbs,/home/dineth/focus_measure/datasets/New folder/bma pbf tfa/pbs_imgs/FieldPos434_Cam01_RGB_MB/FieldPos434_Cam01_RGB_MB_page_12.png,-0.1132509708404541
random_k@k=7,brightness,-0.05,1.0,-0.11312127113342285,pbs,/home/dineth/focus_measure/datasets/New folder/bma pbf tfa/pbs_imgs/FieldPos434_Cam01_RGB_MB/FieldPos434_Cam01_RGB_MB_page_12.png,-0.11312127113342285
random_k@k=7,contrast,0.9,1.0,-0.11341595649719238,pbs,/home/dineth/focus_measure/datasets/New folder/bma pbf tfa/pbs_imgs/FieldPos434_Cam01_RGB_MB/FieldPos434_Cam01_RGB_MB_page_12.png,-0.11341595649719238
random_k@k=7,contrast,1.1,1.0,-0.11322522163391113,pbs,/home/dineth/focus_measure/datasets/New folder/bma pbf tfa/pbs_imgs/FieldPos434_Cam01_RGB_MB/FieldPos434_Cam01_RGB_MB_page_12.png,-0.11322522163391113
focus_only_topk@k=1,blur,0.8,0.0,0.09681558609008789,pbs,/home/dineth/focus_measure/datasets/New folder/bma pbf tfa/pbs_imgs/FieldPos434_Cam01_RGB_MB/FieldPos434_Cam01_RGB_MB_page_12.png,0.09681558609008789
focus_only_topk@k=1,blur,1.2,0.0,0.04432535171508789,pbs,/home/dineth/focus_measure/datasets/New folder/bma pbf tfa/pbs_imgs/FieldPos434_Cam01_RGB_MB/FieldPos434_Cam01_RGB_MB_page_12.png,0.04432535171508789
focus_only_topk@k=1,noise,0.01,1.0,0.1724398136138916,pbs,/home/dineth/focus_measure/datasets/New folder/bma pbf tfa/pbs_imgs/FieldPos434_Cam01_RGB_MB/FieldPos434_Cam01_RGB_MB_page_12.png,0.1724398136138916
focus_only_topk@k=1,noise,0.02,1.0,0.11214423179626465,pbs,/home/dineth/focus_measure/datasets/New folder/bma pbf tfa/pbs_imgs/FieldPos434_Cam01_RGB_MB/FieldPos434_Cam01_RGB_MB_page_12.png,0.11214423179626465
focus_only_topk@k=1,brightness,0.05,1.0,0.1493692398071289,pbs,/home/dineth/focus_measure/datasets/New folder/bma pbf tfa/pbs_imgs/FieldPos434_Cam01_RGB_MB/FieldPos434_Cam01_RGB_MB_page_12.png,0.1493692398071289
focus_only_topk@k=1,brightness,-0.05,1.0,0.14930081367492676,pbs,/home/dineth/focus_measure/datasets/New folder/bma pbf tfa/pbs_imgs/FieldPos434_Cam01_RGB_MB/FieldPos434_Cam01_RGB_MB_page_12.png,0.14930081367492676
focus_only_topk@k=1,contrast,0.9,0.0,0.16382193565368652,pbs,/home/dineth/focus_measure/datasets/New folder/bma pbf tfa/pbs_imgs/FieldPos434_Cam01_RGB_MB/FieldPos434_Cam01_RGB_MB_page_12.png,0.16382193565368652
focus_only_topk@k=1,contrast,1.1,1.0,0.14942383766174316,pbs,/home/dineth/focus_measure/datasets/New folder/bma pbf tfa/pbs_imgs/FieldPos434_Cam01_RGB_MB/FieldPos434_Cam01_RGB_MB_page_12.png,0.14942383766174316
focus_only_topk@k=3,blur,0.8,0.2,0.2181415557861328,pbs,/home/dineth/focus_measure/datasets/New folder/bma pbf tfa/pbs_imgs/FieldPos434_Cam01_RGB_MB/FieldPos434_Cam01_RGB_MB_page_12.png,0.2181415557861328
focus_only_topk@k=3,blur,1.2,0.2,0.4749312400817871,pbs,/home/dineth/focus_measure/datasets/New folder/bma pbf tfa/pbs_imgs/FieldPos434_Cam01_RGB_MB/FieldPos434_Cam01_RGB_MB_page_12.png,0.4749312400817871
focus_only_topk@k=3,noise,0.01,1.0,0.17268133163452148,pbs,/home/dineth/focus_measure/datasets/New folder/bma pbf tfa/pbs_imgs/FieldPos434_Cam01_RGB_MB/FieldPos434_Cam01_RGB_MB_page_12.png,0.17268133163452148
focus_only_topk@k=3,noise,0.02,0.5,0.11216235160827637,pbs,/home/dineth/focus_measure/datasets/New folder/bma pbf tfa/pbs_imgs/FieldPos434_Cam01_RGB_MB/FieldPos434_Cam01_RGB_MB_page_12.png,0.11216235160827637
focus_only_topk@k=3,brightness,0.05,1.0,0.14951801300048828,pbs,/home/dineth/focus_measure/datasets/New folder/bma pbf tfa/pbs_imgs/FieldPos434_Cam01_RGB_MB/FieldPos434_Cam01_RGB_MB_page_12.png,0.14951801300048828
focus_only_topk@k=3,brightness,-0.05,1.0,0.14939522743225098,pbs,/home/dineth/focus_measure/datasets/New folder/bma pbf tfa/pbs_imgs/FieldPos434_Cam01_RGB_MB/FieldPos434_Cam01_RGB_MB_page_12.png,0.14939522743225098
focus_only_topk@k=3,contrast,0.9,0.5,0.06953048706054688,pbs,/home/dineth/focus_measure/datasets/New folder/bma pbf tfa/pbs_imgs/FieldPos434_Cam01_RGB_MB/FieldPos434_Cam01_RGB_MB_page_12.png,0.06953048706054688
focus_only_topk@k=3,contrast,1.1,1.0,0.14959120750427246,pbs,/home/dineth/focus_measure/datasets/New folder/bma pbf tfa/pbs_imgs/FieldPos434_Cam01_RGB_MB/FieldPos434_Cam01_RGB_MB_page_12.png,0.14959120750427246
focus_only_topk@k=5,blur,0.8,0.42857142857142855,0.22083759307861328,pbs,/home/dineth/focus_measure/datasets/New folder/bma pbf tfa/pbs_imgs/FieldPos434_Cam01_RGB_MB/FieldPos434_Cam01_RGB_MB_page_12.png,0.22083759307861328
focus_only_topk@k=5,blur,1.2,0.42857142857142855,0.42531251907348633,pbs,/home/dineth/focus_measure/datasets/New folder/bma pbf tfa/pbs_imgs/FieldPos434_Cam01_RGB_MB/FieldPos434_Cam01_RGB_MB_page_12.png,0.42531251907348633
focus_only_topk@k=5,noise,0.01,1.0,0.17514348030090332,pbs,/home/dineth/focus_measure/datasets/New folder/bma pbf tfa/pbs_imgs/FieldPos434_Cam01_RGB_MB/FieldPos434_Cam01_RGB_MB_page_12.png,0.17514348030090332
focus_only_topk@k=5,noise,0.02,0.6666666666666666,0.11484885215759277,pbs,/home/dineth/focus_measure/datasets/New folder/bma pbf tfa/pbs_imgs/FieldPos434_Cam01_RGB_MB/FieldPos434_Cam01_RGB_MB_page_12.png,0.11484885215759277
focus_only_topk@k=5,brightness,0.05,1.0,0.12991881370544434,pbs,/home/dineth/focus_measure/datasets/New folder/bma pbf tfa/pbs_imgs/FieldPos434_Cam01_RGB_MB/FieldPos434_Cam01_RGB_MB_page_12.png,0.12991881370544434
focus_only_topk@k=5,brightness,-0.05,1.0,0.13001394271850586,pbs,/home/dineth/focus_measure/datasets/New folder/bma pbf tfa/pbs_imgs/FieldPos434_Cam01_RGB_MB/FieldPos434_Cam01_RGB_MB_page_12.png,0.13001394271850586
focus_only_topk@k=5,contrast,0.9,1.0,0.129960298538208,pbs,/home/dineth/focus_measure/datasets/New folder/bma pbf tfa/pbs_imgs/FieldPos434_Cam01_RGB_MB/FieldPos434_Cam01_RGB_MB_page_12.png,0.129960298538208
focus_only_topk@k=5,contrast,1.1,1.0,0.12995481491088867,pbs,/home/dineth/focus_measure/datasets/New folder/bma pbf tfa/pbs_imgs/FieldPos434_Cam01_RGB_MB/FieldPos434_Cam01_RGB_MB_page_12.png,0.12995481491088867
focus_only_topk@k=7,blur,0.8,0.5555555555555556,0.22083759307861328,pbs,/home/dineth/focus_measure/datasets/New folder/bma pbf tfa/pbs_imgs/FieldPos434_Cam01_RGB_MB/FieldPos434_Cam01_RGB_MB_page_12.png,0.22083759307861328
focus_only_topk@k=7,blur,1.2,0.5555555555555556,0.42531251907348633,pbs,/home/dineth/focus_measure/datasets/New folder/bma pbf tfa/pbs_imgs/FieldPos434_Cam01_RGB_MB/FieldPos434_Cam01_RGB_MB_page_12.png,0.42531251907348633
focus_only_topk@k=7,noise,0.01,1.0,0.17475223541259766,pbs,/home/dineth/focus_measure/datasets/New folder/bma pbf tfa/pbs_imgs/FieldPos434_Cam01_RGB_MB/FieldPos434_Cam01_RGB_MB_page_12.png,0.17475223541259766
focus_only_topk@k=7,noise,0.02,0.4,0.1242978572845459,pbs,/home/dineth/focus_measure/datasets/New folder/bma pbf tfa/pbs_imgs/FieldPos434_Cam01_RGB_MB/FieldPos434_Cam01_RGB_MB_page_12.png,0.1242978572845459
focus_only_topk@k=7,brightness,0.05,1.0,0.12991881370544434,pbs,/home/dineth/focus_measure/datasets/New folder/bma pbf tfa/pbs_imgs/FieldPos434_Cam01_RGB_MB/FieldPos434_Cam01_RGB_MB_page_12.png,0.12991881370544434
focus_only_topk@k=7,brightness,-0.05,1.0,0.13001394271850586,pbs,/home/dineth/focus_measure/datasets/New folder/bma pbf tfa/pbs_imgs/FieldPos434_Cam01_RGB_MB/FieldPos434_Cam01_RGB_MB_page_12.png,0.13001394271850586
focus_only_topk@k=7,contrast,0.9,1.0,0.129960298538208,pbs,/home/dineth/focus_measure/datasets/New folder/bma pbf tfa/pbs_imgs/FieldPos434_Cam01_RGB_MB/FieldPos434_Cam01_RGB_MB_page_12.png,0.129960298538208
focus_only_topk@k=7,contrast,1.1,1.0,0.12995481491088867,pbs,/home/dineth/focus_measure/datasets/New folder/bma pbf tfa/pbs_imgs/FieldPos434_Cam01_RGB_MB/FieldPos434_Cam01_RGB_MB_page_12.png,0.12995481491088867
occupancy_only_topk@k=1,blur,0.8,1.0,-0.30027174949645996,pbs,/home/dineth/focus_measure/datasets/New folder/bma pbf tfa/pbs_imgs/FieldPos434_Cam01_RGB_MB/FieldPos434_Cam01_RGB_MB_page_12.png,-0.30027174949645996
occupancy_only_topk@k=1,blur,1.2,1.0,-0.35276198387145996,pbs,/home/dineth/focus_measure/datasets/New folder/bma pbf tfa/pbs_imgs/FieldPos434_Cam01_RGB_MB/FieldPos434_Cam01_RGB_MB_page_12.png,-0.35276198387145996
occupancy_only_topk@k=1,noise,0.01,1.0,0.4187586307525635,pbs,/home/dineth/focus_measure/datasets/New folder/bma pbf tfa/pbs_imgs/FieldPos434_Cam01_RGB_MB/FieldPos434_Cam01_RGB_MB_page_12.png,0.4187586307525635
occupancy_only_topk@k=1,noise,0.02,1.0,4.727069854736328,pbs,/home/dineth/focus_measure/datasets/New folder/bma pbf tfa/pbs_imgs/FieldPos434_Cam01_RGB_MB/FieldPos434_Cam01_RGB_MB_page_12.png,4.727069854736328
occupancy_only_topk@k=1,brightness,0.05,1.0,-0.13424468040466309,pbs,/home/dineth/focus_measure/datasets/New folder/bma pbf tfa/pbs_imgs/FieldPos434_Cam01_RGB_MB/FieldPos434_Cam01_RGB_MB_page_12.png,-0.13424468040466309
occupancy_only_topk@k=1,brightness,-0.05,1.0,-0.1342942714691162,pbs,/home/dineth/focus_measure/datasets/New folder/bma pbf tfa/pbs_imgs/FieldPos434_Cam01_RGB_MB/FieldPos434_Cam01_RGB_MB_page_12.png,-0.1342942714691162
occupancy_only_topk@k=1,contrast,0.9,1.0,-0.13437509536743164,pbs,/home/dineth/focus_measure/datasets/New folder/bma pbf tfa/pbs_imgs/FieldPos434_Cam01_RGB_MB/FieldPos434_Cam01_RGB_MB_page_12.png,-0.13437509536743164
occupancy_only_topk@k=1,contrast,1.1,1.0,-0.13446593284606934,pbs,/home/dineth/focus_measure/datasets/New folder/bma pbf tfa/pbs_imgs/FieldPos434_Cam01_RGB_MB/FieldPos434_Cam01_RGB_MB_page_12.png,-0.13446593284606934
occupancy_only_topk@k=3,blur,0.8,1.0,-0.2147996425628662,pbs,/home/dineth/focus_measure/datasets/New folder/bma pbf tfa/pbs_imgs/FieldPos434_Cam01_RGB_MB/FieldPos434_Cam01_RGB_MB_page_12.png,-0.2147996425628662
occupancy_only_topk@k=3,blur,1.2,1.0,-0.22143149375915527,pbs,/home/dineth/focus_measure/datasets/New folder/bma pbf tfa/pbs_imgs/FieldPos434_Cam01_RGB_MB/FieldPos434_Cam01_RGB_MB_page_12.png,-0.22143149375915527
occupancy_only_topk@k=3,noise,0.01,1.0,0.06167268753051758,pbs,/home/dineth/focus_measure/datasets/New folder/bma pbf tfa/pbs_imgs/FieldPos434_Cam01_RGB_MB/FieldPos434_Cam01_RGB_MB_page_12.png,0.06167268753051758
occupancy_only_topk@k=3,noise,0.02,1.0,4.913547515869141,pbs,/home/dineth/focus_measure/datasets/New folder/bma pbf tfa/pbs_imgs/FieldPos434_Cam01_RGB_MB/FieldPos434_Cam01_RGB_MB_page_12.png,4.913547515869141
occupancy_only_topk@k=3,brightness,0.05,1.0,-0.13984942436218262,pbs,/home/dineth/focus_measure/datasets/New folder/bma pbf tfa/pbs_imgs/FieldPos434_Cam01_RGB_MB/FieldPos434_Cam01_RGB_MB_page_12.png,-0.13984942436218262
occupancy_only_topk@k=3,brightness,-0.05,1.0,-0.13999557495117188,pbs,/home/dineth/focus_measure/datasets/New folder/bma pbf tfa/pbs_imgs/FieldPos434_Cam01_RGB_MB/FieldPos434_Cam01_RGB_MB_page_12.png,-0.13999557495117188
occupancy_only_topk@k=3,contrast,0.9,1.0,-0.1400468349456787,pbs,/home/dineth/focus_measure/datasets/New folder/bma pbf tfa/pbs_imgs/FieldPos434_Cam01_RGB_MB/FieldPos434_Cam01_RGB_MB_page_12.png,-0.1400468349456787
occupancy_only_topk@k=3,contrast,1.1,1.0,-0.14001822471618652,pbs,/home/dineth/focus_measure/datasets/New folder/bma pbf tfa/pbs_imgs/FieldPos434_Cam01_RGB_MB/FieldPos434_Cam01_RGB_MB_page_12.png,-0.14001822471618652
occupancy_only_topk@k=5,blur,0.8,1.0,0.22083759307861328,pbs,/home/dineth/focus_measure/datasets/New folder/bma pbf tfa/pbs_imgs/FieldPos434_Cam01_RGB_MB/FieldPos434_Cam01_RGB_MB_page_12.png,0.22083759307861328
occupancy_only_topk@k=5,blur,1.2,1.0,0.35429859161376953,pbs,/home/dineth/focus_measure/datasets/New folder/bma pbf tfa/pbs_imgs/FieldPos434_Cam01_RGB_MB/FieldPos434_Cam01_RGB_MB_page_12.png,0.35429859161376953
occupancy_only_topk@k=5,noise,0.01,1.0,0.17514348030090332,pbs,/home/dineth/focus_measure/datasets/New folder/bma pbf tfa/pbs_imgs/FieldPos434_Cam01_RGB_MB/FieldPos434_Cam01_RGB_MB_page_12.png,0.17514348030090332
occupancy_only_topk@k=5,noise,0.02,1.0,0.11484885215759277,pbs,/home/dineth/focus_measure/datasets/New folder/bma pbf tfa/pbs_imgs/FieldPos434_Cam01_RGB_MB/FieldPos434_Cam01_RGB_MB_page_12.png,0.11484885215759277
occupancy_only_topk@k=5,brightness,0.05,0.6666666666666666,0.12991881370544434,pbs,/home/dineth/focus_measure/datasets/New folder/bma pbf tfa/pbs_imgs/FieldPos434_Cam01_RGB_MB/FieldPos434_Cam01_RGB_MB_page_12.png,0.12991881370544434
occupancy_only_topk@k=5,brightness,-0.05,0.6666666666666666,0.07235050201416016,pbs,/home/dineth/focus_measure/datasets/New folder/bma pbf tfa/pbs_imgs/FieldPos434_Cam01_RGB_MB/FieldPos434_Cam01_RGB_MB_page_12.png,0.07235050201416016
occupancy_only_topk@k=5,contrast,0.9,1.0,0.129960298538208,pbs,/home/dineth/focus_measure/datasets/New folder/bma pbf tfa/pbs_imgs/FieldPos434_Cam01_RGB_MB/FieldPos434_Cam01_RGB_MB_page_12.png,0.129960298538208
occupancy_only_topk@k=5,contrast,1.1,0.6666666666666666,0.07221269607543945,pbs,/home/dineth/focus_measure/datasets/New folder/bma pbf tfa/pbs_imgs/FieldPos434_Cam01_RGB_MB/FieldPos434_Cam01_RGB_MB_page_12.png,0.07221269607543945
occupancy_only_topk@k=7,blur,0.8,1.0,-0.04287147521972656,pbs,/home/dineth/focus_measure/datasets/New folder/bma pbf tfa/pbs_imgs/FieldPos434_Cam01_RGB_MB/FieldPos434_Cam01_RGB_MB_page_12.png,-0.04287147521972656
occupancy_only_topk@k=7,blur,1.2,1.0,0.13289308547973633,pbs,/home/dineth/focus_measure/datasets/New folder/bma pbf tfa/pbs_imgs/FieldPos434_Cam01_RGB_MB/FieldPos434_Cam01_RGB_MB_page_12.png,0.13289308547973633
occupancy_only_topk@k=7,noise,0.01,1.0,0.009947061538696289,pbs,/home/dineth/focus_measure/datasets/New folder/bma pbf tfa/pbs_imgs/FieldPos434_Cam01_RGB_MB/FieldPos434_Cam01_RGB_MB_page_12.png,0.009947061538696289
occupancy_only_topk@k=7,noise,0.02,0.75,-0.05034756660461426,pbs,/home/dineth/focus_measure/datasets/New folder/bma pbf tfa/pbs_imgs/FieldPos434_Cam01_RGB_MB/FieldPos434_Cam01_RGB_MB_page_12.png,-0.05034756660461426
occupancy_only_topk@k=7,brightness,0.05,0.5555555555555556,-0.035277605056762695,pbs,/home/dineth/focus_measure/datasets/New folder/bma pbf tfa/pbs_imgs/FieldPos434_Cam01_RGB_MB/FieldPos434_Cam01_RGB_MB_page_12.png,-0.035277605056762695
occupancy_only_topk@k=7,brightness,-0.05,1.0,-0.09284591674804688,pbs,/home/dineth/focus_measure/datasets/New folder/bma pbf tfa/pbs_imgs/FieldPos434_Cam01_RGB_MB/FieldPos434_Cam01_RGB_MB_page_12.png,-0.09284591674804688
occupancy_only_topk@k=7,contrast,0.9,0.75,-0.03523612022399902,pbs,/home/dineth/focus_measure/datasets/New folder/bma pbf tfa/pbs_imgs/FieldPos434_Cam01_RGB_MB/FieldPos434_Cam01_RGB_MB_page_12.png,-0.03523612022399902
occupancy_only_topk@k=7,contrast,1.1,1.0,-0.09298372268676758,pbs,/home/dineth/focus_measure/datasets/New folder/bma pbf tfa/pbs_imgs/FieldPos434_Cam01_RGB_MB/FieldPos434_Cam01_RGB_MB_page_12.png,-0.09298372268676758
hybrid_proposed,blur,0.8,0.6,-0.16960787773132324,pbs,/home/dineth/focus_measure/datasets/New folder/bma pbf tfa/pbs_imgs/FieldPos434_Cam01_RGB_MB/FieldPos434_Cam01_RGB_MB_page_12.png,-0.16960787773132324
hybrid_proposed,blur,1.2,0.6,-0.15101027488708496,pbs,/home/dineth/focus_measure/datasets/New folder/bma pbf tfa/pbs_imgs/FieldPos434_Cam01_RGB_MB/FieldPos434_Cam01_RGB_MB_page_12.png,-0.15101027488708496
hybrid_proposed,noise,0.01,0.7777777777777778,0.07060599327087402,pbs,/home/dineth/focus_measure/datasets/New folder/bma pbf tfa/pbs_imgs/FieldPos434_Cam01_RGB_MB/FieldPos434_Cam01_RGB_MB_page_12.png,0.07060599327087402
hybrid_proposed,noise,0.02,0.6470588235294118,0.014518499374389648,pbs,/home/dineth/focus_measure/datasets/New folder/bma pbf tfa/pbs_imgs/FieldPos434_Cam01_RGB_MB/FieldPos434_Cam01_RGB_MB_page_12.png,0.014518499374389648
hybrid_proposed,brightness,0.05,0.9649122807017544,-0.06290984153747559,pbs,/home/dineth/focus_measure/datasets/New folder/bma pbf tfa/pbs_imgs/FieldPos434_Cam01_RGB_MB/FieldPos434_Cam01_RGB_MB_page_12.png,-0.06290984153747559
hybrid_proposed,brightness,-0.05,0.9310344827586207,-0.06274127960205078,pbs,/home/dineth/focus_measure/datasets/New folder/bma pbf tfa/pbs_imgs/FieldPos434_Cam01_RGB_MB/FieldPos434_Cam01_RGB_MB_page_12.png,-0.06274127960205078
hybrid_proposed,contrast,0.9,0.75,-0.059883832931518555,pbs,/home/dineth/focus_measure/datasets/New folder/bma pbf tfa/pbs_imgs/FieldPos434_Cam01_RGB_MB/FieldPos434_Cam01_RGB_MB_page_12.png,-0.059883832931518555
hybrid_proposed,contrast,1.1,0.8983050847457628,-0.06804633140563965,pbs,/home/dineth/focus_measure/datasets/New folder/bma pbf tfa/pbs_imgs/FieldPos434_Cam01_RGB_MB/FieldPos434_Cam01_RGB_MB_page_12.png,-0.06804633140563965
all_rois,blur,0.8,1.0,-0.1549370288848877,pbs,/home/dineth/focus_measure/datasets/New folder/bma pbf tfa/pbs_imgs/FieldPos434_Cam01_RGB_MB/FieldPos434_Cam01_RGB_MB_page_12.png,-0.1549370288848877
all_rois,blur,1.2,1.0,-0.042145729064941406,pbs,/home/dineth/focus_measure/datasets/New folder/bma pbf tfa/pbs_imgs/FieldPos434_Cam01_RGB_MB/FieldPos434_Cam01_RGB_MB_page_12.png,-0.042145729064941406
all_rois,noise,0.01,1.0,0.03524208068847656,pbs,/home/dineth/focus_measure/datasets/New folder/bma pbf tfa/pbs_imgs/FieldPos434_Cam01_RGB_MB/FieldPos434_Cam01_RGB_MB_page_12.png,0.03524208068847656
all_rois,noise,0.02,1.0,0.0506901741027832,pbs,/home/dineth/focus_measure/datasets/New folder/bma pbf tfa/pbs_imgs/FieldPos434_Cam01_RGB_MB/FieldPos434_Cam01_RGB_MB_page_12.png,0.0506901741027832
all_rois,brightness,0.05,1.0,-0.06053876876831055,pbs,/home/dineth/focus_measure/datasets/New folder/bma pbf tfa/pbs_imgs/FieldPos434_Cam01_RGB_MB/FieldPos434_Cam01_RGB_MB_page_12.png,-0.06053876876831055
all_rois,brightness,-0.05,1.0,-0.06062173843383789,pbs,/home/dineth/focus_measure/datasets/New folder/bma pbf tfa/pbs_imgs/FieldPos434_Cam01_RGB_MB/FieldPos434_Cam01_RGB_MB_page_12.png,-0.06062173843383789
all_rois,contrast,0.9,1.0,-0.060681819915771484,pbs,/home/dineth/focus_measure/datasets/New folder/bma pbf tfa/pbs_imgs/FieldPos434_Cam01_RGB_MB/FieldPos434_Cam01_RGB_MB_page_12.png,-0.060681819915771484
all_rois,contrast,1.1,1.0,-0.06064605712890625,pbs,/home/dineth/focus_measure/datasets/New folder/bma pbf tfa/pbs_imgs/FieldPos434_Cam01_RGB_MB/FieldPos434_Cam01_RGB_MB_page_12.png,-0.06064605712890625
cnn_adaptive,blur,0.8,0.6,-0.16960787773132324,pbs,/home/dineth/focus_measure/datasets/New folder/bma pbf tfa/pbs_imgs/FieldPos434_Cam01_RGB_MB/FieldPos434_Cam01_RGB_MB_page_12.png,-0.16960787773132324
cnn_adaptive,blur,1.2,0.6,-0.15101027488708496,pbs,/home/dineth/focus_measure/datasets/New folder/bma pbf tfa/pbs_imgs/FieldPos434_Cam01_RGB_MB/FieldPos434_Cam01_RGB_MB_page_12.png,-0.15101027488708496
cnn_adaptive,noise,0.01,0.7777777777777778,0.07060599327087402,pbs,/home/dineth/focus_measure/datasets/New folder/bma pbf tfa/pbs_imgs/FieldPos434_Cam01_RGB_MB/FieldPos434_Cam01_RGB_MB_page_12.png,0.07060599327087402
cnn_adaptive,noise,0.02,0.6470588235294118,0.014518499374389648,pbs,/home/dineth/focus_measure/datasets/New folder/bma pbf tfa/pbs_imgs/FieldPos434_Cam01_RGB_MB/FieldPos434_Cam01_RGB_MB_page_12.png,0.014518499374389648
cnn_adaptive,brightness,0.05,0.9649122807017544,-0.06290984153747559,pbs,/home/dineth/focus_measure/datasets/New folder/bma pbf tfa/pbs_imgs/FieldPos434_Cam01_RGB_MB/FieldPos434_Cam01_RGB_MB_page_12.png,-0.06290984153747559
cnn_adaptive,brightness,-0.05,0.9310344827586207,-0.06274127960205078,pbs,/home/dineth/focus_measure/datasets/New folder/bma pbf tfa/pbs_imgs/FieldPos434_Cam01_RGB_MB/FieldPos434_Cam01_RGB_MB_page_12.png,-0.06274127960205078
cnn_adaptive,contrast,0.9,0.75,-0.059883832931518555,pbs,/home/dineth/focus_measure/datasets/New folder/bma pbf tfa/pbs_imgs/FieldPos434_Cam01_RGB_MB/FieldPos434_Cam01_RGB_MB_page_12.png,-0.059883832931518555
cnn_adaptive,contrast,1.1,0.8983050847457628,-0.06804633140563965,pbs,/home/dineth/focus_measure/datasets/New folder/bma pbf tfa/pbs_imgs/FieldPos434_Cam01_RGB_MB/FieldPos434_Cam01_RGB_MB_page_12.png,-0.06804633140563965
center_top1,blur,0.8,1.0,-0.03297746181488037,pbs,/home/dineth/focus_measure/datasets/New folder/bma pbf tfa/pbs_imgs/FieldPos451_Cam01_RGB_MB/FieldPos451_Cam01_RGB_MB_page_10.png,-0.03297746181488037
center_top1,blur,1.2,1.0,-0.011588037014007568,pbs,/home/dineth/focus_measure/datasets/New folder/bma pbf tfa/pbs_imgs/FieldPos451_Cam01_RGB_MB/FieldPos451_Cam01_RGB_MB_page_10.png,-0.011588037014007568
center_top1,noise,0.01,1.0,0.02006620168685913,pbs,/home/dineth/focus_measure/datasets/New folder/bma pbf tfa/pbs_imgs/FieldPos451_Cam01_RGB_MB/FieldPos451_Cam01_RGB_MB_page_10.png,0.02006620168685913
center_top1,noise,0.02,1.0,0.14447766542434692,pbs,/home/dineth/focus_measure/datasets/New folder/bma pbf tfa/pbs_imgs/FieldPos451_Cam01_RGB_MB/FieldPos451_Cam01_RGB_MB_page_10.png,0.14447766542434692
center_top1,brightness,0.05,1.0,-0.019689738750457764,pbs,/home/dineth/focus_measure/datasets/New folder/bma pbf tfa/pbs_imgs/FieldPos451_Cam01_RGB_MB/FieldPos451_Cam01_RGB_MB_page_10.png,-0.019689738750457764
center_top1,brightness,-0.05,1.0,-0.019747018814086914,pbs,/home/dineth/focus_measure/datasets/New folder/bma pbf tfa/pbs_imgs/FieldPos451_Cam01_RGB_MB/FieldPos451_Cam01_RGB_MB_page_10.png,-0.019747018814086914
center_top1,contrast,0.9,1.0,-0.01971834897994995,pbs,/home/dineth/focus_measure/datasets/New folder/bma pbf tfa/pbs_imgs/FieldPos451_Cam01_RGB_MB/FieldPos451_Cam01_RGB_MB_page_10.png,-0.01971834897994995
center_top1,contrast,1.1,1.0,-0.019636154174804688,pbs,/home/dineth/focus_measure/datasets/New folder/bma pbf tfa/pbs_imgs/FieldPos451_Cam01_RGB_MB/FieldPos451_Cam01_RGB_MB_page_10.png,-0.019636154174804688
random_k@k=1,blur,0.8,1.0,0.07900524139404297,pbs,/home/dineth/focus_measure/datasets/New folder/bma pbf tfa/pbs_imgs/FieldPos451_Cam01_RGB_MB/FieldPos451_Cam01_RGB_MB_page_10.png,0.07900524139404297
random_k@k=1,blur,1.2,1.0,0.0001278519630432129,pbs,/home/dineth/focus_measure/datasets/New folder/bma pbf tfa/pbs_imgs/FieldPos451_Cam01_RGB_MB/FieldPos451_Cam01_RGB_MB_page_10.png,0.0001278519630432129
random_k@k=1,noise,0.01,1.0,,pbs,/home/dineth/focus_measure/datasets/New folder/bma pbf tfa/pbs_imgs/FieldPos451_Cam01_RGB_MB/FieldPos451_Cam01_RGB_MB_page_10.png,
random_k@k=1,noise,0.02,1.0,2.2348929047584534,pbs,/home/dineth/focus_measure/datasets/New folder/bma pbf tfa/pbs_imgs/FieldPos451_Cam01_RGB_MB/FieldPos451_Cam01_RGB_MB_page_10.png,2.2348929047584534
random_k@k=1,brightness,0.05,1.0,0.14619696140289307,pbs,/home/dineth/focus_measure/datasets/New folder/bma pbf tfa/pbs_imgs/FieldPos451_Cam01_RGB_MB/FieldPos451_Cam01_RGB_MB_page_10.png,0.14619696140289307
random_k@k=1,brightness,-0.05,1.0,0.14621084928512573,pbs,/home/dineth/focus_measure/datasets/New folder/bma pbf tfa/pbs_imgs/FieldPos451_Cam01_RGB_MB/FieldPos451_Cam01_RGB_MB_page_10.png,0.14621084928512573
random_k@k=1,contrast,0.9,1.0,0.14625036716461182,pbs,/home/dineth/focus_measure/datasets/New folder/bma pbf tfa/pbs_imgs/FieldPos451_Cam01_RGB_MB/FieldPos451_Cam01_RGB_MB_page_10.png,0.14625036716461182
random_k@k=1,contrast,1.1,1.0,0.14620977640151978,pbs,/home/dineth/focus_measure/datasets/New folder/bma pbf tfa/pbs_imgs/FieldPos451_Cam01_RGB_MB/FieldPos451_Cam01_RGB_MB_page_10.png,0.14620977640151978
random_k@k=3,blur,0.8,1.0,0.04144713282585144,pbs,/home/dineth/focus_measure/datasets/New folder/bma pbf tfa/pbs_imgs/FieldPos451_Cam01_RGB_MB/FieldPos451_Cam01_RGB_MB_page_10.png,0.04144713282585144
random_k@k=3,blur,1.2,1.0,0.02885475754737854,pbs,/home/dineth/focus_measure/datasets/New folder/bma pbf tfa/pbs_imgs/FieldPos451_Cam01_RGB_MB/FieldPos451_Cam01_RGB_MB_page_10.png,0.02885475754737854
random_k@k=3,noise,0.01,1.0,0.01328665018081665,pbs,/home/dineth/focus_measure/datasets/New folder/bma pbf tfa/pbs_imgs/FieldPos451_Cam01_RGB_MB/FieldPos451_Cam01_RGB_MB_page_10.png,0.01328665018081665
random_k@k=3,noise,0.02,1.0,0.8773131966590881,pbs,/home/dineth/focus_measure/datasets/New folder/bma pbf tfa/pbs_imgs/FieldPos451_Cam01_RGB_MB/FieldPos451_Cam01_RGB_MB_page_10.png,0.8773131966590881
random_k@k=3,brightness,0.05,1.0,0.03258746862411499,pbs,/home/dineth/focus_measure/datasets/New folder/bma pbf tfa/pbs_imgs/FieldPos451_Cam01_RGB_MB/FieldPos451_Cam01_RGB_MB_page_10.png,0.03258746862411499
random_k@k=3,brightness,-0.05,1.0,0.0326271653175354,pbs,/home/dineth/focus_measure/datasets/New folder/bma pbf tfa/pbs_imgs/FieldPos451_Cam01_RGB_MB/FieldPos451_Cam01_RGB_MB_page_10.png,0.0326271653175354
random_k@k=3,contrast,0.9,1.0,0.032699763774871826,pbs,/home/dineth/focus_measure/datasets/New folder/bma pbf tfa/pbs_imgs/FieldPos451_Cam01_RGB_MB/FieldPos451_Cam01_RGB_MB_page_10.png,0.032699763774871826
random_k@k=3,contrast,1.1,1.0,0.03260529041290283,pbs,/home/dineth/focus_measure/datasets/New folder/bma pbf tfa/pbs_imgs/FieldPos451_Cam01_RGB_MB/FieldPos451_Cam01_RGB_MB_page_10.png,0.03260529041290283
random_k@k=5,blur,0.8,1.0,0.06760519742965698,pbs,/home/dineth/focus_measure/datasets/New folder/bma pbf tfa/pbs_imgs/FieldPos451_Cam01_RGB_MB/FieldPos451_Cam01_RGB_MB_page_10.png,0.06760519742965698
random_k@k=5,blur,1.2,1.0,0.03693580627441406,pbs,/home/dineth/focus_measure/datasets/New folder/bma pbf tfa/pbs_imgs/FieldPos451_Cam01_RGB_MB/FieldPos451_Cam01_RGB_MB_page_10.png,0.03693580627441406
random_k@k=5,noise,0.01,1.0,0.29787677526474,pbs,/home/dineth/focus_measure/datasets/New folder/bma pbf tfa/pbs_imgs/FieldPos451_Cam01_RGB_MB/FieldPos451_Cam01_RGB_MB_page_10.png,0.29787677526474
random_k@k=5,noise,0.02,1.0,0.8851879239082336,pbs,/home/dineth/focus_measure/datasets/New folder/bma pbf tfa/pbs_imgs/FieldPos451_Cam01_RGB_MB/FieldPos451_Cam01_RGB_MB_page_10.png,0.8851879239082336
random_k@k=5,brightness,0.05,1.0,0.04073500633239746,pbs,/home/dineth/focus_measure/datasets/New folder/bma pbf tfa/pbs_imgs/FieldPos451_Cam01_RGB_MB/FieldPos451_Cam01_RGB_MB_page_10.png,0.04073500633239746
random_k@k=5,brightness,-0.05,1.0,0.040772825479507446,pbs,/home/dineth/focus_measure/datasets/New folder/bma pbf tfa/pbs_imgs/FieldPos451_Cam01_RGB_MB/FieldPos451_Cam01_RGB_MB_page_10.png,0.040772825479507446
random_k@k=5,contrast,0.9,1.0,0.04072126746177673,pbs,/home/dineth/focus_measure/datasets/New folder/bma pbf tfa/pbs_imgs/FieldPos451_Cam01_RGB_MB/FieldPos451_Cam01_RGB_MB_page_10.png,0.04072126746177673
random_k@k=5,contrast,1.1,1.0,0.04067692160606384,pbs,/home/dineth/focus_measure/datasets/New folder/bma pbf tfa/pbs_imgs/FieldPos451_Cam01_RGB_MB/FieldPos451_Cam01_RGB_MB_page_10.png,0.04067692160606384
random_k@k=7,blur,0.8,1.0,0.010159552097320557,pbs,/home/dineth/focus_measure/datasets/New folder/bma pbf tfa/pbs_imgs/FieldPos451_Cam01_RGB_MB/FieldPos451_Cam01_RGB_MB_page_10.png,0.010159552097320557
random_k@k=7,blur,1.2,1.0,-0.00432354211807251,pbs,/home/dineth/focus_measure/datasets/New folder/bma pbf tfa/pbs_imgs/FieldPos451_Cam01_RGB_MB/FieldPos451_Cam01_RGB_MB_page_10.png,-0.00432354211807251
random_k@k=7,noise,0.01,1.0,0.08847194910049438,pbs,/home/dineth/focus_measure/datasets/New folder/bma pbf tfa/pbs_imgs/FieldPos451_Cam01_RGB_MB/FieldPos451_Cam01_RGB_MB_page_10.png,0.08847194910049438
random_k@k=7,noise,0.02,1.0,0.8792816996574402,pbs,/home/dineth/focus_measure/datasets/New folder/bma pbf tfa/pbs_imgs/FieldPos451_Cam01_RGB_MB/FieldPos451_Cam01_RGB_MB_page_10.png,0.8792816996574402
random_k@k=7,brightness,0.05,1.0,0.008233726024627686,pbs,/home/dineth/focus_measure/datasets/New folder/bma pbf tfa/pbs_imgs/FieldPos451_Cam01_RGB_MB/FieldPos451_Cam01_RGB_MB_page_10.png,0.008233726024627686
random_k@k=7,brightness,-0.05,1.0,0.00817948579788208,pbs,/home/dineth/focus_measure/datasets/New folder/bma pbf tfa/pbs_imgs/FieldPos451_Cam01_RGB_MB/FieldPos451_Cam01_RGB_MB_page_10.png,0.00817948579788208
random_k@k=7,contrast,0.9,1.0,0.008292078971862793,pbs,/home/dineth/focus_measure/datasets/New folder/bma pbf tfa/pbs_imgs/FieldPos451_Cam01_RGB_MB/FieldPos451_Cam01_RGB_MB_page_10.png,0.008292078971862793
random_k@k=7,contrast,1.1,1.0,0.008329778909683228,pbs,/home/dineth/focus_measure/datasets/New folder/bma pbf tfa/pbs_imgs/FieldPos451_Cam01_RGB_MB/FieldPos451_Cam01_RGB_MB_page_10.png,0.008329778909683228
focus_only_topk@k=1,blur,0.8,1.0,-0.00785297155380249,pbs,/home/dineth/focus_measure/datasets/New folder/bma pbf tfa/pbs_imgs/FieldPos451_Cam01_RGB_MB/FieldPos451_Cam01_RGB_MB_page_10.png,-0.00785297155380249
focus_only_topk@k=1,blur,1.2,1.0,-0.03939014673233032,pbs,/home/dineth/focus_measure/datasets/New folder/bma pbf tfa/pbs_imgs/FieldPos451_Cam01_RGB_MB/FieldPos451_Cam01_RGB_MB_page_10.png,-0.03939014673233032
focus_only_topk@k=1,noise,0.01,1.0,0.04087024927139282,pbs,/home/dineth/focus_measure/datasets/New folder/bma pbf tfa/pbs_imgs/FieldPos451_Cam01_RGB_MB/FieldPos451_Cam01_RGB_MB_page_10.png,0.04087024927139282
focus_only_topk@k=1,noise,0.02,1.0,0.3545575737953186,pbs,/home/dineth/focus_measure/datasets/New folder/bma pbf tfa/pbs_imgs/FieldPos451_Cam01_RGB_MB/FieldPos451_Cam01_RGB_MB_page_10.png,0.3545575737953186
focus_only_topk@k=1,brightness,0.05,1.0,-0.038976967334747314,pbs,/home/dineth/focus_measure/datasets/New folder/bma pbf tfa/pbs_imgs/FieldPos451_Cam01_RGB_MB/FieldPos451_Cam01_RGB_MB_page_10.png,-0.038976967334747314
focus_only_topk@k=1,brightness,-0.05,1.0,-0.03914731740951538,pbs,/home/dineth/focus_measure/datasets/New folder/bma pbf tfa/pbs_imgs/FieldPos451_Cam01_RGB_MB/FieldPos451_Cam01_RGB_MB_page_10.png,-0.03914731740951538
focus_only_topk@k=1,contrast,0.9,1.0,-0.03905153274536133,pbs,/home/dineth/focus_measure/datasets/New folder/bma pbf tfa/pbs_imgs/FieldPos451_Cam01_RGB_MB/FieldPos451_Cam01_RGB_MB_page_10.png,-0.03905153274536133
focus_only_topk@k=1,contrast,1.1,1.0,-0.0391194224357605,pbs,/home/dineth/focus_measure/datasets/New folder/bma pbf tfa/pbs_imgs/FieldPos451_Cam01_RGB_MB/FieldPos451_Cam01_RGB_MB_page_10.png,-0.0391194224357605
focus_only_topk@k=3,blur,0.8,1.0,-0.01690816879272461,pbs,/home/dineth/focus_measure/datasets/New folder/bma pbf tfa/pbs_imgs/FieldPos451_Cam01_RGB_MB/FieldPos451_Cam01_RGB_MB_page_10.png,-0.01690816879272461
focus_only_topk@k=3,blur,1.2,1.0,-0.004586458206176758,pbs,/home/dineth/focus_measure/datasets/New folder/bma pbf tfa/pbs_imgs/FieldPos451_Cam01_RGB_MB/FieldPos451_Cam01_RGB_MB_page_10.png,-0.004586458206176758
focus_only_topk@k=3,noise,0.01,1.0,0.06291395425796509,pbs,/home/dineth/focus_measure/datasets/New folder/bma pbf tfa/pbs_imgs/FieldPos451_Cam01_RGB_MB/FieldPos451_Cam01_RGB_MB_page_10.png,0.06291395425796509
focus_only_topk@k=3,noise,0.02,1.0,0.35437464714050293,pbs,/home/dineth/focus_measure/datasets/New folder/bma pbf tfa/pbs_imgs/FieldPos451_Cam01_RGB_MB/FieldPos451_Cam01_RGB_MB_page_10.png,0.35437464714050293
focus_only_topk@k=3,brightness,0.05,1.0,-0.00215989351272583,pbs,/home/dineth/focus_measure/datasets/New folder/bma pbf tfa/pbs_imgs/FieldPos451_Cam01_RGB_MB/FieldPos451_Cam01_RGB_MB_page_10.png,-0.00215989351272583
focus_only_topk@k=3,brightness,-0.05,1.0,-0.0021765828132629395,pbs,/home/dineth/focus_measure/datasets/New folder/bma pbf tfa/pbs_imgs/FieldPos451_Cam01_RGB_MB/FieldPos451_Cam01_RGB_MB_page_10.png,-0.0021765828132629395
focus_only_topk@k=3,contrast,0.9,1.0,-0.002173781394958496,pbs,/home/dineth/focus_measure/datasets/New folder/bma pbf tfa/pbs_imgs/FieldPos451_Cam01_RGB_MB/FieldPos451_Cam01_RGB_MB_page_10.png,-0.002173781394958496
focus_only_topk@k=3,contrast,1.1,1.0,-0.0021477341651916504,pbs,/home/dineth/focus_measure/datasets/New folder/bma pbf tfa/pbs_imgs/FieldPos451_Cam01_RGB_MB/FieldPos451_Cam01_RGB_MB_page_10.png,-0.0021477341651916504
focus_only_topk@k=5,blur,0.8,0.6666666666666666,-0.017000555992126465,pbs,/home/dineth/focus_measure/datasets/New folder/bma pbf tfa/pbs_imgs/FieldPos451_Cam01_RGB_MB/FieldPos451_Cam01_RGB_MB_page_10.png,-0.017000555992126465
focus_only_topk@k=5,blur,1.2,0.6666666666666666,-0.0046964287757873535,pbs,/home/dineth/focus_measure/datasets/New folder/bma pbf tfa/pbs_imgs/FieldPos451_Cam01_RGB_MB/FieldPos451_Cam01_RGB_MB_page_10.png,-0.0046964287757873535
focus_only_topk@k=5,noise,0.01,1.0,0.06285786628723145,pbs,/home/dineth/focus_measure/datasets/New folder/bma pbf tfa/pbs_imgs/FieldPos451_Cam01_RGB_MB/FieldPos451_Cam01_RGB_MB_page_10.png,0.06285786628723145
focus_only_topk@k=5,noise,0.02,1.0,0.3172178268432617,pbs,/home/dineth/focus_measure/datasets/New folder/bma pbf tfa/pbs_imgs/FieldPos451_Cam01_RGB_MB/FieldPos451_Cam01_RGB_MB_page_10.png,0.3172178268432617
focus_only_topk@k=5,brightness,0.05,1.0,-0.002228379249572754,pbs,/home/dineth/focus_measure/datasets/New folder/bma pbf tfa/pbs_imgs/FieldPos451_Cam01_RGB_MB/FieldPos451_Cam01_RGB_MB_page_10.png,-0.002228379249572754
focus_only_topk@k=5,brightness,-0.05,1.0,-0.0022426843643188477,pbs,/home/dineth/focus_measure/datasets/New folder/bma pbf tfa/pbs_imgs/FieldPos451_Cam01_RGB_MB/FieldPos451_Cam01_RGB_MB_page_10.png,-0.0022426843643188477
focus_only_topk@k=5,contrast,0.9,0.6666666666666666,-0.0022863149642944336,pbs,/home/dineth/focus_measure/datasets/New folder/bma pbf tfa/pbs_imgs/FieldPos451_Cam01_RGB_MB/FieldPos451_Cam01_RGB_MB_page_10.png,-0.0022863149642944336
focus_only_topk@k=5,contrast,1.1,1.0,-0.002221822738647461,pbs,/home/dineth/focus_measure/datasets/New folder/bma pbf tfa/pbs_imgs/FieldPos451_Cam01_RGB_MB/FieldPos451_Cam01_RGB_MB_page_10.png,-0.002221822738647461
focus_only_topk@k=7,blur,0.8,0.5555555555555556,-0.017000555992126465,pbs,/home/dineth/focus_measure/datasets/New folder/bma pbf tfa/pbs_imgs/FieldPos451_Cam01_RGB_MB/FieldPos451_Cam01_RGB_MB_page_10.png,-0.017000555992126465
focus_only_topk@k=7,blur,1.2,0.5555555555555556,0.06960272789001465,pbs,/home/dineth/focus_measure/datasets/New folder/bma pbf tfa/pbs_imgs/FieldPos451_Cam01_RGB_MB/FieldPos451_Cam01_RGB_MB_page_10.png,0.06960272789001465
focus_only_topk@k=7,noise,0.01,1.0,0.11020857095718384,pbs,/home/dineth/focus_measure/datasets/New folder/bma pbf tfa/pbs_imgs/FieldPos451_Cam01_RGB_MB/FieldPos451_Cam01_RGB_MB_page_10.png,0.11020857095718384
focus_only_topk@k=7,noise,0.02,1.0,0.35456061363220215,pbs,/home/dineth/focus_measure/datasets/New folder/bma pbf tfa/pbs_imgs/FieldPos451_Cam01_RGB_MB/FieldPos451_Cam01_RGB_MB_page_10.png,0.35456061363220215
focus_only_topk@k=7,brightness,0.05,1.0,-0.002228379249572754,pbs,/home/dineth/focus_measure/datasets/New folder/bma pbf tfa/pbs_imgs/FieldPos451_Cam01_RGB_MB/FieldPos451_Cam01_RGB_MB_page_10.png,-0.002228379249572754
focus_only_topk@k=7,brightness,-0.05,1.0,-0.0022426843643188477,pbs,/home/dineth/focus_measure/datasets/New folder/bma pbf tfa/pbs_imgs/FieldPos451_Cam01_RGB_MB/FieldPos451_Cam01_RGB_MB_page_10.png,-0.0022426843643188477
focus_only_topk@k=7,contrast,0.9,0.5555555555555556,-0.0022863149642944336,pbs,/home/dineth/focus_measure/datasets/New folder/bma pbf tfa/pbs_imgs/FieldPos451_Cam01_RGB_MB/FieldPos451_Cam01_RGB_MB_page_10.png,-0.0022863149642944336
focus_only_topk@k=7,contrast,1.1,1.0,-0.002221822738647461,pbs,/home/dineth/focus_measure/datasets/New folder/bma pbf tfa/pbs_imgs/FieldPos451_Cam01_RGB_MB/FieldPos451_Cam01_RGB_MB_page_10.png,-0.002221822738647461
occupancy_only_topk@k=1,blur,0.8,1.0,0.036515891551971436,pbs,/home/dineth/focus_measure/datasets/New folder/bma pbf tfa/pbs_imgs/FieldPos451_Cam01_RGB_MB/FieldPos451_Cam01_RGB_MB_page_10.png,0.036515891551971436
occupancy_only_topk@k=1,blur,1.2,1.0,0.08163928985595703,pbs,/home/dineth/focus_measure/datasets/New folder/bma pbf tfa/pbs_imgs/FieldPos451_Cam01_RGB_MB/FieldPos451_Cam01_RGB_MB_page_10.png,0.08163928985595703
occupancy_only_topk@k=1,noise,0.01,1.0,0.07488948106765747,pbs,/home/dineth/focus_measure/datasets/New folder/bma pbf tfa/pbs_imgs/FieldPos451_Cam01_RGB_MB/FieldPos451_Cam01_RGB_MB_page_10.png,0.07488948106765747
occupancy_only_topk@k=1,noise,0.02,1.0,0.21183764934539795,pbs,/home/dineth/focus_measure/datasets/New folder/bma pbf tfa/pbs_imgs/FieldPos451_Cam01_RGB_MB/FieldPos451_Cam01_RGB_MB_page_10.png,0.21183764934539795
occupancy_only_topk@k=1,brightness,0.05,1.0,0.009809255599975586,pbs,/home/dineth/focus_measure/datasets/New folder/bma pbf tfa/pbs_imgs/FieldPos451_Cam01_RGB_MB/FieldPos451_Cam01_RGB_MB_page_10.png,0.009809255599975586
occupancy_only_topk@k=1,brightness,-0.05,1.0,0.009796082973480225,pbs,/home/dineth/focus_measure/datasets/New folder/bma pbf tfa/pbs_imgs/FieldPos451_Cam01_RGB_MB/FieldPos451_Cam01_RGB_MB_page_10.png,0.009796082973480225
occupancy_only_topk@k=1,contrast,0.9,1.0,0.009752273559570312,pbs,/home/dineth/focus_measure/datasets/New folder/bma pbf tfa/pbs_imgs/FieldPos451_Cam01_RGB_MB/FieldPos451_Cam01_RGB_MB_page_10.png,0.009752273559570312
occupancy_only_topk@k=1,contrast,1.1,1.0,0.00981593132019043,pbs,/home/dineth/focus_measure/datasets/New folder/bma pbf tfa/pbs_imgs/FieldPos451_Cam01_RGB_MB/FieldPos451_Cam01_RGB_MB_page_10.png,0.00981593132019043
occupancy_only_topk@k=3,blur,0.8,1.0,-0.05415433645248413,pbs,/home/dineth/focus_measure/datasets/New folder/bma pbf tfa/pbs_imgs/FieldPos451_Cam01_RGB_MB/FieldPos451_Cam01_RGB_MB_page_10.png,-0.05415433645248413
occupancy_only_topk@k=3,blur,1.2,1.0,-0.01637357473373413,pbs,/home/dineth/focus_measure/datasets/New folder/bma pbf tfa/pbs_imgs/FieldPos451_Cam01_RGB_MB/FieldPos451_Cam01_RGB_MB_page_10.png,-0.01637357473373413
occupancy_only_topk@k=3,noise,0.01,1.0,0.024272561073303223,pbs,/home/dineth/focus_measure/datasets/New folder/bma pbf tfa/pbs_imgs/FieldPos451_Cam01_RGB_MB/FieldPos451_Cam01_RGB_MB_page_10.png,0.024272561073303223
occupancy_only_topk@k=3,noise,0.02,1.0,0.14894157648086548,pbs,/home/dineth/focus_measure/datasets/New folder/bma pbf tfa/pbs_imgs/FieldPos451_Cam01_RGB_MB/FieldPos451_Cam01_RGB_MB_page_10.png,0.14894157648086548
occupancy_only_topk@k=3,brightness,0.05,1.0,-0.0476648211479187,pbs,/home/dineth/focus_measure/datasets/New folder/bma pbf tfa/pbs_imgs/FieldPos451_Cam01_RGB_MB/FieldPos451_Cam01_RGB_MB_page_10.png,-0.0476648211479187
occupancy_only_topk@k=3,brightness,-0.05,0.5,-0.08817577362060547,pbs,/home/dineth/focus_measure/datasets/New folder/bma pbf tfa/pbs_imgs/FieldPos451_Cam01_RGB_MB/FieldPos451_Cam01_RGB_MB_page_10.png,-0.08817577362060547
occupancy_only_topk@k=3,contrast,0.9,1.0,-0.04780620336532593,pbs,/home/dineth/focus_measure/datasets/New folder/bma pbf tfa/pbs_imgs/FieldPos451_Cam01_RGB_MB/FieldPos451_Cam01_RGB_MB_page_10.png,-0.04780620336532593
occupancy_only_topk@k=3,contrast,1.1,0.5,-0.08814692497253418,pbs,/home/dineth/focus_measure/datasets/New folder/bma pbf tfa/pbs_imgs/FieldPos451_Cam01_RGB_MB/FieldPos451_Cam01_RGB_MB_page_10.png,-0.08814692497253418
occupancy_only_topk@k=5,blur,0.8,1.0,0.024479031562805176,pbs,/home/dineth/focus_measure/datasets/New folder/bma pbf tfa/pbs_imgs/FieldPos451_Cam01_RGB_MB/FieldPos451_Cam01_RGB_MB_page_10.png,0.024479031562805176
occupancy_only_topk@k=5,blur,1.2,1.0,0.06123697757720947,pbs,/home/dineth/focus_measure/datasets/New folder/bma pbf tfa/pbs_imgs/FieldPos451_Cam01_RGB_MB/FieldPos451_Cam01_RGB_MB_page_10.png,0.06123697757720947
occupancy_only_topk@k=5,noise,0.01,1.0,0.06285786628723145,pbs,/home/dineth/focus_measure/datasets/New folder/bma pbf tfa/pbs_imgs/FieldPos451_Cam01_RGB_MB/FieldPos451_Cam01_RGB_MB_page_10.png,0.06285786628723145
occupancy_only_topk@k=5,noise,0.02,1.0,0.3172178268432617,pbs,/home/dineth/focus_measure/datasets/New folder/bma pbf tfa/pbs_imgs/FieldPos451_Cam01_RGB_MB/FieldPos451_Cam01_RGB_MB_page_10.png,0.3172178268432617
occupancy_only_topk@k=5,brightness,0.05,1.0,-0.002228379249572754,pbs,/home/dineth/focus_measure/datasets/New folder/bma pbf tfa/pbs_imgs/FieldPos451_Cam01_RGB_MB/FieldPos451_Cam01_RGB_MB_page_10.png,-0.002228379249572754
occupancy_only_topk@k=5,brightness,-0.05,0.6666666666666666,-0.0022426843643188477,pbs,/home/dineth/focus_measure/datasets/New folder/bma pbf tfa/pbs_imgs/FieldPos451_Cam01_RGB_MB/FieldPos451_Cam01_RGB_MB_page_10.png,-0.0022426843643188477
occupancy_only_topk@k=5,contrast,0.9,1.0,-0.0022863149642944336,pbs,/home/dineth/focus_measure/datasets/New folder/bma pbf tfa/pbs_imgs/FieldPos451_Cam01_RGB_MB/FieldPos451_Cam01_RGB_MB_page_10.png,-0.0022863149642944336
occupancy_only_topk@k=5,contrast,1.1,1.0,-0.002221822738647461,pbs,/home/dineth/focus_measure/datasets/New folder/bma pbf tfa/pbs_imgs/FieldPos451_Cam01_RGB_MB/FieldPos451_Cam01_RGB_MB_page_10.png,-0.002221822738647461
occupancy_only_topk@k=7,blur,0.8,1.0,0.024479031562805176,pbs,/home/dineth/focus_measure/datasets/New folder/bma pbf tfa/pbs_imgs/FieldPos451_Cam01_RGB_MB/FieldPos451_Cam01_RGB_MB_page_10.png,0.024479031562805176
occupancy_only_topk@k=7,blur,1.2,1.0,0.06123697757720947,pbs,/home/dineth/focus_measure/datasets/New folder/bma pbf tfa/pbs_imgs/FieldPos451_Cam01_RGB_MB/FieldPos451_Cam01_RGB_MB_page_10.png,0.06123697757720947
occupancy_only_topk@k=7,noise,0.01,1.0,0.06285786628723145,pbs,/home/dineth/focus_measure/datasets/New folder/bma pbf tfa/pbs_imgs/FieldPos451_Cam01_RGB_MB/FieldPos451_Cam01_RGB_MB_page_10.png,0.06285786628723145
occupancy_only_topk@k=7,noise,0.02,1.0,0.3506549596786499,pbs,/home/dineth/focus_measure/datasets/New folder/bma pbf tfa/pbs_imgs/FieldPos451_Cam01_RGB_MB/FieldPos451_Cam01_RGB_MB_page_10.png,0.3506549596786499
occupancy_only_topk@k=7,brightness,0.05,1.0,-0.002228379249572754,pbs,/home/dineth/focus_measure/datasets/New folder/bma pbf tfa/pbs_imgs/FieldPos451_Cam01_RGB_MB/FieldPos451_Cam01_RGB_MB_page_10.png,-0.002228379249572754
occupancy_only_topk@k=7,brightness,-0.05,0.75,0.005224049091339111,pbs,/home/dineth/focus_measure/datasets/New folder/bma pbf tfa/pbs_imgs/FieldPos451_Cam01_RGB_MB/FieldPos451_Cam01_RGB_MB_page_10.png,0.005224049091339111
occupancy_only_topk@k=7,contrast,0.9,1.0,-0.0022863149642944336,pbs,/home/dineth/focus_measure/datasets/New folder/bma pbf tfa/pbs_imgs/FieldPos451_Cam01_RGB_MB/FieldPos451_Cam01_RGB_MB_page_10.png,-0.0022863149642944336
occupancy_only_topk@k=7,contrast,1.1,0.75,0.00525510311126709,pbs,/home/dineth/focus_measure/datasets/New folder/bma pbf tfa/pbs_imgs/FieldPos451_Cam01_RGB_MB/FieldPos451_Cam01_RGB_MB_page_10.png,0.00525510311126709
hybrid_proposed,blur,0.8,0.9649122807017544,-0.01632314920425415,pbs,/home/dineth/focus_measure/datasets/New folder/bma pbf tfa/pbs_imgs/FieldPos451_Cam01_RGB_MB/FieldPos451_Cam01_RGB_MB_page_10.png,-0.01632314920425415
hybrid_proposed,blur,1.2,0.9649122807017544,-0.024618208408355713,pbs,/home/dineth/focus_measure/datasets/New folder/bma pbf tfa/pbs_imgs/FieldPos451_Cam01_RGB_MB/FieldPos451_Cam01_RGB_MB_page_10.png,-0.024618208408355713
hybrid_proposed,noise,0.01,0.9649122807017544,0.13645446300506592,pbs,/home/dineth/focus_measure/datasets/New folder/bma pbf tfa/pbs_imgs/FieldPos451_Cam01_RGB_MB/FieldPos451_Cam01_RGB_MB_page_10.png,0.13645446300506592
hybrid_proposed,noise,0.02,0.9310344827586207,0.732237696647644,pbs,/home/dineth/focus_measure/datasets/New folder/bma pbf tfa/pbs_imgs/FieldPos451_Cam01_RGB_MB/FieldPos451_Cam01_RGB_MB_page_10.png,0.732237696647644
hybrid_proposed,brightness,0.05,0.9649122807017544,-0.02553117275238037,pbs,/home/dineth/focus_measure/datasets/New folder/bma pbf tfa/pbs_imgs/FieldPos451_Cam01_RGB_MB/FieldPos451_Cam01_RGB_MB_page_10.png,-0.02553117275238037
hybrid_proposed,brightness,-0.05,0.9649122807017544,-0.025504112243652344,pbs,/home/dineth/focus_measure/datasets/New folder/bma pbf tfa/pbs_imgs/FieldPos451_Cam01_RGB_MB/FieldPos451_Cam01_RGB_MB_page_10.png,-0.025504112243652344
hybrid_proposed,contrast,0.9,1.0,-0.02555549144744873,pbs,/home/dineth/focus_measure/datasets/New folder/bma pbf tfa/pbs_imgs/FieldPos451_Cam01_RGB_MB/FieldPos451_Cam01_RGB_MB_page_10.png,-0.02555549144744873
hybrid_proposed,contrast,1.1,0.9649122807017544,-0.025571107864379883,pbs,/home/dineth/focus_measure/datasets/New folder/bma pbf tfa/pbs_imgs/FieldPos451_Cam01_RGB_MB/FieldPos451_Cam01_RGB_MB_page_10.png,-0.025571107864379883
all_rois,blur,0.8,1.0,-0.01382523775100708,pbs,/home/dineth/focus_measure/datasets/New folder/bma pbf tfa/pbs_imgs/FieldPos451_Cam01_RGB_MB/FieldPos451_Cam01_RGB_MB_page_10.png,-0.01382523775100708
all_rois,blur,1.2,1.0,-0.029043078422546387,pbs,/home/dineth/focus_measure/datasets/New folder/bma pbf tfa/pbs_imgs/FieldPos451_Cam01_RGB_MB/FieldPos451_Cam01_RGB_MB_page_10.png,-0.029043078422546387
all_rois,noise,0.01,1.0,0.15685266256332397,pbs,/home/dineth/focus_measure/datasets/New folder/bma pbf tfa/pbs_imgs/FieldPos451_Cam01_RGB_MB/FieldPos451_Cam01_RGB_MB_page_10.png,0.15685266256332397
all_rois,noise,0.02,1.0,0.831872284412384,pbs,/home/dineth/focus_measure/datasets/New folder/bma pbf tfa/pbs_imgs/FieldPos451_Cam01_RGB_MB/FieldPos451_Cam01_RGB_MB_page_10.png,0.831872284412384
all_rois,brightness,0.05,1.0,-0.028033792972564697,pbs,/home/dineth/focus_measure/datasets/New folder/bma pbf tfa/pbs_imgs/FieldPos451_Cam01_RGB_MB/FieldPos451_Cam01_RGB_MB_page_10.png,-0.028033792972564697
all_rois,brightness,-0.05,1.0,-0.028040945529937744,pbs,/home/dineth/focus_measure/datasets/New folder/bma pbf tfa/pbs_imgs/FieldPos451_Cam01_RGB_MB/FieldPos451_Cam01_RGB_MB_page_10.png,-0.028040945529937744
all_rois,contrast,0.9,1.0,-0.028062283992767334,pbs,/home/dineth/focus_measure/datasets/New folder/bma pbf tfa/pbs_imgs/FieldPos451_Cam01_RGB_MB/FieldPos451_Cam01_RGB_MB_page_10.png,-0.028062283992767334
all_rois,contrast,1.1,1.0,-0.028047382831573486,pbs,/home/dineth/focus_measure/datasets/New folder/bma pbf tfa/pbs_imgs/FieldPos451_Cam01_RGB_MB/FieldPos451_Cam01_RGB_MB_page_10.png,-0.028047382831573486
cnn_adaptive,blur,0.8,0.9649122807017544,-0.01632314920425415,pbs,/home/dineth/focus_measure/datasets/New folder/bma pbf tfa/pbs_imgs/FieldPos451_Cam01_RGB_MB/FieldPos451_Cam01_RGB_MB_page_10.png,-0.01632314920425415
cnn_adaptive,blur,1.2,0.9649122807017544,-0.024618208408355713,pbs,/home/dineth/focus_measure/datasets/New folder/bma pbf tfa/pbs_imgs/FieldPos451_Cam01_RGB_MB/FieldPos451_Cam01_RGB_MB_page_10.png,-0.024618208408355713
cnn_adaptive,noise,0.01,0.9649122807017544,0.13645446300506592,pbs,/home/dineth/focus_measure/datasets/New folder/bma pbf tfa/pbs_imgs/FieldPos451_Cam01_RGB_MB/FieldPos451_Cam01_RGB_MB_page_10.png,0.13645446300506592
cnn_adaptive,noise,0.02,0.9310344827586207,0.732237696647644,pbs,/home/dineth/focus_measure/datasets/New folder/bma pbf tfa/pbs_imgs/FieldPos451_Cam01_RGB_MB/FieldPos451_Cam01_RGB_MB_page_10.png,0.732237696647644
cnn_adaptive,brightness,0.05,0.9649122807017544,-0.02553117275238037,pbs,/home/dineth/focus_measure/datasets/New folder/bma pbf tfa/pbs_imgs/FieldPos451_Cam01_RGB_MB/FieldPos451_Cam01_RGB_MB_page_10.png,-0.02553117275238037
cnn_adaptive,brightness,-0.05,0.9649122807017544,-0.025504112243652344,pbs,/home/dineth/focus_measure/datasets/New folder/bma pbf tfa/pbs_imgs/FieldPos451_Cam01_RGB_MB/FieldPos451_Cam01_RGB_MB_page_10.png,-0.025504112243652344
cnn_adaptive,contrast,0.9,1.0,-0.02555549144744873,pbs,/home/dineth/focus_measure/datasets/New folder/bma pbf tfa/pbs_imgs/FieldPos451_Cam01_RGB_MB/FieldPos451_Cam01_RGB_MB_page_10.png,-0.02555549144744873
cnn_adaptive,contrast,1.1,0.9649122807017544,-0.025571107864379883,pbs,/home/dineth/focus_measure/datasets/New folder/bma pbf tfa/pbs_imgs/FieldPos451_Cam01_RGB_MB/FieldPos451_Cam01_RGB_MB_page_10.png,-0.025571107864379883
center_top1,blur,0.8,1.0,0.05904841423034668,pbs,/home/dineth/focus_measure/datasets/New folder/bma pbf tfa/pbs_imgs/FieldPos469_Cam01_RGB_MB/FieldPos469_Cam01_RGB_MB_page_6.png,0.05904841423034668
center_top1,blur,1.2,1.0,0.09190869331359863,pbs,/home/dineth/focus_measure/datasets/New folder/bma pbf tfa/pbs_imgs/FieldPos469_Cam01_RGB_MB/FieldPos469_Cam01_RGB_MB_page_6.png,0.09190869331359863
center_top1,noise,0.01,1.0,-0.010785579681396484,pbs,/home/dineth/focus_measure/datasets/New folder/bma pbf tfa/pbs_imgs/FieldPos469_Cam01_RGB_MB/FieldPos469_Cam01_RGB_MB_page_6.png,-0.010785579681396484
center_top1,noise,0.02,1.0,0.5239038467407227,pbs,/home/dineth/focus_measure/datasets/New folder/bma pbf tfa/pbs_imgs/FieldPos469_Cam01_RGB_MB/FieldPos469_Cam01_RGB_MB_page_6.png,0.5239038467407227
center_top1,brightness,0.05,1.0,0.03414106369018555,pbs,/home/dineth/focus_measure/datasets/New folder/bma pbf tfa/pbs_imgs/FieldPos469_Cam01_RGB_MB/FieldPos469_Cam01_RGB_MB_page_6.png,0.03414106369018555
center_top1,brightness,-0.05,1.0,0.033926963806152344,pbs,/home/dineth/focus_measure/datasets/New folder/bma pbf tfa/pbs_imgs/FieldPos469_Cam01_RGB_MB/FieldPos469_Cam01_RGB_MB_page_6.png,0.033926963806152344
center_top1,contrast,0.9,1.0,0.03396892547607422,pbs,/home/dineth/focus_measure/datasets/New folder/bma pbf tfa/pbs_imgs/FieldPos469_Cam01_RGB_MB/FieldPos469_Cam01_RGB_MB_page_6.png,0.03396892547607422
center_top1,contrast,1.1,1.0,0.034055471420288086,pbs,/home/dineth/focus_measure/datasets/New folder/bma pbf tfa/pbs_imgs/FieldPos469_Cam01_RGB_MB/FieldPos469_Cam01_RGB_MB_page_6.png,0.034055471420288086
random_k@k=1,blur,0.8,1.0,-0.29433774948120117,pbs,/home/dineth/focus_measure/datasets/New folder/bma pbf tfa/pbs_imgs/FieldPos469_Cam01_RGB_MB/FieldPos469_Cam01_RGB_MB_page_6.png,-0.29433774948120117
random_k@k=1,blur,1.2,1.0,-0.20827674865722656,pbs,/home/dineth/focus_measure/datasets/New folder/bma pbf tfa/pbs_imgs/FieldPos469_Cam01_RGB_MB/FieldPos469_Cam01_RGB_MB_page_6.png,-0.20827674865722656
random_k@k=1,noise,0.01,1.0,-0.22333717346191406,pbs,/home/dineth/focus_measure/datasets/New folder/bma pbf tfa/pbs_imgs/FieldPos469_Cam01_RGB_MB/FieldPos469_Cam01_RGB_MB_page_6.png,-0.22333717346191406
random_k@k=1,noise,0.02,1.0,-0.1949634552001953,pbs,/home/dineth/focus_measure/datasets/New folder/bma pbf tfa/pbs_imgs/FieldPos469_Cam01_RGB_MB/FieldPos469_Cam01_RGB_MB_page_6.png,-0.1949634552001953
random_k@k=1,brightness,0.05,1.0,-0.24443578720092773,pbs,/home/dineth/focus_measure/datasets/New folder/bma pbf tfa/pbs_imgs/FieldPos469_Cam01_RGB_MB/FieldPos469_Cam01_RGB_MB_page_6.png,-0.24443578720092773
random_k@k=1,brightness,-0.05,1.0,-0.24443387985229492,pbs,/home/dineth/focus_measure/datasets/New folder/bma pbf tfa/pbs_imgs/FieldPos469_Cam01_RGB_MB/FieldPos469_Cam01_RGB_MB_page_6.png,-0.24443387985229492
random_k@k=1,contrast,0.9,1.0,-0.24438095092773438,pbs,/home/dineth/focus_measure/datasets/New folder/bma pbf tfa/pbs_imgs/FieldPos469_Cam01_RGB_MB/FieldPos469_Cam01_RGB_MB_page_6.png,-0.24438095092773438
random_k@k=1,contrast,1.1,1.0,-0.24460268020629883,pbs,/home/dineth/focus_measure/datasets/New folder/bma pbf tfa/pbs_imgs/FieldPos469_Cam01_RGB_MB/FieldPos469_Cam01_RGB_MB_page_6.png,-0.24460268020629883
random_k@k=3,blur,0.8,1.0,-0.07264900207519531,pbs,/home/dineth/focus_measure/datasets/New folder/bma pbf tfa/pbs_imgs/FieldPos469_Cam01_RGB_MB/FieldPos469_Cam01_RGB_MB_page_6.png,-0.07264900207519531
random_k@k=3,blur,1.2,1.0,0.013677358627319336,pbs,/home/dineth/focus_measure/datasets/New folder/bma pbf tfa/pbs_imgs/FieldPos469_Cam01_RGB_MB/FieldPos469_Cam01_RGB_MB_page_6.png,0.013677358627319336
random_k@k=3,noise,0.01,1.0,0.0892190933227539,pbs,/home/dineth/focus_measure/datasets/New folder/bma pbf tfa/pbs_imgs/FieldPos469_Cam01_RGB_MB/FieldPos469_Cam01_RGB_MB_page_6.png,0.0892190933227539
random_k@k=3,noise,0.02,1.0,0.11140775680541992,pbs,/home/dineth/focus_measure/datasets/New folder/bma pbf tfa/pbs_imgs/FieldPos469_Cam01_RGB_MB/FieldPos469_Cam01_RGB_MB_page_6.png,0.11140775680541992
random_k@k=3,brightness,0.05,1.0,-0.022222518920898438,pbs,/home/dineth/focus_measure/datasets/New folder/bma pbf tfa/pbs_imgs/FieldPos469_Cam01_RGB_MB/FieldPos469_Cam01_RGB_MB_page_6.png,-0.022222518920898438
random_k@k=3,brightness,-0.05,1.0,-0.022446155548095703,pbs,/home/dineth/focus_measure/datasets/New folder/bma pbf tfa/pbs_imgs/FieldPos469_Cam01_RGB_MB/FieldPos469_Cam01_RGB_MB_page_6.png,-0.022446155548095703
random_k@k=3,contrast,0.9,1.0,-0.02247452735900879,pbs,/home/dineth/focus_measure/datasets/New folder/bma pbf tfa/pbs_imgs/FieldPos469_Cam01_RGB_MB/FieldPos469_Cam01_RGB_MB_page_6.png,-0.02247452735900879
random_k@k=3,contrast,1.1,1.0,-0.022487878799438477,pbs,/home/dineth/focus_measure/datasets/New folder/bma pbf tfa/pbs_imgs/FieldPos469_Cam01_RGB_MB/FieldPos469_Cam01_RGB_MB_page_6.png,-0.022487878799438477
random_k@k=5,blur,0.8,1.0,-0.3647935390472412,pbs,/home/dineth/focus_measure/datasets/New folder/bma pbf tfa/pbs_imgs/FieldPos469_Cam01_RGB_MB/FieldPos469_Cam01_RGB_MB_page_6.png,-0.3647935390472412
random_k@k=5,blur,1.2,1.0,-0.27873992919921875,pbs,/home/dineth/focus_measure/datasets/New folder/bma pbf tfa/pbs_imgs/FieldPos469_Cam01_RGB_MB/FieldPos469_Cam01_RGB_MB_page_6.png,-0.27873992919921875
random_k@k=5,noise,0.01,1.0,-0.2937948703765869,pbs,/home/dineth/focus_measure/datasets/New folder/bma pbf tfa/pbs_imgs/FieldPos469_Cam01_RGB_MB/FieldPos469_Cam01_RGB_MB_page_6.png,-0.2937948703765869
random_k@k=5,noise,0.02,1.0,-0.26542067527770996,pbs,/home/dineth/focus_measure/datasets/New folder/bma pbf tfa/pbs_imgs/FieldPos469_Cam01_RGB_MB/FieldPos469_Cam01_RGB_MB_page_6.png,-0.26542067527770996
random_k@k=5,brightness,0.05,1.0,-0.3148927688598633,pbs,/home/dineth/focus_measure/datasets/New folder/bma pbf tfa/pbs_imgs/FieldPos469_Cam01_RGB_MB/FieldPos469_Cam01_RGB_MB_page_6.png,-0.3148927688598633
random_k@k=5,brightness,-0.05,1.0,-0.31488966941833496,pbs,/home/dineth/focus_measure/datasets/New folder/bma pbf tfa/pbs_imgs/FieldPos469_Cam01_RGB_MB/FieldPos469_Cam01_RGB_MB_page_6.png,-0.31488966941833496
random_k@k=5,contrast,0.9,1.0,-0.3148460388183594,pbs,/home/dineth/focus_measure/datasets/New folder/bma pbf tfa/pbs_imgs/FieldPos469_Cam01_RGB_MB/FieldPos469_Cam01_RGB_MB_page_6.png,-0.3148460388183594
random_k@k=5,contrast,1.1,1.0,-0.3150606155395508,pbs,/home/dineth/focus_measure/datasets/New folder/bma pbf tfa/pbs_imgs/FieldPos469_Cam01_RGB_MB/FieldPos469_Cam01_RGB_MB_page_6.png,-0.3150606155395508
random_k@k=7,blur,0.8,1.0,-0.16936612129211426,pbs,/home/dineth/focus_measure/datasets/New folder/bma pbf tfa/pbs_imgs/FieldPos469_Cam01_RGB_MB/FieldPos469_Cam01_RGB_MB_page_6.png,-0.16936612129211426
random_k@k=7,blur,1.2,1.0,-0.11325502395629883,pbs,/home/dineth/focus_measure/datasets/New folder/bma pbf tfa/pbs_imgs/FieldPos469_Cam01_RGB_MB/FieldPos469_Cam01_RGB_MB_page_6.png,-0.11325502395629883
random_k@k=7,noise,0.01,1.0,-0.17945170402526855,pbs,/home/dineth/focus_measure/datasets/New folder/bma pbf tfa/pbs_imgs/FieldPos469_Cam01_RGB_MB/FieldPos469_Cam01_RGB_MB_page_6.png,-0.17945170402526855
random_k@k=7,noise,0.02,1.0,-0.0027382373809814453,pbs,/home/dineth/focus_measure/datasets/New folder/bma pbf tfa/pbs_imgs/FieldPos469_Cam01_RGB_MB/FieldPos469_Cam01_RGB_MB_page_6.png,-0.0027382373809814453
random_k@k=7,brightness,0.05,1.0,-0.11946535110473633,pbs,/home/dineth/focus_measure/datasets/New folder/bma pbf tfa/pbs_imgs/FieldPos469_Cam01_RGB_MB/FieldPos469_Cam01_RGB_MB_page_6.png,-0.11946535110473633
random_k@k=7,brightness,-0.05,1.0,-0.11946225166320801,pbs,/home/dineth/focus_measure/datasets/New folder/bma pbf tfa/pbs_imgs/FieldPos469_Cam01_RGB_MB/FieldPos469_Cam01_RGB_MB_page_6.png,-0.11946225166320801
random_k@k=7,contrast,0.9,1.0,-0.11941862106323242,pbs,/home/dineth/focus_measure/datasets/New folder/bma pbf tfa/pbs_imgs/FieldPos469_Cam01_RGB_MB/FieldPos469_Cam01_RGB_MB_page_6.png,-0.11941862106323242
random_k@k=7,contrast,1.1,1.0,-0.11963319778442383,pbs,/home/dineth/focus_measure/datasets/New folder/bma pbf tfa/pbs_imgs/FieldPos469_Cam01_RGB_MB/FieldPos469_Cam01_RGB_MB_page_6.png,-0.11963319778442383
focus_only_topk@k=1,blur,0.8,1.0,-0.11799216270446777,pbs,/home/dineth/focus_measure/datasets/New folder/bma pbf tfa/pbs_imgs/FieldPos469_Cam01_RGB_MB/FieldPos469_Cam01_RGB_MB_page_6.png,-0.11799216270446777
focus_only_topk@k=1,blur,1.2,1.0,-0.01749706268310547,pbs,/home/dineth/focus_measure/datasets/New folder/bma pbf tfa/pbs_imgs/FieldPos469_Cam01_RGB_MB/FieldPos469_Cam01_RGB_MB_page_6.png,-0.01749706268310547
focus_only_topk@k=1,noise,0.01,1.0,-0.216813325881958,pbs,/home/dineth/focus_measure/datasets/New folder/bma pbf tfa/pbs_imgs/FieldPos469_Cam01_RGB_MB/FieldPos469_Cam01_RGB_MB_page_6.png,-0.216813325881958
focus_only_topk@k=1,noise,0.02,0.0,4.98664402961731,pbs,/home/dineth/focus_measure/datasets/New folder/bma pbf tfa/pbs_imgs/FieldPos469_Cam01_RGB_MB/FieldPos469_Cam01_RGB_MB_page_6.png,4.98664402961731
focus_only_topk@k=1,brightness,0.05,1.0,-0.12145018577575684,pbs,/home/dineth/focus_measure/datasets/New folder/bma pbf tfa/pbs_imgs/FieldPos469_Cam01_RGB_MB/FieldPos469_Cam01_RGB_MB_page_6.png,-0.12145018577575684
focus_only_topk@k=1,brightness,-0.05,1.0,-0.1215057373046875,pbs,/home/dineth/focus_measure/datasets/New folder/bma pbf tfa/pbs_imgs/FieldPos469_Cam01_RGB_MB/FieldPos469_Cam01_RGB_MB_page_6.png,-0.1215057373046875
focus_only_topk@k=1,contrast,0.9,1.0,-0.12164735794067383,pbs,/home/dineth/focus_measure/datasets/New folder/bma pbf tfa/pbs_imgs/FieldPos469_Cam01_RGB_MB/FieldPos469_Cam01_RGB_MB_page_6.png,-0.12164735794067383
focus_only_topk@k=1,contrast,1.1,1.0,-0.12143087387084961,pbs,/home/dineth/focus_measure/datasets/New folder/bma pbf tfa/pbs_imgs/FieldPos469_Cam01_RGB_MB/FieldPos469_Cam01_RGB_MB_page_6.png,-0.12143087387084961
focus_only_topk@k=3,blur,0.8,0.5,-0.029926061630249023,pbs,/home/dineth/focus_measure/datasets/New folder/bma pbf tfa/pbs_imgs/FieldPos469_Cam01_RGB_MB/FieldPos469_Cam01_RGB_MB_page_6.png,-0.029926061630249023
focus_only_topk@k=3,blur,1.2,0.5,-0.020524263381958008,pbs,/home/dineth/focus_measure/datasets/New folder/bma pbf tfa/pbs_imgs/FieldPos469_Cam01_RGB_MB/FieldPos469_Cam01_RGB_MB_page_6.png,-0.020524263381958008
focus_only_topk@k=3,noise,0.01,1.0,0.15771746635437012,pbs,/home/dineth/focus_measure/datasets/New folder/bma pbf tfa/pbs_imgs/FieldPos469_Cam01_RGB_MB/FieldPos469_Cam01_RGB_MB_page_6.png,0.15771746635437012
focus_only_topk@k=3,noise,0.02,0.0,5.060541868209839,pbs,/home/dineth/focus_measure/datasets/New folder/bma pbf tfa/pbs_imgs/FieldPos469_Cam01_RGB_MB/FieldPos469_Cam01_RGB_MB_page_6.png,5.060541868209839
focus_only_topk@k=3,brightness,0.05,1.0,0.030730724334716797,pbs,/home/dineth/focus_measure/datasets/New folder/bma pbf tfa/pbs_imgs/FieldPos469_Cam01_RGB_MB/FieldPos469_Cam01_RGB_MB_page_6.png,0.030730724334716797
focus_only_topk@k=3,brightness,-0.05,1.0,0.030815839767456055,pbs,/home/dineth/focus_measure/datasets/New folder/bma pbf tfa/pbs_imgs/FieldPos469_Cam01_RGB_MB/FieldPos469_Cam01_RGB_MB_page_6.png,0.030815839767456055
focus_only_topk@k=3,contrast,0.9,1.0,0.030703306198120117,pbs,/home/dineth/focus_measure/datasets/New folder/bma pbf tfa/pbs_imgs/FieldPos469_Cam01_RGB_MB/FieldPos469_Cam01_RGB_MB_page_6.png,0.030703306198120117
focus_only_topk@k=3,contrast,1.1,0.5,0.05904722213745117,pbs,/home/dineth/focus_measure/datasets/New folder/bma pbf tfa/pbs_imgs/FieldPos469_Cam01_RGB_MB/FieldPos469_Cam01_RGB_MB_page_6.png,0.05904722213745117
focus_only_topk@k=5,blur,0.8,0.6666666666666666,-0.029808998107910156,pbs,/home/dineth/focus_measure/datasets/New folder/bma pbf tfa/pbs_imgs/FieldPos469_Cam01_RGB_MB/FieldPos469_Cam01_RGB_MB_page_6.png,-0.029808998107910156
focus_only_topk@k=5,blur,1.2,0.6666666666666666,-0.01695084571838379,pbs,/home/dineth/focus_measure/datasets/New folder/bma pbf tfa/pbs_imgs/FieldPos469_Cam01_RGB_MB/FieldPos469_Cam01_RGB_MB_page_6.png,-0.01695084571838379
focus_only_topk@k=5,noise,0.01,1.0,0.15750455856323242,pbs,/home/dineth/focus_measure/datasets/New folder/bma pbf tfa/pbs_imgs/FieldPos469_Cam01_RGB_MB/FieldPos469_Cam01_RGB_MB_page_6.png,0.15750455856323242
focus_only_topk@k=5,noise,0.02,0.0,5.0601747035980225,pbs,/home/dineth/focus_measure/datasets/New folder/bma pbf tfa/pbs_imgs/FieldPos469_Cam01_RGB_MB/FieldPos469_Cam01_RGB_MB_page_6.png,5.0601747035980225
focus_only_topk@k=5,brightness,0.05,1.0,0.03086566925048828,pbs,/home/dineth/focus_measure/datasets/New folder/bma pbf tfa/pbs_imgs/FieldPos469_Cam01_RGB_MB/FieldPos469_Cam01_RGB_MB_page_6.png,0.03086566925048828
focus_only_topk@k=5,brightness,-0.05,1.0,0.03057384490966797,pbs,/home/dineth/focus_measure/datasets/New folder/bma pbf tfa/pbs_imgs/FieldPos469_Cam01_RGB_MB/FieldPos469_Cam01_RGB_MB_page_6.png,0.03057384490966797
focus_only_topk@k=5,contrast,0.9,1.0,0.03083634376525879,pbs,/home/dineth/focus_measure/datasets/New folder/bma pbf tfa/pbs_imgs/FieldPos469_Cam01_RGB_MB/FieldPos469_Cam01_RGB_MB_page_6.png,0.03083634376525879
focus_only_topk@k=5,contrast,1.1,0.6666666666666666,0.05886125564575195,pbs,/home/dineth/focus_measure/datasets/New folder/bma pbf tfa/pbs_imgs/FieldPos469_Cam01_RGB_MB/FieldPos469_Cam01_RGB_MB_page_6.png,0.05886125564575195
focus_only_topk@k=7,blur,0.8,0.75,-0.06926846504211426,pbs,/home/dineth/focus_measure/datasets/New folder/bma pbf tfa/pbs_imgs/FieldPos469_Cam01_RGB_MB/FieldPos469_Cam01_RGB_MB_page_6.png,-0.06926846504211426
focus_only_topk@k=7,blur,1.2,0.75,-0.05641031265258789,pbs,/home/dineth/focus_measure/datasets/New folder/bma pbf tfa/pbs_imgs/FieldPos469_Cam01_RGB_MB/FieldPos469_Cam01_RGB_MB_page_6.png,-0.05641031265258789
focus_only_topk@k=7,noise,0.01,1.0,0.11804509162902832,pbs,/home/dineth/focus_measure/datasets/New folder/bma pbf tfa/pbs_imgs/FieldPos469_Cam01_RGB_MB/FieldPos469_Cam01_RGB_MB_page_6.png,0.11804509162902832
focus_only_topk@k=7,noise,0.02,0.07692307692307693,0.02404928207397461,pbs,/home/dineth/focus_measure/datasets/New folder/bma pbf tfa/pbs_imgs/FieldPos469_Cam01_RGB_MB/FieldPos469_Cam01_RGB_MB_page_6.png,0.02404928207397461
focus_only_topk@k=7,brightness,0.05,1.0,0.019376516342163086,pbs,/home/dineth/focus_measure/datasets/New folder/bma pbf tfa/pbs_imgs/FieldPos469_Cam01_RGB_MB/FieldPos469_Cam01_RGB_MB_page_6.png,0.019376516342163086
focus_only_topk@k=7,brightness,-0.05,1.0,0.01933002471923828,pbs,/home/dineth/focus_measure/datasets/New folder/bma pbf tfa/pbs_imgs/FieldPos469_Cam01_RGB_MB/FieldPos469_Cam01_RGB_MB_page_6.png,0.01933002471923828
focus_only_topk@k=7,contrast,0.9,1.0,0.01918172836303711,pbs,/home/dineth/focus_measure/datasets/New folder/bma pbf tfa/pbs_imgs/FieldPos469_Cam01_RGB_MB/FieldPos469_Cam01_RGB_MB_page_6.png,0.01918172836303711
focus_only_topk@k=7,contrast,1.1,0.75,0.033724308013916016,pbs,/home/dineth/focus_measure/datasets/New folder/bma pbf tfa/pbs_imgs/FieldPos469_Cam01_RGB_MB/FieldPos469_Cam01_RGB_MB_page_6.png,0.033724308013916016
occupancy_only_topk@k=1,blur,0.8,1.0,-0.057233333587646484,pbs,/home/dineth/focus_measure/datasets/New folder/bma pbf tfa/pbs_imgs/FieldPos469_Cam01_RGB_MB/FieldPos469_Cam01_RGB_MB_page_6.png,-0.057233333587646484
occupancy_only_topk@k=1,blur,1.2,1.0,-0.08911943435668945,pbs,/home/dineth/focus_measure/datasets/New folder/bma pbf tfa/pbs_imgs/FieldPos469_Cam01_RGB_MB/FieldPos469_Cam01_RGB_MB_page_6.png,-0.08911943435668945
occupancy_only_topk@k=1,noise,0.01,1.0,0.044547319412231445,pbs,/home/dineth/focus_measure/datasets/New folder/bma pbf tfa/pbs_imgs/FieldPos469_Cam01_RGB_MB/FieldPos469_Cam01_RGB_MB_page_6.png,0.044547319412231445
occupancy_only_topk@k=1,noise,0.02,1.0,5.127478361129761,pbs,/home/dineth/focus_measure/datasets/New folder/bma pbf tfa/pbs_imgs/FieldPos469_Cam01_RGB_MB/FieldPos469_Cam01_RGB_MB_page_6.png,5.127478361129761
occupancy_only_topk@k=1,brightness,0.05,1.0,0.03368377685546875,pbs,/home/dineth/focus_measure/datasets/New folder/bma pbf tfa/pbs_imgs/FieldPos469_Cam01_RGB_MB/FieldPos469_Cam01_RGB_MB_page_6.png,0.03368377685546875
occupancy_only_topk@k=1,brightness,-0.05,1.0,0.03368830680847168,pbs,/home/dineth/focus_measure/datasets/New folder/bma pbf tfa/pbs_imgs/FieldPos469_Cam01_RGB_MB/FieldPos469_Cam01_RGB_MB_page_6.png,0.03368830680847168
occupancy_only_topk@k=1,contrast,0.9,1.0,0.03383660316467285,pbs,/home/dineth/focus_measure/datasets/New folder/bma pbf tfa/pbs_imgs/FieldPos469_Cam01_RGB_MB/FieldPos469_Cam01_RGB_MB_page_6.png,0.03383660316467285
occupancy_only_topk@k=1,contrast,1.1,1.0,0.033744096755981445,pbs,/home/dineth/focus_measure/datasets/New folder/bma pbf tfa/pbs_imgs/FieldPos469_Cam01_RGB_MB/FieldPos469_Cam01_RGB_MB_page_6.png,0.033744096755981445
occupancy_only_topk@k=3,blur,0.8,1.0,-0.09353089332580566,pbs,/home/dineth/focus_measure/datasets/New folder/bma pbf tfa/pbs_imgs/FieldPos469_Cam01_RGB_MB/FieldPos469_Cam01_RGB_MB_page_6.png,-0.09353089332580566
occupancy_only_topk@k=3,blur,1.2,1.0,-0.12516045570373535,pbs,/home/dineth/focus_measure/datasets/New folder/bma pbf tfa/pbs_imgs/FieldPos469_Cam01_RGB_MB/FieldPos469_Cam01_RGB_MB_page_6.png,-0.12516045570373535
occupancy_only_topk@k=3,noise,0.01,1.0,0.10571908950805664,pbs,/home/dineth/focus_measure/datasets/New folder/bma pbf tfa/pbs_imgs/FieldPos469_Cam01_RGB_MB/FieldPos469_Cam01_RGB_MB_page_6.png,0.10571908950805664
occupancy_only_topk@k=3,noise,0.02,1.0,-0.03786826133728027,pbs,/home/dineth/focus_measure/datasets/New folder/bma pbf tfa/pbs_imgs/FieldPos469_Cam01_RGB_MB/FieldPos469_Cam01_RGB_MB_page_6.png,-0.03786826133728027
occupancy_only_topk@k=3,brightness,0.05,1.0,0.039037227630615234,pbs,/home/dineth/focus_measure/datasets/New folder/bma pbf tfa/pbs_imgs/FieldPos469_Cam01_RGB_MB/FieldPos469_Cam01_RGB_MB_page_6.png,0.039037227630615234
occupancy_only_topk@k=3,brightness,-0.05,1.0,0.031256914138793945,pbs,/home/dineth/focus_measure/datasets/New folder/bma pbf tfa/pbs_imgs/FieldPos469_Cam01_RGB_MB/FieldPos469_Cam01_RGB_MB_page_6.png,0.031256914138793945
occupancy_only_topk@k=3,contrast,0.9,1.0,0.03914070129394531,pbs,/home/dineth/focus_measure/datasets/New folder/bma pbf tfa/pbs_imgs/FieldPos469_Cam01_RGB_MB/FieldPos469_Cam01_RGB_MB_page_6.png,0.03914070129394531
occupancy_only_topk@k=3,contrast,1.1,1.0,0.03946065902709961,pbs,/home/dineth/focus_measure/datasets/New folder/bma pbf tfa/pbs_imgs/FieldPos469_Cam01_RGB_MB/FieldPos469_Cam01_RGB_MB_page_6.png,0.03946065902709961
occupancy_only_topk@k=5,blur,0.8,1.0,-0.12746596336364746,pbs,/home/dineth/focus_measure/datasets/New folder/bma pbf tfa/pbs_imgs/FieldPos469_Cam01_RGB_MB/FieldPos469_Cam01_RGB_MB_page_6.png,-0.12746596336364746
occupancy_only_topk@k=5,blur,1.2,0.6666666666666666,-0.12520146369934082,pbs,/home/dineth/focus_measure/datasets/New folder/bma pbf tfa/pbs_imgs/FieldPos469_Cam01_RGB_MB/FieldPos469_Cam01_RGB_MB_page_6.png,-0.12520146369934082
occupancy_only_topk@k=5,noise,0.01,1.0,-0.05382704734802246,pbs,/home/dineth/focus_measure/datasets/New folder/bma pbf tfa/pbs_imgs/FieldPos469_Cam01_RGB_MB/FieldPos469_Cam01_RGB_MB_page_6.png,-0.05382704734802246
occupancy_only_topk@k=5,noise,0.02,1.0,0.08497142791748047,pbs,/home/dineth/focus_measure/datasets/New folder/bma pbf tfa/pbs_imgs/FieldPos469_Cam01_RGB_MB/FieldPos469_Cam01_RGB_MB_page_6.png,0.08497142791748047
occupancy_only_topk@k=5,brightness,0.05,0.42857142857142855,0.03914475440979004,pbs,/home/dineth/focus_measure/datasets/New folder/bma pbf tfa/pbs_imgs/FieldPos469_Cam01_RGB_MB/FieldPos469_Cam01_RGB_MB_page_6.png,0.03914475440979004
occupancy_only_topk@k=5,brightness,-0.05,1.0,0.03131365776062012,pbs,/home/dineth/focus_measure/datasets/New folder/bma pbf tfa/pbs_imgs/FieldPos469_Cam01_RGB_MB/FieldPos469_Cam01_RGB_MB_page_6.png,0.03131365776062012
occupancy_only_topk@k=5,contrast,0.9,0.6666666666666666,0.039279937744140625,pbs,/home/dineth/focus_measure/datasets/New folder/bma pbf tfa/pbs_imgs/FieldPos469_Cam01_RGB_MB/FieldPos469_Cam01_RGB_MB_page_6.png,0.039279937744140625
occupancy_only_topk@k=5,contrast,1.1,1.0,0.03952789306640625,pbs,/home/dineth/focus_measure/datasets/New folder/bma pbf tfa/pbs_imgs/FieldPos469_Cam01_RGB_MB/FieldPos469_Cam01_RGB_MB_page_6.png,0.03952789306640625
occupancy_only_topk@k=7,blur,0.8,1.0,-0.12746596336364746,pbs,/home/dineth/focus_measure/datasets/New folder/bma pbf tfa/pbs_imgs/FieldPos469_Cam01_RGB_MB/FieldPos469_Cam01_RGB_MB_page_6.png,-0.12746596336364746
occupancy_only_topk@k=7,blur,1.2,1.0,-0.09250330924987793,pbs,/home/dineth/focus_measure/datasets/New folder/bma pbf tfa/pbs_imgs/FieldPos469_Cam01_RGB_MB/FieldPos469_Cam01_RGB_MB_page_6.png,-0.09250330924987793
occupancy_only_topk@k=7,noise,0.01,0.75,-0.11205506324768066,pbs,/home/dineth/focus_measure/datasets/New folder/bma pbf tfa/pbs_imgs/FieldPos469_Cam01_RGB_MB/FieldPos469_Cam01_RGB_MB_page_6.png,-0.11205506324768066
occupancy_only_topk@k=7,noise,0.02,0.75,0.3216218948364258,pbs,/home/dineth/focus_measure/datasets/New folder/bma pbf tfa/pbs_imgs/FieldPos469_Cam01_RGB_MB/FieldPos469_Cam01_RGB_MB_page_6.png,0.3216218948364258
occupancy_only_topk@k=7,brightness,0.05,0.75,0.03914475440979004,pbs,/home/dineth/focus_measure/datasets/New folder/bma pbf tfa/pbs_imgs/FieldPos469_Cam01_RGB_MB/FieldPos469_Cam01_RGB_MB_page_6.png,0.03914475440979004
occupancy_only_topk@k=7,brightness,-0.05,0.75,-0.002411365509033203,pbs,/home/dineth/focus_measure/datasets/New folder/bma pbf tfa/pbs_imgs/FieldPos469_Cam01_RGB_MB/FieldPos469_Cam01_RGB_MB_page_6.png,-0.002411365509033203
occupancy_only_topk@k=7,contrast,0.9,1.0,0.039279937744140625,pbs,/home/dineth/focus_measure/datasets/New folder/bma pbf tfa/pbs_imgs/FieldPos469_Cam01_RGB_MB/FieldPos469_Cam01_RGB_MB_page_6.png,0.039279937744140625
occupancy_only_topk@k=7,contrast,1.1,0.75,-0.0023686885833740234,pbs,/home/dineth/focus_measure/datasets/New folder/bma pbf tfa/pbs_imgs/FieldPos469_Cam01_RGB_MB/FieldPos469_Cam01_RGB_MB_page_6.png,-0.0023686885833740234
hybrid_proposed,blur,0.8,0.9310344827586207,-0.09432506561279297,pbs,/home/dineth/focus_measure/datasets/New folder/bma pbf tfa/pbs_imgs/FieldPos469_Cam01_RGB_MB/FieldPos469_Cam01_RGB_MB_page_6.png,-0.09432506561279297
hybrid_proposed,blur,1.2,0.9310344827586207,-0.07597136497497559,pbs,/home/dineth/focus_measure/datasets/New folder/bma pbf tfa/pbs_imgs/FieldPos469_Cam01_RGB_MB/FieldPos469_Cam01_RGB_MB_page_6.png,-0.07597136497497559
hybrid_proposed,noise,0.01,0.9649122807017544,-0.2338557243347168,pbs,/home/dineth/focus_measure/datasets/New folder/bma pbf tfa/pbs_imgs/FieldPos469_Cam01_RGB_MB/FieldPos469_Cam01_RGB_MB_page_6.png,-0.2338557243347168
hybrid_proposed,noise,0.02,0.9649122807017544,0.19997954368591309,pbs,/home/dineth/focus_measure/datasets/New folder/bma pbf tfa/pbs_imgs/FieldPos469_Cam01_RGB_MB/FieldPos469_Cam01_RGB_MB_page_6.png,0.19997954368591309
hybrid_proposed,brightness,0.05,0.9310344827586207,-0.0655965805053711,pbs,/home/dineth/focus_measure/datasets/New folder/bma pbf tfa/pbs_imgs/FieldPos469_Cam01_RGB_MB/FieldPos469_Cam01_RGB_MB_page_6.png,-0.0655965805053711
hybrid_proposed,brightness,-0.05,0.8983050847457628,-0.07342767715454102,pbs,/home/dineth/focus_measure/datasets/New folder/bma pbf tfa/pbs_imgs/FieldPos469_Cam01_RGB_MB/FieldPos469_Cam01_RGB_MB_page_6.png,-0.07342767715454102
hybrid_proposed,contrast,0.9,0.9310344827586207,-0.0517115592956543,pbs,/home/dineth/focus_measure/datasets/New folder/bma pbf tfa/pbs_imgs/FieldPos469_Cam01_RGB_MB/FieldPos469_Cam01_RGB_MB_page_6.png,-0.0517115592956543
hybrid_proposed,contrast,1.1,0.9649122807017544,-0.06521344184875488,pbs,/home/dineth/focus_measure/datasets/New folder/bma pbf tfa/pbs_imgs/FieldPos469_Cam01_RGB_MB/FieldPos469_Cam01_RGB_MB_page_6.png,-0.06521344184875488
all_rois,blur,0.8,1.0,-0.13727092742919922,pbs,/home/dineth/focus_measure/datasets/New folder/bma pbf tfa/pbs_imgs/FieldPos469_Cam01_RGB_MB/FieldPos469_Cam01_RGB_MB_page_6.png,-0.13727092742919922
all_rois,blur,1.2,1.0,-0.14654207229614258,pbs,/home/dineth/focus_measure/datasets/New folder/bma pbf tfa/pbs_imgs/FieldPos469_Cam01_RGB_MB/FieldPos469_Cam01_RGB_MB_page_6.png,-0.14654207229614258
all_rois,noise,0.01,1.0,-0.18770432472229004,pbs,/home/dineth/focus_measure/datasets/New folder/bma pbf tfa/pbs_imgs/FieldPos469_Cam01_RGB_MB/FieldPos469_Cam01_RGB_MB_page_6.png,-0.18770432472229004
all_rois,noise,0.02,1.0,-0.10366702079772949,pbs,/home/dineth/focus_measure/datasets/New folder/bma pbf tfa/pbs_imgs/FieldPos469_Cam01_RGB_MB/FieldPos469_Cam01_RGB_MB_page_6.png,-0.10366702079772949
all_rois,brightness,0.05,1.0,-0.049993276596069336,pbs,/home/dineth/focus_measure/datasets/New folder/bma pbf tfa/pbs_imgs/FieldPos469_Cam01_RGB_MB/FieldPos469_Cam01_RGB_MB_page_6.png,-0.049993276596069336
all_rois,brightness,-0.05,1.0,-0.05593752861022949,pbs,/home/dineth/focus_measure/datasets/New folder/bma pbf tfa/pbs_imgs/FieldPos469_Cam01_RGB_MB/FieldPos469_Cam01_RGB_MB_page_6.png,-0.05593752861022949
all_rois,contrast,0.9,1.0,-0.04985809326171875,pbs,/home/dineth/focus_measure/datasets/New folder/bma pbf tfa/pbs_imgs/FieldPos469_Cam01_RGB_MB/FieldPos469_Cam01_RGB_MB_page_6.png,-0.04985809326171875
all_rois,contrast,1.1,1.0,-0.049610137939453125,pbs,/home/dineth/focus_measure/datasets/New folder/bma pbf tfa/pbs_imgs/FieldPos469_Cam01_RGB_MB/FieldPos469_Cam01_RGB_MB_page_6.png,-0.049610137939453125
cnn_adaptive,blur,0.8,0.9310344827586207,-0.09432506561279297,pbs,/home/dineth/focus_measure/datasets/New folder/bma pbf tfa/pbs_imgs/FieldPos469_Cam01_RGB_MB/FieldPos469_Cam01_RGB_MB_page_6.png,-0.09432506561279297
cnn_adaptive,blur,1.2,0.9310344827586207,-0.07597136497497559,pbs,/home/dineth/focus_measure/datasets/New folder/bma pbf tfa/pbs_imgs/FieldPos469_Cam01_RGB_MB/FieldPos469_Cam01_RGB_MB_page_6.png,-0.07597136497497559
cnn_adaptive,noise,0.01,0.9649122807017544,-0.2338557243347168,pbs,/home/dineth/focus_measure/datasets/New folder/bma pbf tfa/pbs_imgs/FieldPos469_Cam01_RGB_MB/FieldPos469_Cam01_RGB_MB_page_6.png,-0.2338557243347168
cnn_adaptive,noise,0.02,0.9649122807017544,0.19997954368591309,pbs,/home/dineth/focus_measure/datasets/New folder/bma pbf tfa/pbs_imgs/FieldPos469_Cam01_RGB_MB/FieldPos469_Cam01_RGB_MB_page_6.png,0.19997954368591309
cnn_adaptive,brightness,0.05,0.9310344827586207,-0.0655965805053711,pbs,/home/dineth/focus_measure/datasets/New folder/bma pbf tfa/pbs_imgs/FieldPos469_Cam01_RGB_MB/FieldPos469_Cam01_RGB_MB_page_6.png,-0.0655965805053711
cnn_adaptive,brightness,-0.05,0.8983050847457628,-0.07342767715454102,pbs,/home/dineth/focus_measure/datasets/New folder/bma pbf tfa/pbs_imgs/FieldPos469_Cam01_RGB_MB/FieldPos469_Cam01_RGB_MB_page_6.png,-0.07342767715454102
cnn_adaptive,contrast,0.9,0.9310344827586207,-0.0517115592956543,pbs,/home/dineth/focus_measure/datasets/New folder/bma pbf tfa/pbs_imgs/FieldPos469_Cam01_RGB_MB/FieldPos469_Cam01_RGB_MB_page_6.png,-0.0517115592956543
cnn_adaptive,contrast,1.1,0.9649122807017544,-0.06521344184875488,pbs,/home/dineth/focus_measure/datasets/New folder/bma pbf tfa/pbs_imgs/FieldPos469_Cam01_RGB_MB/FieldPos469_Cam01_RGB_MB_page_6.png,-0.06521344184875488
